[0m16:49:27.995041 [debug] [MainThread]: Sending event: {'category': 'dbt', 'action': 'invocation', 'label': 'start', 'context': [<snowplow_tracker.self_describing_json.SelfDescribingJson object at 0x7fe5a7da4580>, <snowplow_tracker.self_describing_json.SelfDescribingJson object at 0x7fe5a988d9c0>, <snowplow_tracker.self_describing_json.SelfDescribingJson object at 0x7fe5a988d2d0>]}


============================== 16:49:28.001139 | 7708fcb2-52c2-4353-8677-79bd154b2602 ==============================
[0m16:49:28.001139 [info ] [MainThread]: Running with dbt=1.10.13
[0m16:49:28.002197 [debug] [MainThread]: running dbt with arguments {'cache_selected_only': 'False', 'use_experimental_parser': 'False', 'send_anonymous_usage_stats': 'True', 'profiles_dir': '/Users/macbook/Desktop/Enpal/Take-Home-Assessment/REPO/dbt_enpal_assessment', 'warn_error_options': 'WarnErrorOptionsV2(error=[], warn=[], silence=[])', 'fail_fast': 'False', 'partial_parse': 'True', 'log_path': '/Users/macbook/Desktop/ENPAL/Take-Home-Assessment/REPO/dbt_enpal_assessment/logs', 'static_parser': 'True', 'use_colors': 'True', 'debug': 'False', 'indirect_selection': 'eager', 'printer_width': '80', 'quiet': 'False', 'log_format': 'default', 'target_path': 'None', 'write_json': 'True', 'no_print': 'None', 'version_check': 'True', 'log_cache_events': 'False', 'introspect': 'True', 'warn_error': 'None', 'empty': 'None', 'invocation_command': 'dbt clean'}
[0m16:49:28.286592 [debug] [MainThread]: Sending event: {'category': 'dbt', 'action': 'project_id', 'label': '7708fcb2-52c2-4353-8677-79bd154b2602', 'context': [<snowplow_tracker.self_describing_json.SelfDescribingJson object at 0x7fe5a99c8160>]}
[0m16:49:28.302815 [debug] [MainThread]: Resource report: {"command_name": "clean", "command_success": true, "command_wall_clock_time": 0.4023173, "process_in_blocks": "0", "process_kernel_time": 0.343951, "process_mem_max_rss": "98897920", "process_out_blocks": "0", "process_user_time": 1.925583}
[0m16:49:28.303488 [debug] [MainThread]: Command `dbt clean` succeeded at 16:49:28.303353 after 0.40 seconds
[0m16:49:28.304044 [debug] [MainThread]: Sending event: {'category': 'dbt', 'action': 'invocation', 'label': 'end', 'context': [<snowplow_tracker.self_describing_json.SelfDescribingJson object at 0x7fe5a7da4580>, <snowplow_tracker.self_describing_json.SelfDescribingJson object at 0x7fe5a99cb730>, <snowplow_tracker.self_describing_json.SelfDescribingJson object at 0x7fe5a99c9900>]}
[0m16:49:28.304562 [debug] [MainThread]: Flushing usage events
[0m16:49:28.839543 [debug] [MainThread]: An error was encountered while trying to flush usage events
[0m16:49:31.010274 [debug] [MainThread]: Sending event: {'category': 'dbt', 'action': 'invocation', 'label': 'start', 'context': [<snowplow_tracker.self_describing_json.SelfDescribingJson object at 0x7f7fe05c0460>, <snowplow_tracker.self_describing_json.SelfDescribingJson object at 0x7f7fe20b5210>, <snowplow_tracker.self_describing_json.SelfDescribingJson object at 0x7f7fe20b4b20>]}


============================== 16:49:31.015509 | 53b38cd0-0bbd-4b83-b21a-3ecb42b2f1db ==============================
[0m16:49:31.015509 [info ] [MainThread]: Running with dbt=1.10.13
[0m16:49:31.016351 [debug] [MainThread]: running dbt with arguments {'log_path': '/Users/macbook/Desktop/ENPAL/Take-Home-Assessment/REPO/dbt_enpal_assessment/logs', 'warn_error': 'None', 'indirect_selection': 'eager', 'fail_fast': 'False', 'target_path': 'None', 'write_json': 'True', 'use_experimental_parser': 'False', 'version_check': 'True', 'partial_parse': 'True', 'log_format': 'default', 'send_anonymous_usage_stats': 'True', 'profiles_dir': '/Users/macbook/Desktop/Enpal/Take-Home-Assessment/REPO/dbt_enpal_assessment', 'no_print': 'None', 'static_parser': 'True', 'printer_width': '80', 'introspect': 'True', 'invocation_command': 'dbt deps', 'empty': 'None', 'cache_selected_only': 'False', 'debug': 'False', 'log_cache_events': 'False', 'quiet': 'False', 'warn_error_options': 'WarnErrorOptionsV2(error=[], warn=[], silence=[])', 'use_colors': 'True'}
[0m16:49:31.194384 [debug] [MainThread]: Sending event: {'category': 'dbt', 'action': 'project_id', 'label': '53b38cd0-0bbd-4b83-b21a-3ecb42b2f1db', 'context': [<snowplow_tracker.self_describing_json.SelfDescribingJson object at 0x7f7fdeaebd60>]}
[0m16:49:31.222650 [info ] [MainThread]: Warning: No packages were found in packages.yml
[0m16:49:31.223798 [info ] [MainThread]: Warning: No packages were found in packages.yml
[0m16:49:31.225619 [debug] [MainThread]: Resource report: {"command_name": "deps", "command_success": true, "command_wall_clock_time": 0.3030279, "process_in_blocks": "0", "process_kernel_time": 0.235919, "process_mem_max_rss": "99598336", "process_out_blocks": "0", "process_user_time": 1.8088}
[0m16:49:31.226411 [debug] [MainThread]: Command `dbt deps` succeeded at 16:49:31.226219 after 0.30 seconds
[0m16:49:31.227349 [debug] [MainThread]: Sending event: {'category': 'dbt', 'action': 'invocation', 'label': 'end', 'context': [<snowplow_tracker.self_describing_json.SelfDescribingJson object at 0x7f7fe05c0460>, <snowplow_tracker.self_describing_json.SelfDescribingJson object at 0x7f7fe20aaa70>, <snowplow_tracker.self_describing_json.SelfDescribingJson object at 0x7f7fe22c0ca0>]}
[0m16:49:31.228036 [debug] [MainThread]: Flushing usage events
[0m16:49:31.708864 [debug] [MainThread]: An error was encountered while trying to flush usage events
[0m16:49:33.893129 [debug] [MainThread]: Sending event: {'category': 'dbt', 'action': 'invocation', 'label': 'start', 'context': [<snowplow_tracker.self_describing_json.SelfDescribingJson object at 0x7f90355cc550>, <snowplow_tracker.self_describing_json.SelfDescribingJson object at 0x7f90367b9240>, <snowplow_tracker.self_describing_json.SelfDescribingJson object at 0x7f90367b8b50>]}


============================== 16:49:33.898062 | 91aedcec-a5b9-45fb-98e7-0b8775df8ee7 ==============================
[0m16:49:33.898062 [info ] [MainThread]: Running with dbt=1.10.13
[0m16:49:33.898984 [debug] [MainThread]: running dbt with arguments {'quiet': 'False', 'log_format': 'default', 'static_parser': 'True', 'version_check': 'True', 'indirect_selection': 'eager', 'invocation_command': 'dbt run --select staging --full-refresh', 'send_anonymous_usage_stats': 'True', 'use_colors': 'True', 'log_path': '/Users/macbook/Desktop/ENPAL/Take-Home-Assessment/REPO/dbt_enpal_assessment/logs', 'introspect': 'True', 'use_experimental_parser': 'False', 'no_print': 'None', 'empty': 'False', 'debug': 'False', 'partial_parse': 'True', 'write_json': 'True', 'warn_error_options': 'WarnErrorOptionsV2(error=[], warn=[], silence=[])', 'fail_fast': 'False', 'warn_error': 'None', 'printer_width': '80', 'cache_selected_only': 'False', 'log_cache_events': 'False', 'profiles_dir': '/Users/macbook/Desktop/Enpal/Take-Home-Assessment/REPO/dbt_enpal_assessment', 'target_path': 'None'}
[0m16:49:34.150681 [debug] [MainThread]: Sending event: {'category': 'dbt', 'action': 'project_id', 'label': '91aedcec-a5b9-45fb-98e7-0b8775df8ee7', 'context': [<snowplow_tracker.self_describing_json.SelfDescribingJson object at 0x7f9035694490>]}
[0m16:49:34.238215 [debug] [MainThread]: Sending event: {'category': 'dbt', 'action': 'adapter_info', 'label': '91aedcec-a5b9-45fb-98e7-0b8775df8ee7', 'context': [<snowplow_tracker.self_describing_json.SelfDescribingJson object at 0x7f90370882b0>]}
[0m16:49:34.239388 [info ] [MainThread]: Registered adapter: postgres=1.9.1
[0m16:49:34.426544 [debug] [MainThread]: checksum: 9f0c81e2574b4ff463f3d16d080df83c6982fc0372c9feeacae0504ac9ea3ffe, vars: {}, profile: , target: , version: 1.10.13
[0m16:49:34.427602 [info ] [MainThread]: Unable to do partial parsing because saved manifest not found. Starting full parse.
[0m16:49:34.428134 [debug] [MainThread]: Sending event: {'category': 'dbt', 'action': 'partial_parser', 'label': '91aedcec-a5b9-45fb-98e7-0b8775df8ee7', 'context': [<snowplow_tracker.self_describing_json.SelfDescribingJson object at 0x7f903724dd80>]}
[0m16:49:36.192323 [debug] [MainThread]: Sending event: {'category': 'dbt', 'action': 'load_project', 'label': '91aedcec-a5b9-45fb-98e7-0b8775df8ee7', 'context': [<snowplow_tracker.self_describing_json.SelfDescribingJson object at 0x7f903847cd30>]}
[0m16:49:36.387814 [debug] [MainThread]: Wrote artifact WritableManifest to /Users/macbook/Desktop/ENPAL/Take-Home-Assessment/REPO/dbt_enpal_assessment/target/manifest.json
[0m16:49:36.390058 [debug] [MainThread]: Wrote artifact SemanticManifest to /Users/macbook/Desktop/ENPAL/Take-Home-Assessment/REPO/dbt_enpal_assessment/target/semantic_manifest.json
[0m16:49:36.407373 [debug] [MainThread]: Sending event: {'category': 'dbt', 'action': 'resource_counts', 'label': '91aedcec-a5b9-45fb-98e7-0b8775df8ee7', 'context': [<snowplow_tracker.self_describing_json.SelfDescribingJson object at 0x7f90384ca680>]}
[0m16:49:36.408069 [info ] [MainThread]: Found 6 models, 19 data tests, 6 sources, 447 macros
[0m16:49:36.408668 [debug] [MainThread]: Sending event: {'category': 'dbt', 'action': 'runnable_timing', 'label': '91aedcec-a5b9-45fb-98e7-0b8775df8ee7', 'context': [<snowplow_tracker.self_describing_json.SelfDescribingJson object at 0x7f90384ca650>]}
[0m16:49:36.410993 [info ] [MainThread]: 
[0m16:49:36.411557 [info ] [MainThread]: Concurrency: 1 threads (target='dev')
[0m16:49:36.411996 [info ] [MainThread]: 
[0m16:49:36.412626 [debug] [MainThread]: Acquiring new postgres connection 'master'
[0m16:49:36.419195 [debug] [ThreadPool]: Acquiring new postgres connection 'list_postgres'
[0m16:49:36.485844 [debug] [ThreadPool]: Using postgres connection "list_postgres"
[0m16:49:36.486405 [debug] [ThreadPool]: On list_postgres: /* {"app": "dbt", "dbt_version": "1.10.13", "profile_name": "enpal_assessment_project", "target_name": "dev", "connection_name": "list_postgres"} */

    select distinct nspname from pg_namespace
  
[0m16:49:36.486805 [debug] [ThreadPool]: Opening a new connection, currently in state init
[0m16:49:36.528483 [debug] [ThreadPool]: SQL status: SELECT 5 in 0.042 seconds
[0m16:49:36.530233 [debug] [ThreadPool]: On list_postgres: Close
[0m16:49:36.532270 [debug] [ThreadPool]: Re-using an available connection from the pool (formerly list_postgres, now list_postgres_public_pipedrive_analytics)
[0m16:49:36.540347 [debug] [ThreadPool]: Using postgres connection "list_postgres_public_pipedrive_analytics"
[0m16:49:36.540916 [debug] [ThreadPool]: On list_postgres_public_pipedrive_analytics: BEGIN
[0m16:49:36.541306 [debug] [ThreadPool]: Opening a new connection, currently in state closed
[0m16:49:36.559385 [debug] [ThreadPool]: SQL status: BEGIN in 0.018 seconds
[0m16:49:36.560494 [debug] [ThreadPool]: Using postgres connection "list_postgres_public_pipedrive_analytics"
[0m16:49:36.561672 [debug] [ThreadPool]: On list_postgres_public_pipedrive_analytics: /* {"app": "dbt", "dbt_version": "1.10.13", "profile_name": "enpal_assessment_project", "target_name": "dev", "connection_name": "list_postgres_public_pipedrive_analytics"} */
select
      'postgres' as database,
      tablename as name,
      schemaname as schema,
      'table' as type
    from pg_tables
    where schemaname ilike 'public_pipedrive_analytics'
    union all
    select
      'postgres' as database,
      viewname as name,
      schemaname as schema,
      'view' as type
    from pg_views
    where schemaname ilike 'public_pipedrive_analytics'
    union all
    select
      'postgres' as database,
      matviewname as name,
      schemaname as schema,
      'materialized_view' as type
    from pg_matviews
    where schemaname ilike 'public_pipedrive_analytics'
  
[0m16:49:36.565601 [debug] [ThreadPool]: SQL status: SELECT 4 in 0.003 seconds
[0m16:49:36.567314 [debug] [ThreadPool]: On list_postgres_public_pipedrive_analytics: ROLLBACK
[0m16:49:36.568705 [debug] [ThreadPool]: On list_postgres_public_pipedrive_analytics: Close
[0m16:49:36.575554 [debug] [MainThread]: Using postgres connection "master"
[0m16:49:36.576158 [debug] [MainThread]: On master: BEGIN
[0m16:49:36.576555 [debug] [MainThread]: Opening a new connection, currently in state init
[0m16:49:36.592461 [debug] [MainThread]: SQL status: BEGIN in 0.016 seconds
[0m16:49:36.593461 [debug] [MainThread]: Using postgres connection "master"
[0m16:49:36.594575 [debug] [MainThread]: On master: /* {"app": "dbt", "dbt_version": "1.10.13", "profile_name": "enpal_assessment_project", "target_name": "dev", "connection_name": "master"} */
select distinct
        dependent_namespace.nspname as dependent_schema,
        dependent_class.relname as dependent_name,
        referenced_namespace.nspname as referenced_schema,
        referenced_class.relname as referenced_name

    -- Query for views: views are entries in pg_class with an entry in pg_rewrite, but we avoid
    -- a seq scan on pg_rewrite by leveraging the fact there is an "internal" row in pg_depend for
    -- the view...
    from pg_class as dependent_class
    join pg_namespace as dependent_namespace on dependent_namespace.oid = dependent_class.relnamespace
    join pg_depend as dependent_depend on dependent_depend.refobjid = dependent_class.oid
        and dependent_depend.classid = 'pg_rewrite'::regclass
        and dependent_depend.refclassid = 'pg_class'::regclass
        and dependent_depend.deptype = 'i'

    -- ... and via pg_depend (that has a row per column, hence the need for "distinct" above, and
    -- making sure to exclude the internal row to avoid a view appearing to depend on itself)...
    join pg_depend as joining_depend on joining_depend.objid = dependent_depend.objid
        and joining_depend.classid = 'pg_rewrite'::regclass
        and joining_depend.refclassid = 'pg_class'::regclass
        and joining_depend.refobjid != dependent_depend.refobjid

    -- ... we can find the tables they query from in pg_class, but excluding system tables. Note we
    -- don't need need to exclude _dependent_ system tables, because they only query from other
    -- system tables, and so are automatically excluded by excluding _referenced_ system tables
    join pg_class as referenced_class on referenced_class.oid = joining_depend.refobjid
    join pg_namespace as referenced_namespace on referenced_namespace.oid = referenced_class.relnamespace
        and referenced_namespace.nspname != 'information_schema'
        and referenced_namespace.nspname not like 'pg\_%'

    order by
        dependent_schema, dependent_name, referenced_schema, referenced_name;
[0m16:49:36.600010 [debug] [MainThread]: SQL status: SELECT 3 in 0.005 seconds
[0m16:49:36.601607 [debug] [MainThread]: Sending event: {'category': 'dbt', 'action': 'runnable_timing', 'label': '91aedcec-a5b9-45fb-98e7-0b8775df8ee7', 'context': [<snowplow_tracker.self_describing_json.SelfDescribingJson object at 0x7f903847d270>]}
[0m16:49:36.602433 [debug] [MainThread]: On master: ROLLBACK
[0m16:49:36.603854 [debug] [MainThread]: Using postgres connection "master"
[0m16:49:36.604437 [debug] [MainThread]: On master: BEGIN
[0m16:49:36.606850 [debug] [MainThread]: SQL status: BEGIN in 0.002 seconds
[0m16:49:36.607839 [debug] [MainThread]: On master: COMMIT
[0m16:49:36.608775 [debug] [MainThread]: Using postgres connection "master"
[0m16:49:36.609195 [debug] [MainThread]: On master: COMMIT
[0m16:49:36.610401 [debug] [MainThread]: SQL status: COMMIT in 0.001 seconds
[0m16:49:36.610935 [debug] [MainThread]: On master: Close
[0m16:49:36.614253 [debug] [Thread-1 (]: Began running node model.enpal_assessment_project.stg_activity
[0m16:49:36.615365 [info ] [Thread-1 (]: 1 of 6 START sql view model public_pipedrive_analytics.stg_activity ............ [RUN]
[0m16:49:36.616142 [debug] [Thread-1 (]: Re-using an available connection from the pool (formerly list_postgres_public_pipedrive_analytics, now model.enpal_assessment_project.stg_activity)
[0m16:49:36.616682 [debug] [Thread-1 (]: Began compiling node model.enpal_assessment_project.stg_activity
[0m16:49:36.626612 [debug] [Thread-1 (]: Writing injected SQL for node "model.enpal_assessment_project.stg_activity"
[0m16:49:36.627893 [debug] [Thread-1 (]: Began executing node model.enpal_assessment_project.stg_activity
[0m16:49:36.673179 [debug] [Thread-1 (]: Writing runtime sql for node "model.enpal_assessment_project.stg_activity"
[0m16:49:36.674559 [debug] [Thread-1 (]: Using postgres connection "model.enpal_assessment_project.stg_activity"
[0m16:49:36.675060 [debug] [Thread-1 (]: On model.enpal_assessment_project.stg_activity: BEGIN
[0m16:49:36.675525 [debug] [Thread-1 (]: Opening a new connection, currently in state closed
[0m16:49:36.693855 [debug] [Thread-1 (]: SQL status: BEGIN in 0.018 seconds
[0m16:49:36.695593 [debug] [Thread-1 (]: Using postgres connection "model.enpal_assessment_project.stg_activity"
[0m16:49:36.696483 [debug] [Thread-1 (]: On model.enpal_assessment_project.stg_activity: /* {"app": "dbt", "dbt_version": "1.10.13", "profile_name": "enpal_assessment_project", "target_name": "dev", "node_id": "model.enpal_assessment_project.stg_activity"} */

  create view "postgres"."public_pipedrive_analytics"."stg_activity__dbt_tmp"
    
    
  as (
    

select
  activity_id::bigint       as activity_id,
  deal_id::bigint           as deal_id,
  type                      as activity_type_key,
  subject,
  done::boolean             as done_flag,
  due_date::timestamptz     as due_ts,
  add_time::timestamptz     as add_ts
from "postgres"."public"."activity"
  );
[0m16:49:36.698870 [debug] [Thread-1 (]: Postgres adapter: Postgres error: column "subject" does not exist
LINE 13:   subject,
           ^

[0m16:49:36.701111 [debug] [Thread-1 (]: On model.enpal_assessment_project.stg_activity: ROLLBACK
[0m16:49:36.703208 [debug] [Thread-1 (]: On model.enpal_assessment_project.stg_activity: Close
[0m16:49:36.709144 [debug] [Thread-1 (]: Database Error in model stg_activity (models/staging/stg_activity.sql)
  column "subject" does not exist
  LINE 13:   subject,
             ^
  compiled code at target/run/enpal_assessment_project/models/staging/stg_activity.sql
[0m16:49:36.711518 [debug] [Thread-1 (]: Sending event: {'category': 'dbt', 'action': 'run_model', 'label': '91aedcec-a5b9-45fb-98e7-0b8775df8ee7', 'context': [<snowplow_tracker.self_describing_json.SelfDescribingJson object at 0x7f9038107520>]}
[0m16:49:36.712454 [error] [Thread-1 (]: 1 of 6 ERROR creating sql view model public_pipedrive_analytics.stg_activity ... [[31mERROR[0m in 0.09s]
[0m16:49:36.713527 [debug] [Thread-1 (]: Finished running node model.enpal_assessment_project.stg_activity
[0m16:49:36.714541 [debug] [Thread-1 (]: Began running node model.enpal_assessment_project.stg_activity_types
[0m16:49:36.715213 [info ] [Thread-1 (]: 2 of 6 START sql view model public_pipedrive_analytics.stg_activity_types ...... [RUN]
[0m16:49:36.715953 [debug] [Thread-4 (]: Marking all children of 'model.enpal_assessment_project.stg_activity' to be skipped because of status 'error'.  Reason: Database Error in model stg_activity (models/staging/stg_activity.sql)
  column "subject" does not exist
  LINE 13:   subject,
             ^
  compiled code at target/run/enpal_assessment_project/models/staging/stg_activity.sql.
[0m16:49:36.716529 [debug] [Thread-1 (]: Re-using an available connection from the pool (formerly model.enpal_assessment_project.stg_activity, now model.enpal_assessment_project.stg_activity_types)
[0m16:49:36.717725 [debug] [Thread-1 (]: Began compiling node model.enpal_assessment_project.stg_activity_types
[0m16:49:36.721803 [debug] [Thread-1 (]: Writing injected SQL for node "model.enpal_assessment_project.stg_activity_types"
[0m16:49:36.722690 [debug] [Thread-1 (]: Began executing node model.enpal_assessment_project.stg_activity_types
[0m16:49:36.727138 [debug] [Thread-1 (]: Writing runtime sql for node "model.enpal_assessment_project.stg_activity_types"
[0m16:49:36.728215 [debug] [Thread-1 (]: Using postgres connection "model.enpal_assessment_project.stg_activity_types"
[0m16:49:36.728935 [debug] [Thread-1 (]: On model.enpal_assessment_project.stg_activity_types: BEGIN
[0m16:49:36.729485 [debug] [Thread-1 (]: Opening a new connection, currently in state closed
[0m16:49:36.747612 [debug] [Thread-1 (]: SQL status: BEGIN in 0.018 seconds
[0m16:49:36.753491 [debug] [Thread-1 (]: Using postgres connection "model.enpal_assessment_project.stg_activity_types"
[0m16:49:36.754551 [debug] [Thread-1 (]: On model.enpal_assessment_project.stg_activity_types: /* {"app": "dbt", "dbt_version": "1.10.13", "profile_name": "enpal_assessment_project", "target_name": "dev", "node_id": "model.enpal_assessment_project.stg_activity_types"} */

  create view "postgres"."public_pipedrive_analytics"."stg_activity_types__dbt_tmp"
    
    
  as (
    

select
  id::bigint       as activity_type_id,
  name             as activity_type_name,
  type             as activity_type_key,
  active::boolean  as active_flag
from "postgres"."public"."activity_types"
  );
[0m16:49:36.756998 [debug] [Thread-1 (]: SQL status: CREATE VIEW in 0.002 seconds
[0m16:49:36.765169 [debug] [Thread-1 (]: Using postgres connection "model.enpal_assessment_project.stg_activity_types"
[0m16:49:36.766242 [debug] [Thread-1 (]: On model.enpal_assessment_project.stg_activity_types: /* {"app": "dbt", "dbt_version": "1.10.13", "profile_name": "enpal_assessment_project", "target_name": "dev", "node_id": "model.enpal_assessment_project.stg_activity_types"} */
alter table "postgres"."public_pipedrive_analytics"."stg_activity_types" rename to "stg_activity_types__dbt_backup"
[0m16:49:36.767776 [debug] [Thread-1 (]: SQL status: ALTER TABLE in 0.001 seconds
[0m16:49:36.773442 [debug] [Thread-1 (]: Using postgres connection "model.enpal_assessment_project.stg_activity_types"
[0m16:49:36.775947 [debug] [Thread-1 (]: On model.enpal_assessment_project.stg_activity_types: /* {"app": "dbt", "dbt_version": "1.10.13", "profile_name": "enpal_assessment_project", "target_name": "dev", "node_id": "model.enpal_assessment_project.stg_activity_types"} */
alter table "postgres"."public_pipedrive_analytics"."stg_activity_types__dbt_tmp" rename to "stg_activity_types"
[0m16:49:36.778049 [debug] [Thread-1 (]: SQL status: ALTER TABLE in 0.001 seconds
[0m16:49:36.816582 [debug] [Thread-1 (]: On model.enpal_assessment_project.stg_activity_types: COMMIT
[0m16:49:36.817348 [debug] [Thread-1 (]: Using postgres connection "model.enpal_assessment_project.stg_activity_types"
[0m16:49:36.817832 [debug] [Thread-1 (]: On model.enpal_assessment_project.stg_activity_types: COMMIT
[0m16:49:36.821662 [debug] [Thread-1 (]: SQL status: COMMIT in 0.003 seconds
[0m16:49:36.831132 [debug] [Thread-1 (]: Applying DROP to: "postgres"."public_pipedrive_analytics"."stg_activity_types__dbt_backup"
[0m16:49:36.836672 [debug] [Thread-1 (]: Using postgres connection "model.enpal_assessment_project.stg_activity_types"
[0m16:49:36.837675 [debug] [Thread-1 (]: On model.enpal_assessment_project.stg_activity_types: /* {"app": "dbt", "dbt_version": "1.10.13", "profile_name": "enpal_assessment_project", "target_name": "dev", "node_id": "model.enpal_assessment_project.stg_activity_types"} */
drop view if exists "postgres"."public_pipedrive_analytics"."stg_activity_types__dbt_backup" cascade
[0m16:49:36.840705 [debug] [Thread-1 (]: SQL status: DROP VIEW in 0.002 seconds
[0m16:49:36.843724 [debug] [Thread-1 (]: On model.enpal_assessment_project.stg_activity_types: Close
[0m16:49:36.844607 [debug] [Thread-1 (]: Sending event: {'category': 'dbt', 'action': 'run_model', 'label': '91aedcec-a5b9-45fb-98e7-0b8775df8ee7', 'context': [<snowplow_tracker.self_describing_json.SelfDescribingJson object at 0x7f90352f6080>]}
[0m16:49:36.845771 [info ] [Thread-1 (]: 2 of 6 OK created sql view model public_pipedrive_analytics.stg_activity_types . [[32mCREATE VIEW[0m in 0.13s]
[0m16:49:36.847743 [debug] [Thread-1 (]: Finished running node model.enpal_assessment_project.stg_activity_types
[0m16:49:36.848642 [debug] [Thread-1 (]: Began running node model.enpal_assessment_project.stg_deal_changes
[0m16:49:36.849416 [info ] [Thread-1 (]: 3 of 6 START sql view model public_pipedrive_analytics.stg_deal_changes ........ [RUN]
[0m16:49:36.850131 [debug] [Thread-1 (]: Re-using an available connection from the pool (formerly model.enpal_assessment_project.stg_activity_types, now model.enpal_assessment_project.stg_deal_changes)
[0m16:49:36.850631 [debug] [Thread-1 (]: Began compiling node model.enpal_assessment_project.stg_deal_changes
[0m16:49:36.855049 [debug] [Thread-1 (]: Writing injected SQL for node "model.enpal_assessment_project.stg_deal_changes"
[0m16:49:36.856002 [debug] [Thread-1 (]: Began executing node model.enpal_assessment_project.stg_deal_changes
[0m16:49:36.860549 [debug] [Thread-1 (]: Writing runtime sql for node "model.enpal_assessment_project.stg_deal_changes"
[0m16:49:36.861427 [debug] [Thread-1 (]: Using postgres connection "model.enpal_assessment_project.stg_deal_changes"
[0m16:49:36.861906 [debug] [Thread-1 (]: On model.enpal_assessment_project.stg_deal_changes: BEGIN
[0m16:49:36.862480 [debug] [Thread-1 (]: Opening a new connection, currently in state closed
[0m16:49:36.923665 [debug] [Thread-1 (]: SQL status: BEGIN in 0.061 seconds
[0m16:49:36.925031 [debug] [Thread-1 (]: Using postgres connection "model.enpal_assessment_project.stg_deal_changes"
[0m16:49:36.925991 [debug] [Thread-1 (]: On model.enpal_assessment_project.stg_deal_changes: /* {"app": "dbt", "dbt_version": "1.10.13", "profile_name": "enpal_assessment_project", "target_name": "dev", "node_id": "model.enpal_assessment_project.stg_deal_changes"} */

  create view "postgres"."public_pipedrive_analytics"."stg_deal_changes__dbt_tmp"
    
    
  as (
    

select
  deal_id::bigint,
  change_time::timestamptz as change_ts,
  changed_field_key,
  new_value,
  case
    when changed_field_key = 'stage_id' and new_value ~ '^[0-9]+$'
      then new_value::int
  end as new_stage_id
from "postgres"."public"."deal_changes"
  );
[0m16:49:36.929466 [debug] [Thread-1 (]: SQL status: CREATE VIEW in 0.003 seconds
[0m16:49:36.936222 [debug] [Thread-1 (]: Using postgres connection "model.enpal_assessment_project.stg_deal_changes"
[0m16:49:36.937132 [debug] [Thread-1 (]: On model.enpal_assessment_project.stg_deal_changes: /* {"app": "dbt", "dbt_version": "1.10.13", "profile_name": "enpal_assessment_project", "target_name": "dev", "node_id": "model.enpal_assessment_project.stg_deal_changes"} */
alter table "postgres"."public_pipedrive_analytics"."stg_deal_changes" rename to "stg_deal_changes__dbt_backup"
[0m16:49:36.939548 [debug] [Thread-1 (]: SQL status: ALTER TABLE in 0.002 seconds
[0m16:49:36.943289 [debug] [Thread-1 (]: Using postgres connection "model.enpal_assessment_project.stg_deal_changes"
[0m16:49:36.943814 [debug] [Thread-1 (]: On model.enpal_assessment_project.stg_deal_changes: /* {"app": "dbt", "dbt_version": "1.10.13", "profile_name": "enpal_assessment_project", "target_name": "dev", "node_id": "model.enpal_assessment_project.stg_deal_changes"} */
alter table "postgres"."public_pipedrive_analytics"."stg_deal_changes__dbt_tmp" rename to "stg_deal_changes"
[0m16:49:36.945214 [debug] [Thread-1 (]: SQL status: ALTER TABLE in 0.001 seconds
[0m16:49:36.947982 [debug] [Thread-1 (]: On model.enpal_assessment_project.stg_deal_changes: COMMIT
[0m16:49:36.948571 [debug] [Thread-1 (]: Using postgres connection "model.enpal_assessment_project.stg_deal_changes"
[0m16:49:36.949054 [debug] [Thread-1 (]: On model.enpal_assessment_project.stg_deal_changes: COMMIT
[0m16:49:36.951895 [debug] [Thread-1 (]: SQL status: COMMIT in 0.002 seconds
[0m16:49:36.956392 [debug] [Thread-1 (]: Applying DROP to: "postgres"."public_pipedrive_analytics"."stg_deal_changes__dbt_backup"
[0m16:49:36.957819 [debug] [Thread-1 (]: Using postgres connection "model.enpal_assessment_project.stg_deal_changes"
[0m16:49:36.958615 [debug] [Thread-1 (]: On model.enpal_assessment_project.stg_deal_changes: /* {"app": "dbt", "dbt_version": "1.10.13", "profile_name": "enpal_assessment_project", "target_name": "dev", "node_id": "model.enpal_assessment_project.stg_deal_changes"} */
drop view if exists "postgres"."public_pipedrive_analytics"."stg_deal_changes__dbt_backup" cascade
[0m16:49:36.961647 [debug] [Thread-1 (]: SQL status: DROP VIEW in 0.002 seconds
[0m16:49:36.963939 [debug] [Thread-1 (]: On model.enpal_assessment_project.stg_deal_changes: Close
[0m16:49:36.965408 [debug] [Thread-1 (]: Sending event: {'category': 'dbt', 'action': 'run_model', 'label': '91aedcec-a5b9-45fb-98e7-0b8775df8ee7', 'context': [<snowplow_tracker.self_describing_json.SelfDescribingJson object at 0x7f9037726440>]}
[0m16:49:36.966670 [info ] [Thread-1 (]: 3 of 6 OK created sql view model public_pipedrive_analytics.stg_deal_changes ... [[32mCREATE VIEW[0m in 0.11s]
[0m16:49:36.968077 [debug] [Thread-1 (]: Finished running node model.enpal_assessment_project.stg_deal_changes
[0m16:49:36.968716 [debug] [Thread-1 (]: Began running node model.enpal_assessment_project.stg_fields
[0m16:49:36.969409 [info ] [Thread-1 (]: 4 of 6 START sql view model public_pipedrive_analytics.stg_fields .............. [RUN]
[0m16:49:36.970079 [debug] [Thread-1 (]: Re-using an available connection from the pool (formerly model.enpal_assessment_project.stg_deal_changes, now model.enpal_assessment_project.stg_fields)
[0m16:49:36.970593 [debug] [Thread-1 (]: Began compiling node model.enpal_assessment_project.stg_fields
[0m16:49:36.975907 [debug] [Thread-1 (]: Writing injected SQL for node "model.enpal_assessment_project.stg_fields"
[0m16:49:36.976793 [debug] [Thread-1 (]: Began executing node model.enpal_assessment_project.stg_fields
[0m16:49:36.981903 [debug] [Thread-1 (]: Writing runtime sql for node "model.enpal_assessment_project.stg_fields"
[0m16:49:36.982855 [debug] [Thread-1 (]: Using postgres connection "model.enpal_assessment_project.stg_fields"
[0m16:49:36.983342 [debug] [Thread-1 (]: On model.enpal_assessment_project.stg_fields: BEGIN
[0m16:49:36.983786 [debug] [Thread-1 (]: Opening a new connection, currently in state closed
[0m16:49:37.007544 [debug] [Thread-1 (]: SQL status: BEGIN in 0.023 seconds
[0m16:49:37.008804 [debug] [Thread-1 (]: Using postgres connection "model.enpal_assessment_project.stg_fields"
[0m16:49:37.009759 [debug] [Thread-1 (]: On model.enpal_assessment_project.stg_fields: /* {"app": "dbt", "dbt_version": "1.10.13", "profile_name": "enpal_assessment_project", "target_name": "dev", "node_id": "model.enpal_assessment_project.stg_fields"} */

  create view "postgres"."public_pipedrive_analytics"."stg_fields__dbt_tmp"
    
    
  as (
    

select
  field_key,
  field_name,
  field_type,
  edit_flag::boolean as editable_flag
from "postgres"."public"."fields"
  );
[0m16:49:37.012348 [debug] [Thread-1 (]: Postgres adapter: Postgres error: column "field_name" does not exist
LINE 11:   field_name,
           ^

[0m16:49:37.013481 [debug] [Thread-1 (]: On model.enpal_assessment_project.stg_fields: ROLLBACK
[0m16:49:37.018768 [debug] [Thread-1 (]: On model.enpal_assessment_project.stg_fields: Close
[0m16:49:37.021496 [debug] [Thread-1 (]: Database Error in model stg_fields (models/staging/stg_fields.sql)
  column "field_name" does not exist
  LINE 11:   field_name,
             ^
  compiled code at target/run/enpal_assessment_project/models/staging/stg_fields.sql
[0m16:49:37.022639 [debug] [Thread-1 (]: Sending event: {'category': 'dbt', 'action': 'run_model', 'label': '91aedcec-a5b9-45fb-98e7-0b8775df8ee7', 'context': [<snowplow_tracker.self_describing_json.SelfDescribingJson object at 0x7f90352f6080>]}
[0m16:49:37.024099 [error] [Thread-1 (]: 4 of 6 ERROR creating sql view model public_pipedrive_analytics.stg_fields ..... [[31mERROR[0m in 0.05s]
[0m16:49:37.025520 [debug] [Thread-1 (]: Finished running node model.enpal_assessment_project.stg_fields
[0m16:49:37.026402 [debug] [Thread-1 (]: Began running node model.enpal_assessment_project.stg_stages
[0m16:49:37.027300 [debug] [Thread-4 (]: Marking all children of 'model.enpal_assessment_project.stg_fields' to be skipped because of status 'error'.  Reason: Database Error in model stg_fields (models/staging/stg_fields.sql)
  column "field_name" does not exist
  LINE 11:   field_name,
             ^
  compiled code at target/run/enpal_assessment_project/models/staging/stg_fields.sql.
[0m16:49:37.028307 [info ] [Thread-1 (]: 5 of 6 START sql view model public_pipedrive_analytics.stg_stages .............. [RUN]
[0m16:49:37.029692 [debug] [Thread-1 (]: Re-using an available connection from the pool (formerly model.enpal_assessment_project.stg_fields, now model.enpal_assessment_project.stg_stages)
[0m16:49:37.030622 [debug] [Thread-1 (]: Began compiling node model.enpal_assessment_project.stg_stages
[0m16:49:37.037471 [debug] [Thread-1 (]: Writing injected SQL for node "model.enpal_assessment_project.stg_stages"
[0m16:49:37.038536 [debug] [Thread-1 (]: Began executing node model.enpal_assessment_project.stg_stages
[0m16:49:37.043437 [debug] [Thread-1 (]: Writing runtime sql for node "model.enpal_assessment_project.stg_stages"
[0m16:49:37.044510 [debug] [Thread-1 (]: Using postgres connection "model.enpal_assessment_project.stg_stages"
[0m16:49:37.045685 [debug] [Thread-1 (]: On model.enpal_assessment_project.stg_stages: BEGIN
[0m16:49:37.046519 [debug] [Thread-1 (]: Opening a new connection, currently in state closed
[0m16:49:37.067963 [debug] [Thread-1 (]: SQL status: BEGIN in 0.021 seconds
[0m16:49:37.069624 [debug] [Thread-1 (]: Using postgres connection "model.enpal_assessment_project.stg_stages"
[0m16:49:37.070871 [debug] [Thread-1 (]: On model.enpal_assessment_project.stg_stages: /* {"app": "dbt", "dbt_version": "1.10.13", "profile_name": "enpal_assessment_project", "target_name": "dev", "node_id": "model.enpal_assessment_project.stg_stages"} */

  create view "postgres"."public_pipedrive_analytics"."stg_stages__dbt_tmp"
    
    
  as (
    

select
  stage_id::int,
  stage_name
from "postgres"."public"."stages"
  );
[0m16:49:37.073355 [debug] [Thread-1 (]: SQL status: CREATE VIEW in 0.002 seconds
[0m16:49:37.077565 [debug] [Thread-1 (]: Using postgres connection "model.enpal_assessment_project.stg_stages"
[0m16:49:37.078121 [debug] [Thread-1 (]: On model.enpal_assessment_project.stg_stages: /* {"app": "dbt", "dbt_version": "1.10.13", "profile_name": "enpal_assessment_project", "target_name": "dev", "node_id": "model.enpal_assessment_project.stg_stages"} */
alter table "postgres"."public_pipedrive_analytics"."stg_stages" rename to "stg_stages__dbt_backup"
[0m16:49:37.079709 [debug] [Thread-1 (]: SQL status: ALTER TABLE in 0.001 seconds
[0m16:49:37.084870 [debug] [Thread-1 (]: Using postgres connection "model.enpal_assessment_project.stg_stages"
[0m16:49:37.085447 [debug] [Thread-1 (]: On model.enpal_assessment_project.stg_stages: /* {"app": "dbt", "dbt_version": "1.10.13", "profile_name": "enpal_assessment_project", "target_name": "dev", "node_id": "model.enpal_assessment_project.stg_stages"} */
alter table "postgres"."public_pipedrive_analytics"."stg_stages__dbt_tmp" rename to "stg_stages"
[0m16:49:37.087130 [debug] [Thread-1 (]: SQL status: ALTER TABLE in 0.001 seconds
[0m16:49:37.089188 [debug] [Thread-1 (]: On model.enpal_assessment_project.stg_stages: COMMIT
[0m16:49:37.089745 [debug] [Thread-1 (]: Using postgres connection "model.enpal_assessment_project.stg_stages"
[0m16:49:37.090208 [debug] [Thread-1 (]: On model.enpal_assessment_project.stg_stages: COMMIT
[0m16:49:37.092943 [debug] [Thread-1 (]: SQL status: COMMIT in 0.002 seconds
[0m16:49:37.098326 [debug] [Thread-1 (]: Applying DROP to: "postgres"."public_pipedrive_analytics"."stg_stages__dbt_backup"
[0m16:49:37.099572 [debug] [Thread-1 (]: Using postgres connection "model.enpal_assessment_project.stg_stages"
[0m16:49:37.100210 [debug] [Thread-1 (]: On model.enpal_assessment_project.stg_stages: /* {"app": "dbt", "dbt_version": "1.10.13", "profile_name": "enpal_assessment_project", "target_name": "dev", "node_id": "model.enpal_assessment_project.stg_stages"} */
drop view if exists "postgres"."public_pipedrive_analytics"."stg_stages__dbt_backup" cascade
[0m16:49:37.103159 [debug] [Thread-1 (]: SQL status: DROP VIEW in 0.002 seconds
[0m16:49:37.105092 [debug] [Thread-1 (]: On model.enpal_assessment_project.stg_stages: Close
[0m16:49:37.106316 [debug] [Thread-1 (]: Sending event: {'category': 'dbt', 'action': 'run_model', 'label': '91aedcec-a5b9-45fb-98e7-0b8775df8ee7', 'context': [<snowplow_tracker.self_describing_json.SelfDescribingJson object at 0x7f90377f1990>]}
[0m16:49:37.107286 [info ] [Thread-1 (]: 5 of 6 OK created sql view model public_pipedrive_analytics.stg_stages ......... [[32mCREATE VIEW[0m in 0.08s]
[0m16:49:37.108162 [debug] [Thread-1 (]: Finished running node model.enpal_assessment_project.stg_stages
[0m16:49:37.109346 [debug] [Thread-1 (]: Began running node model.enpal_assessment_project.stg_users
[0m16:49:37.110391 [info ] [Thread-1 (]: 6 of 6 START sql view model public_pipedrive_analytics.stg_users ............... [RUN]
[0m16:49:37.111085 [debug] [Thread-1 (]: Re-using an available connection from the pool (formerly model.enpal_assessment_project.stg_stages, now model.enpal_assessment_project.stg_users)
[0m16:49:37.111595 [debug] [Thread-1 (]: Began compiling node model.enpal_assessment_project.stg_users
[0m16:49:37.116026 [debug] [Thread-1 (]: Writing injected SQL for node "model.enpal_assessment_project.stg_users"
[0m16:49:37.117183 [debug] [Thread-1 (]: Began executing node model.enpal_assessment_project.stg_users
[0m16:49:37.123155 [debug] [Thread-1 (]: Writing runtime sql for node "model.enpal_assessment_project.stg_users"
[0m16:49:37.124069 [debug] [Thread-1 (]: Using postgres connection "model.enpal_assessment_project.stg_users"
[0m16:49:37.124629 [debug] [Thread-1 (]: On model.enpal_assessment_project.stg_users: BEGIN
[0m16:49:37.125090 [debug] [Thread-1 (]: Opening a new connection, currently in state closed
[0m16:49:37.141123 [debug] [Thread-1 (]: SQL status: BEGIN in 0.016 seconds
[0m16:49:37.142361 [debug] [Thread-1 (]: Using postgres connection "model.enpal_assessment_project.stg_users"
[0m16:49:37.142957 [debug] [Thread-1 (]: On model.enpal_assessment_project.stg_users: /* {"app": "dbt", "dbt_version": "1.10.13", "profile_name": "enpal_assessment_project", "target_name": "dev", "node_id": "model.enpal_assessment_project.stg_users"} */

  create view "postgres"."public_pipedrive_analytics"."stg_users__dbt_tmp"
    
    
  as (
    

select
  user_id::bigint,
  user_name,
  email,
  is_active::boolean as active_flag
from "postgres"."public"."users"
  );
[0m16:49:37.145191 [debug] [Thread-1 (]: Postgres adapter: Postgres error: column "user_id" does not exist
LINE 10:   user_id::bigint,
           ^

[0m16:49:37.146296 [debug] [Thread-1 (]: On model.enpal_assessment_project.stg_users: ROLLBACK
[0m16:49:37.153692 [debug] [Thread-1 (]: On model.enpal_assessment_project.stg_users: Close
[0m16:49:37.156987 [debug] [Thread-1 (]: Database Error in model stg_users (models/staging/stg_users.sql)
  column "user_id" does not exist
  LINE 10:   user_id::bigint,
             ^
  compiled code at target/run/enpal_assessment_project/models/staging/stg_users.sql
[0m16:49:37.158219 [debug] [Thread-1 (]: Sending event: {'category': 'dbt', 'action': 'run_model', 'label': '91aedcec-a5b9-45fb-98e7-0b8775df8ee7', 'context': [<snowplow_tracker.self_describing_json.SelfDescribingJson object at 0x7f90377f1990>]}
[0m16:49:37.159715 [error] [Thread-1 (]: 6 of 6 ERROR creating sql view model public_pipedrive_analytics.stg_users ...... [[31mERROR[0m in 0.05s]
[0m16:49:37.160651 [debug] [Thread-1 (]: Finished running node model.enpal_assessment_project.stg_users
[0m16:49:37.161356 [debug] [Thread-4 (]: Marking all children of 'model.enpal_assessment_project.stg_users' to be skipped because of status 'error'.  Reason: Database Error in model stg_users (models/staging/stg_users.sql)
  column "user_id" does not exist
  LINE 10:   user_id::bigint,
             ^
  compiled code at target/run/enpal_assessment_project/models/staging/stg_users.sql.
[0m16:49:37.162792 [debug] [MainThread]: Using postgres connection "master"
[0m16:49:37.163295 [debug] [MainThread]: On master: BEGIN
[0m16:49:37.163705 [debug] [MainThread]: Opening a new connection, currently in state closed
[0m16:49:37.179670 [debug] [MainThread]: SQL status: BEGIN in 0.016 seconds
[0m16:49:37.180772 [debug] [MainThread]: On master: COMMIT
[0m16:49:37.182125 [debug] [MainThread]: Using postgres connection "master"
[0m16:49:37.184052 [debug] [MainThread]: On master: COMMIT
[0m16:49:37.185704 [debug] [MainThread]: SQL status: COMMIT in 0.001 seconds
[0m16:49:37.186328 [debug] [MainThread]: On master: Close
[0m16:49:37.186951 [debug] [MainThread]: Connection 'master' was properly closed.
[0m16:49:37.187498 [debug] [MainThread]: Connection 'model.enpal_assessment_project.stg_users' was properly closed.
[0m16:49:37.188351 [info ] [MainThread]: 
[0m16:49:37.189188 [info ] [MainThread]: Finished running 6 view models in 0 hours 0 minutes and 0.78 seconds (0.78s).
[0m16:49:37.191578 [debug] [MainThread]: Command end result
[0m16:49:37.226025 [debug] [MainThread]: Wrote artifact WritableManifest to /Users/macbook/Desktop/ENPAL/Take-Home-Assessment/REPO/dbt_enpal_assessment/target/manifest.json
[0m16:49:37.228134 [debug] [MainThread]: Wrote artifact SemanticManifest to /Users/macbook/Desktop/ENPAL/Take-Home-Assessment/REPO/dbt_enpal_assessment/target/semantic_manifest.json
[0m16:49:37.236102 [debug] [MainThread]: Wrote artifact RunExecutionResult to /Users/macbook/Desktop/ENPAL/Take-Home-Assessment/REPO/dbt_enpal_assessment/target/run_results.json
[0m16:49:37.236698 [info ] [MainThread]: 
[0m16:49:37.237397 [info ] [MainThread]: [31mCompleted with 3 errors, 0 partial successes, and 0 warnings:[0m
[0m16:49:37.237978 [info ] [MainThread]: 
[0m16:49:37.238620 [error] [MainThread]: [31mFailure in model stg_activity (models/staging/stg_activity.sql)[0m
[0m16:49:37.239143 [error] [MainThread]:   Database Error in model stg_activity (models/staging/stg_activity.sql)
  column "subject" does not exist
  LINE 13:   subject,
             ^
  compiled code at target/run/enpal_assessment_project/models/staging/stg_activity.sql
[0m16:49:37.239564 [info ] [MainThread]: 
[0m16:49:37.240047 [info ] [MainThread]:   compiled code at target/compiled/enpal_assessment_project/models/staging/stg_activity.sql
[0m16:49:37.240473 [info ] [MainThread]: 
[0m16:49:37.240970 [error] [MainThread]: [31mFailure in model stg_fields (models/staging/stg_fields.sql)[0m
[0m16:49:37.241468 [error] [MainThread]:   Database Error in model stg_fields (models/staging/stg_fields.sql)
  column "field_name" does not exist
  LINE 11:   field_name,
             ^
  compiled code at target/run/enpal_assessment_project/models/staging/stg_fields.sql
[0m16:49:37.241895 [info ] [MainThread]: 
[0m16:49:37.242382 [info ] [MainThread]:   compiled code at target/compiled/enpal_assessment_project/models/staging/stg_fields.sql
[0m16:49:37.242805 [info ] [MainThread]: 
[0m16:49:37.243326 [error] [MainThread]: [31mFailure in model stg_users (models/staging/stg_users.sql)[0m
[0m16:49:37.244015 [error] [MainThread]:   Database Error in model stg_users (models/staging/stg_users.sql)
  column "user_id" does not exist
  LINE 10:   user_id::bigint,
             ^
  compiled code at target/run/enpal_assessment_project/models/staging/stg_users.sql
[0m16:49:37.244484 [info ] [MainThread]: 
[0m16:49:37.245015 [info ] [MainThread]:   compiled code at target/compiled/enpal_assessment_project/models/staging/stg_users.sql
[0m16:49:37.245455 [info ] [MainThread]: 
[0m16:49:37.245912 [info ] [MainThread]: Done. PASS=3 WARN=0 ERROR=3 SKIP=0 NO-OP=0 TOTAL=6
[0m16:49:37.248101 [debug] [MainThread]: Resource report: {"command_name": "run", "command_success": false, "command_wall_clock_time": 3.4428623, "process_in_blocks": "0", "process_kernel_time": 0.448496, "process_mem_max_rss": "127287296", "process_out_blocks": "0", "process_user_time": 4.480732}
[0m16:49:37.248779 [debug] [MainThread]: Command `dbt run` failed at 16:49:37.248656 after 3.44 seconds
[0m16:49:37.249277 [debug] [MainThread]: Sending event: {'category': 'dbt', 'action': 'invocation', 'label': 'end', 'context': [<snowplow_tracker.self_describing_json.SelfDescribingJson object at 0x7f90355cc550>, <snowplow_tracker.self_describing_json.SelfDescribingJson object at 0x7f903527df00>, <snowplow_tracker.self_describing_json.SelfDescribingJson object at 0x7f9037208fd0>]}
[0m16:49:37.249764 [debug] [MainThread]: Flushing usage events
[0m16:49:38.123837 [debug] [MainThread]: An error was encountered while trying to flush usage events
[0m16:54:17.496500 [debug] [MainThread]: Sending event: {'category': 'dbt', 'action': 'invocation', 'label': 'start', 'context': [<snowplow_tracker.self_describing_json.SelfDescribingJson object at 0x7ff18ed9c4c0>, <snowplow_tracker.self_describing_json.SelfDescribingJson object at 0x7ff1908818d0>, <snowplow_tracker.self_describing_json.SelfDescribingJson object at 0x7ff1908811e0>]}


============================== 16:54:17.504641 | 1a9d8357-464b-447a-bc58-6451225a174b ==============================
[0m16:54:17.504641 [info ] [MainThread]: Running with dbt=1.10.13
[0m16:54:17.505866 [debug] [MainThread]: running dbt with arguments {'fail_fast': 'False', 'invocation_command': 'dbt clean', 'empty': 'None', 'log_cache_events': 'False', 'profiles_dir': '/Users/macbook/Desktop/Enpal/Take-Home-Assessment/REPO/dbt_enpal_assessment', 'write_json': 'True', 'introspect': 'True', 'version_check': 'True', 'log_format': 'default', 'debug': 'False', 'static_parser': 'True', 'log_path': '/Users/macbook/Desktop/ENPAL/Take-Home-Assessment/REPO/dbt_enpal_assessment/logs', 'send_anonymous_usage_stats': 'True', 'use_experimental_parser': 'False', 'warn_error': 'None', 'warn_error_options': 'WarnErrorOptionsV2(error=[], warn=[], silence=[])', 'target_path': 'None', 'indirect_selection': 'eager', 'printer_width': '80', 'partial_parse': 'True', 'cache_selected_only': 'False', 'use_colors': 'True', 'no_print': 'None', 'quiet': 'False'}
[0m16:54:17.890431 [debug] [MainThread]: Sending event: {'category': 'dbt', 'action': 'project_id', 'label': '1a9d8357-464b-447a-bc58-6451225a174b', 'context': [<snowplow_tracker.self_describing_json.SelfDescribingJson object at 0x7ff19087a260>]}
[0m16:54:17.930131 [debug] [MainThread]: Resource report: {"command_name": "clean", "command_success": true, "command_wall_clock_time": 0.5379224, "process_in_blocks": "0", "process_kernel_time": 0.671391, "process_mem_max_rss": "99143680", "process_out_blocks": "0", "process_user_time": 2.309672}
[0m16:54:17.931295 [debug] [MainThread]: Command `dbt clean` succeeded at 16:54:17.931111 after 0.54 seconds
[0m16:54:17.931906 [debug] [MainThread]: Sending event: {'category': 'dbt', 'action': 'invocation', 'label': 'end', 'context': [<snowplow_tracker.self_describing_json.SelfDescribingJson object at 0x7ff18ed9c4c0>, <snowplow_tracker.self_describing_json.SelfDescribingJson object at 0x7ff19099e650>, <snowplow_tracker.self_describing_json.SelfDescribingJson object at 0x7ff190b07550>]}
[0m16:54:17.932527 [debug] [MainThread]: Flushing usage events
[0m16:54:18.613758 [debug] [MainThread]: An error was encountered while trying to flush usage events
[0m16:54:20.774533 [debug] [MainThread]: Sending event: {'category': 'dbt', 'action': 'invocation', 'label': 'start', 'context': [<snowplow_tracker.self_describing_json.SelfDescribingJson object at 0x7f77dfdbc4f0>, <snowplow_tracker.self_describing_json.SelfDescribingJson object at 0x7f77e18ad240>, <snowplow_tracker.self_describing_json.SelfDescribingJson object at 0x7f77e18acb50>]}


============================== 16:54:20.780227 | 524c1632-ed17-459b-9343-d9294e6dcbab ==============================
[0m16:54:20.780227 [info ] [MainThread]: Running with dbt=1.10.13
[0m16:54:20.781000 [debug] [MainThread]: running dbt with arguments {'warn_error_options': 'WarnErrorOptionsV2(error=[], warn=[], silence=[])', 'write_json': 'True', 'no_print': 'None', 'send_anonymous_usage_stats': 'True', 'log_path': '/Users/macbook/Desktop/ENPAL/Take-Home-Assessment/REPO/dbt_enpal_assessment/logs', 'introspect': 'True', 'static_parser': 'True', 'use_experimental_parser': 'False', 'debug': 'False', 'printer_width': '80', 'invocation_command': 'dbt deps', 'log_cache_events': 'False', 'version_check': 'True', 'log_format': 'default', 'profiles_dir': '/Users/macbook/Desktop/Enpal/Take-Home-Assessment/REPO/dbt_enpal_assessment', 'use_colors': 'True', 'indirect_selection': 'eager', 'quiet': 'False', 'warn_error': 'None', 'partial_parse': 'True', 'fail_fast': 'False', 'empty': 'None', 'cache_selected_only': 'False', 'target_path': 'None'}
[0m16:54:20.979772 [debug] [MainThread]: Sending event: {'category': 'dbt', 'action': 'project_id', 'label': '524c1632-ed17-459b-9343-d9294e6dcbab', 'context': [<snowplow_tracker.self_describing_json.SelfDescribingJson object at 0x7f77e18a3c70>]}
[0m16:54:21.002929 [info ] [MainThread]: Warning: No packages were found in packages.yml
[0m16:54:21.003998 [info ] [MainThread]: Warning: No packages were found in packages.yml
[0m16:54:21.005650 [debug] [MainThread]: Resource report: {"command_name": "deps", "command_success": true, "command_wall_clock_time": 0.32172197, "process_in_blocks": "0", "process_kernel_time": 0.239773, "process_mem_max_rss": "99409920", "process_out_blocks": "0", "process_user_time": 1.805234}
[0m16:54:21.006315 [debug] [MainThread]: Command `dbt deps` succeeded at 16:54:21.006177 after 0.32 seconds
[0m16:54:21.006796 [debug] [MainThread]: Sending event: {'category': 'dbt', 'action': 'invocation', 'label': 'end', 'context': [<snowplow_tracker.self_describing_json.SelfDescribingJson object at 0x7f77dfdbc4f0>, <snowplow_tracker.self_describing_json.SelfDescribingJson object at 0x7f77e19ed060>, <snowplow_tracker.self_describing_json.SelfDescribingJson object at 0x7f77e1ab8d30>]}
[0m16:54:21.007265 [debug] [MainThread]: Flushing usage events
[0m16:54:21.650969 [debug] [MainThread]: An error was encountered while trying to flush usage events
[0m16:54:23.811190 [debug] [MainThread]: Sending event: {'category': 'dbt', 'action': 'invocation', 'label': 'start', 'context': [<snowplow_tracker.self_describing_json.SelfDescribingJson object at 0x7fa3dd5c0550>, <snowplow_tracker.self_describing_json.SelfDescribingJson object at 0x7fa3def41240>, <snowplow_tracker.self_describing_json.SelfDescribingJson object at 0x7fa3def40b50>]}


============================== 16:54:23.816089 | 47a36427-d199-4336-ba27-227894248481 ==============================
[0m16:54:23.816089 [info ] [MainThread]: Running with dbt=1.10.13
[0m16:54:23.816857 [debug] [MainThread]: running dbt with arguments {'quiet': 'False', 'target_path': 'None', 'use_experimental_parser': 'False', 'invocation_command': 'dbt run --select staging --full-refresh', 'use_colors': 'True', 'fail_fast': 'False', 'empty': 'False', 'profiles_dir': '/Users/macbook/Desktop/Enpal/Take-Home-Assessment/REPO/dbt_enpal_assessment', 'no_print': 'None', 'partial_parse': 'True', 'log_cache_events': 'False', 'version_check': 'True', 'write_json': 'True', 'static_parser': 'True', 'warn_error': 'None', 'log_format': 'default', 'indirect_selection': 'eager', 'cache_selected_only': 'False', 'send_anonymous_usage_stats': 'True', 'warn_error_options': 'WarnErrorOptionsV2(error=[], warn=[], silence=[])', 'debug': 'False', 'printer_width': '80', 'introspect': 'True', 'log_path': '/Users/macbook/Desktop/ENPAL/Take-Home-Assessment/REPO/dbt_enpal_assessment/logs'}
[0m16:54:24.140098 [debug] [MainThread]: Sending event: {'category': 'dbt', 'action': 'project_id', 'label': '47a36427-d199-4336-ba27-227894248481', 'context': [<snowplow_tracker.self_describing_json.SelfDescribingJson object at 0x7fa3df04d7b0>]}
[0m16:54:24.219728 [debug] [MainThread]: Sending event: {'category': 'dbt', 'action': 'adapter_info', 'label': '47a36427-d199-4336-ba27-227894248481', 'context': [<snowplow_tracker.self_describing_json.SelfDescribingJson object at 0x7fa3df02c4f0>]}
[0m16:54:24.222754 [info ] [MainThread]: Registered adapter: postgres=1.9.1
[0m16:54:24.431980 [debug] [MainThread]: checksum: 9f0c81e2574b4ff463f3d16d080df83c6982fc0372c9feeacae0504ac9ea3ffe, vars: {}, profile: , target: , version: 1.10.13
[0m16:54:24.433192 [info ] [MainThread]: Unable to do partial parsing because saved manifest not found. Starting full parse.
[0m16:54:24.433788 [debug] [MainThread]: Sending event: {'category': 'dbt', 'action': 'partial_parser', 'label': '47a36427-d199-4336-ba27-227894248481', 'context': [<snowplow_tracker.self_describing_json.SelfDescribingJson object at 0x7fa3dde4e4a0>]}
[0m16:54:26.259658 [debug] [MainThread]: Sending event: {'category': 'dbt', 'action': 'load_project', 'label': '47a36427-d199-4336-ba27-227894248481', 'context': [<snowplow_tracker.self_describing_json.SelfDescribingJson object at 0x7fa3dfc98d60>]}
[0m16:54:26.466624 [debug] [MainThread]: Wrote artifact WritableManifest to /Users/macbook/Desktop/ENPAL/Take-Home-Assessment/REPO/dbt_enpal_assessment/target/manifest.json
[0m16:54:26.470289 [debug] [MainThread]: Wrote artifact SemanticManifest to /Users/macbook/Desktop/ENPAL/Take-Home-Assessment/REPO/dbt_enpal_assessment/target/semantic_manifest.json
[0m16:54:26.496236 [debug] [MainThread]: Sending event: {'category': 'dbt', 'action': 'resource_counts', 'label': '47a36427-d199-4336-ba27-227894248481', 'context': [<snowplow_tracker.self_describing_json.SelfDescribingJson object at 0x7fa3dfc6b2e0>]}
[0m16:54:26.497367 [info ] [MainThread]: Found 6 models, 19 data tests, 6 sources, 447 macros
[0m16:54:26.498251 [debug] [MainThread]: Sending event: {'category': 'dbt', 'action': 'runnable_timing', 'label': '47a36427-d199-4336-ba27-227894248481', 'context': [<snowplow_tracker.self_describing_json.SelfDescribingJson object at 0x7fa3dfc77d60>]}
[0m16:54:26.500947 [info ] [MainThread]: 
[0m16:54:26.501585 [info ] [MainThread]: Concurrency: 1 threads (target='dev')
[0m16:54:26.502087 [info ] [MainThread]: 
[0m16:54:26.502879 [debug] [MainThread]: Acquiring new postgres connection 'master'
[0m16:54:26.511068 [debug] [ThreadPool]: Acquiring new postgres connection 'list_postgres'
[0m16:54:26.664122 [debug] [ThreadPool]: Using postgres connection "list_postgres"
[0m16:54:26.664778 [debug] [ThreadPool]: On list_postgres: /* {"app": "dbt", "dbt_version": "1.10.13", "profile_name": "enpal_assessment_project", "target_name": "dev", "connection_name": "list_postgres"} */

    select distinct nspname from pg_namespace
  
[0m16:54:26.665235 [debug] [ThreadPool]: Opening a new connection, currently in state init
[0m16:54:26.771655 [debug] [ThreadPool]: SQL status: SELECT 5 in 0.106 seconds
[0m16:54:26.773404 [debug] [ThreadPool]: On list_postgres: Close
[0m16:54:26.775263 [debug] [ThreadPool]: Re-using an available connection from the pool (formerly list_postgres, now list_postgres_public_pipedrive_analytics)
[0m16:54:26.782970 [debug] [ThreadPool]: Using postgres connection "list_postgres_public_pipedrive_analytics"
[0m16:54:26.783542 [debug] [ThreadPool]: On list_postgres_public_pipedrive_analytics: BEGIN
[0m16:54:26.783938 [debug] [ThreadPool]: Opening a new connection, currently in state closed
[0m16:54:26.800246 [debug] [ThreadPool]: SQL status: BEGIN in 0.016 seconds
[0m16:54:26.801399 [debug] [ThreadPool]: Using postgres connection "list_postgres_public_pipedrive_analytics"
[0m16:54:26.802427 [debug] [ThreadPool]: On list_postgres_public_pipedrive_analytics: /* {"app": "dbt", "dbt_version": "1.10.13", "profile_name": "enpal_assessment_project", "target_name": "dev", "connection_name": "list_postgres_public_pipedrive_analytics"} */
select
      'postgres' as database,
      tablename as name,
      schemaname as schema,
      'table' as type
    from pg_tables
    where schemaname ilike 'public_pipedrive_analytics'
    union all
    select
      'postgres' as database,
      viewname as name,
      schemaname as schema,
      'view' as type
    from pg_views
    where schemaname ilike 'public_pipedrive_analytics'
    union all
    select
      'postgres' as database,
      matviewname as name,
      schemaname as schema,
      'materialized_view' as type
    from pg_matviews
    where schemaname ilike 'public_pipedrive_analytics'
  
[0m16:54:26.806620 [debug] [ThreadPool]: SQL status: SELECT 4 in 0.004 seconds
[0m16:54:26.808253 [debug] [ThreadPool]: On list_postgres_public_pipedrive_analytics: ROLLBACK
[0m16:54:26.809521 [debug] [ThreadPool]: On list_postgres_public_pipedrive_analytics: Close
[0m16:54:26.816314 [debug] [MainThread]: Using postgres connection "master"
[0m16:54:26.816843 [debug] [MainThread]: On master: BEGIN
[0m16:54:26.817225 [debug] [MainThread]: Opening a new connection, currently in state init
[0m16:54:26.833036 [debug] [MainThread]: SQL status: BEGIN in 0.016 seconds
[0m16:54:26.834476 [debug] [MainThread]: Using postgres connection "master"
[0m16:54:26.835227 [debug] [MainThread]: On master: /* {"app": "dbt", "dbt_version": "1.10.13", "profile_name": "enpal_assessment_project", "target_name": "dev", "connection_name": "master"} */
select distinct
        dependent_namespace.nspname as dependent_schema,
        dependent_class.relname as dependent_name,
        referenced_namespace.nspname as referenced_schema,
        referenced_class.relname as referenced_name

    -- Query for views: views are entries in pg_class with an entry in pg_rewrite, but we avoid
    -- a seq scan on pg_rewrite by leveraging the fact there is an "internal" row in pg_depend for
    -- the view...
    from pg_class as dependent_class
    join pg_namespace as dependent_namespace on dependent_namespace.oid = dependent_class.relnamespace
    join pg_depend as dependent_depend on dependent_depend.refobjid = dependent_class.oid
        and dependent_depend.classid = 'pg_rewrite'::regclass
        and dependent_depend.refclassid = 'pg_class'::regclass
        and dependent_depend.deptype = 'i'

    -- ... and via pg_depend (that has a row per column, hence the need for "distinct" above, and
    -- making sure to exclude the internal row to avoid a view appearing to depend on itself)...
    join pg_depend as joining_depend on joining_depend.objid = dependent_depend.objid
        and joining_depend.classid = 'pg_rewrite'::regclass
        and joining_depend.refclassid = 'pg_class'::regclass
        and joining_depend.refobjid != dependent_depend.refobjid

    -- ... we can find the tables they query from in pg_class, but excluding system tables. Note we
    -- don't need need to exclude _dependent_ system tables, because they only query from other
    -- system tables, and so are automatically excluded by excluding _referenced_ system tables
    join pg_class as referenced_class on referenced_class.oid = joining_depend.refobjid
    join pg_namespace as referenced_namespace on referenced_namespace.oid = referenced_class.relnamespace
        and referenced_namespace.nspname != 'information_schema'
        and referenced_namespace.nspname not like 'pg\_%'

    order by
        dependent_schema, dependent_name, referenced_schema, referenced_name;
[0m16:54:26.865951 [debug] [MainThread]: SQL status: SELECT 3 in 0.028 seconds
[0m16:54:26.867717 [debug] [MainThread]: Sending event: {'category': 'dbt', 'action': 'runnable_timing', 'label': '47a36427-d199-4336-ba27-227894248481', 'context': [<snowplow_tracker.self_describing_json.SelfDescribingJson object at 0x7fa3df97fa90>]}
[0m16:54:26.868467 [debug] [MainThread]: On master: ROLLBACK
[0m16:54:26.870098 [debug] [MainThread]: Using postgres connection "master"
[0m16:54:26.870777 [debug] [MainThread]: On master: BEGIN
[0m16:54:26.873790 [debug] [MainThread]: SQL status: BEGIN in 0.002 seconds
[0m16:54:26.874808 [debug] [MainThread]: On master: COMMIT
[0m16:54:26.875640 [debug] [MainThread]: Using postgres connection "master"
[0m16:54:26.877318 [debug] [MainThread]: On master: COMMIT
[0m16:54:26.878660 [debug] [MainThread]: SQL status: COMMIT in 0.001 seconds
[0m16:54:26.881328 [debug] [MainThread]: On master: Close
[0m16:54:26.887357 [debug] [Thread-1 (]: Began running node model.enpal_assessment_project.stg_activity
[0m16:54:26.888127 [info ] [Thread-1 (]: 1 of 6 START sql view model public_pipedrive_analytics.stg_activity ............ [RUN]
[0m16:54:26.889294 [debug] [Thread-1 (]: Re-using an available connection from the pool (formerly list_postgres_public_pipedrive_analytics, now model.enpal_assessment_project.stg_activity)
[0m16:54:26.894474 [debug] [Thread-1 (]: Began compiling node model.enpal_assessment_project.stg_activity
[0m16:54:26.907672 [debug] [Thread-1 (]: Writing injected SQL for node "model.enpal_assessment_project.stg_activity"
[0m16:54:26.909493 [debug] [Thread-1 (]: Began executing node model.enpal_assessment_project.stg_activity
[0m16:54:26.958477 [debug] [Thread-1 (]: Writing runtime sql for node "model.enpal_assessment_project.stg_activity"
[0m16:54:26.961339 [debug] [Thread-1 (]: Using postgres connection "model.enpal_assessment_project.stg_activity"
[0m16:54:26.961891 [debug] [Thread-1 (]: On model.enpal_assessment_project.stg_activity: BEGIN
[0m16:54:26.962429 [debug] [Thread-1 (]: Opening a new connection, currently in state closed
[0m16:54:26.979915 [debug] [Thread-1 (]: SQL status: BEGIN in 0.016 seconds
[0m16:54:26.980619 [debug] [Thread-1 (]: Using postgres connection "model.enpal_assessment_project.stg_activity"
[0m16:54:26.981113 [debug] [Thread-1 (]: On model.enpal_assessment_project.stg_activity: /* {"app": "dbt", "dbt_version": "1.10.13", "profile_name": "enpal_assessment_project", "target_name": "dev", "node_id": "model.enpal_assessment_project.stg_activity"} */

  create view "postgres"."public_pipedrive_analytics"."stg_activity__dbt_tmp"
    
    
  as (
    

select
  activity_id::bigint       as activity_id,
  deal_id::bigint           as deal_id,
  type                      as activity_type_key,
  subject,
  done::boolean             as done_flag,
  due_date::timestamptz     as due_ts,
  add_time::timestamptz     as add_ts
from "postgres"."public"."activity"
  );
[0m16:54:26.985292 [debug] [Thread-1 (]: Postgres adapter: Postgres error: column "subject" does not exist
LINE 13:   subject,
           ^

[0m16:54:26.986266 [debug] [Thread-1 (]: On model.enpal_assessment_project.stg_activity: ROLLBACK
[0m16:54:26.993009 [debug] [Thread-1 (]: On model.enpal_assessment_project.stg_activity: Close
[0m16:54:27.021482 [debug] [Thread-1 (]: Database Error in model stg_activity (models/staging/stg_activity.sql)
  column "subject" does not exist
  LINE 13:   subject,
             ^
  compiled code at target/run/enpal_assessment_project/models/staging/stg_activity.sql
[0m16:54:27.024583 [debug] [Thread-1 (]: Sending event: {'category': 'dbt', 'action': 'run_model', 'label': '47a36427-d199-4336-ba27-227894248481', 'context': [<snowplow_tracker.self_describing_json.SelfDescribingJson object at 0x7fa3df935210>]}
[0m16:54:27.026009 [error] [Thread-1 (]: 1 of 6 ERROR creating sql view model public_pipedrive_analytics.stg_activity ... [[31mERROR[0m in 0.13s]
[0m16:54:27.026855 [debug] [Thread-1 (]: Finished running node model.enpal_assessment_project.stg_activity
[0m16:54:27.027385 [debug] [Thread-1 (]: Began running node model.enpal_assessment_project.stg_activity_types
[0m16:54:27.028036 [debug] [Thread-4 (]: Marking all children of 'model.enpal_assessment_project.stg_activity' to be skipped because of status 'error'.  Reason: Database Error in model stg_activity (models/staging/stg_activity.sql)
  column "subject" does not exist
  LINE 13:   subject,
             ^
  compiled code at target/run/enpal_assessment_project/models/staging/stg_activity.sql.
[0m16:54:27.028630 [info ] [Thread-1 (]: 2 of 6 START sql view model public_pipedrive_analytics.stg_activity_types ...... [RUN]
[0m16:54:27.030090 [debug] [Thread-1 (]: Re-using an available connection from the pool (formerly model.enpal_assessment_project.stg_activity, now model.enpal_assessment_project.stg_activity_types)
[0m16:54:27.030728 [debug] [Thread-1 (]: Began compiling node model.enpal_assessment_project.stg_activity_types
[0m16:54:27.034646 [debug] [Thread-1 (]: Writing injected SQL for node "model.enpal_assessment_project.stg_activity_types"
[0m16:54:27.035625 [debug] [Thread-1 (]: Began executing node model.enpal_assessment_project.stg_activity_types
[0m16:54:27.040588 [debug] [Thread-1 (]: Writing runtime sql for node "model.enpal_assessment_project.stg_activity_types"
[0m16:54:27.041596 [debug] [Thread-1 (]: Using postgres connection "model.enpal_assessment_project.stg_activity_types"
[0m16:54:27.042080 [debug] [Thread-1 (]: On model.enpal_assessment_project.stg_activity_types: BEGIN
[0m16:54:27.042519 [debug] [Thread-1 (]: Opening a new connection, currently in state closed
[0m16:54:27.076903 [debug] [Thread-1 (]: SQL status: BEGIN in 0.032 seconds
[0m16:54:27.077566 [debug] [Thread-1 (]: Using postgres connection "model.enpal_assessment_project.stg_activity_types"
[0m16:54:27.078052 [debug] [Thread-1 (]: On model.enpal_assessment_project.stg_activity_types: /* {"app": "dbt", "dbt_version": "1.10.13", "profile_name": "enpal_assessment_project", "target_name": "dev", "node_id": "model.enpal_assessment_project.stg_activity_types"} */

  create view "postgres"."public_pipedrive_analytics"."stg_activity_types__dbt_tmp"
    
    
  as (
    

select
  id::bigint       as activity_type_id,
  name             as activity_type_name,
  type             as activity_type_key,
  active::boolean  as active_flag
from "postgres"."public"."activity_types"
  );
[0m16:54:27.087194 [debug] [Thread-1 (]: SQL status: CREATE VIEW in 0.009 seconds
[0m16:54:27.095823 [debug] [Thread-1 (]: Using postgres connection "model.enpal_assessment_project.stg_activity_types"
[0m16:54:27.096391 [debug] [Thread-1 (]: On model.enpal_assessment_project.stg_activity_types: /* {"app": "dbt", "dbt_version": "1.10.13", "profile_name": "enpal_assessment_project", "target_name": "dev", "node_id": "model.enpal_assessment_project.stg_activity_types"} */
alter table "postgres"."public_pipedrive_analytics"."stg_activity_types" rename to "stg_activity_types__dbt_backup"
[0m16:54:27.097852 [debug] [Thread-1 (]: SQL status: ALTER TABLE in 0.001 seconds
[0m16:54:27.101617 [debug] [Thread-1 (]: Using postgres connection "model.enpal_assessment_project.stg_activity_types"
[0m16:54:27.102292 [debug] [Thread-1 (]: On model.enpal_assessment_project.stg_activity_types: /* {"app": "dbt", "dbt_version": "1.10.13", "profile_name": "enpal_assessment_project", "target_name": "dev", "node_id": "model.enpal_assessment_project.stg_activity_types"} */
alter table "postgres"."public_pipedrive_analytics"."stg_activity_types__dbt_tmp" rename to "stg_activity_types"
[0m16:54:27.103827 [debug] [Thread-1 (]: SQL status: ALTER TABLE in 0.001 seconds
[0m16:54:27.124746 [debug] [Thread-1 (]: On model.enpal_assessment_project.stg_activity_types: COMMIT
[0m16:54:27.125344 [debug] [Thread-1 (]: Using postgres connection "model.enpal_assessment_project.stg_activity_types"
[0m16:54:27.125804 [debug] [Thread-1 (]: On model.enpal_assessment_project.stg_activity_types: COMMIT
[0m16:54:27.131105 [debug] [Thread-1 (]: SQL status: COMMIT in 0.005 seconds
[0m16:54:27.139600 [debug] [Thread-1 (]: Applying DROP to: "postgres"."public_pipedrive_analytics"."stg_activity_types__dbt_backup"
[0m16:54:27.144639 [debug] [Thread-1 (]: Using postgres connection "model.enpal_assessment_project.stg_activity_types"
[0m16:54:27.145177 [debug] [Thread-1 (]: On model.enpal_assessment_project.stg_activity_types: /* {"app": "dbt", "dbt_version": "1.10.13", "profile_name": "enpal_assessment_project", "target_name": "dev", "node_id": "model.enpal_assessment_project.stg_activity_types"} */
drop view if exists "postgres"."public_pipedrive_analytics"."stg_activity_types__dbt_backup" cascade
[0m16:54:27.147700 [debug] [Thread-1 (]: SQL status: DROP VIEW in 0.002 seconds
[0m16:54:27.150628 [debug] [Thread-1 (]: On model.enpal_assessment_project.stg_activity_types: Close
[0m16:54:27.151496 [debug] [Thread-1 (]: Sending event: {'category': 'dbt', 'action': 'run_model', 'label': '47a36427-d199-4336-ba27-227894248481', 'context': [<snowplow_tracker.self_describing_json.SelfDescribingJson object at 0x7fa3dd3ea080>]}
[0m16:54:27.152604 [info ] [Thread-1 (]: 2 of 6 OK created sql view model public_pipedrive_analytics.stg_activity_types . [[32mCREATE VIEW[0m in 0.12s]
[0m16:54:27.153703 [debug] [Thread-1 (]: Finished running node model.enpal_assessment_project.stg_activity_types
[0m16:54:27.154435 [debug] [Thread-1 (]: Began running node model.enpal_assessment_project.stg_deal_changes
[0m16:54:27.155065 [info ] [Thread-1 (]: 3 of 6 START sql view model public_pipedrive_analytics.stg_deal_changes ........ [RUN]
[0m16:54:27.155780 [debug] [Thread-1 (]: Re-using an available connection from the pool (formerly model.enpal_assessment_project.stg_activity_types, now model.enpal_assessment_project.stg_deal_changes)
[0m16:54:27.156378 [debug] [Thread-1 (]: Began compiling node model.enpal_assessment_project.stg_deal_changes
[0m16:54:27.160507 [debug] [Thread-1 (]: Writing injected SQL for node "model.enpal_assessment_project.stg_deal_changes"
[0m16:54:27.161454 [debug] [Thread-1 (]: Began executing node model.enpal_assessment_project.stg_deal_changes
[0m16:54:27.165920 [debug] [Thread-1 (]: Writing runtime sql for node "model.enpal_assessment_project.stg_deal_changes"
[0m16:54:27.166817 [debug] [Thread-1 (]: Using postgres connection "model.enpal_assessment_project.stg_deal_changes"
[0m16:54:27.167325 [debug] [Thread-1 (]: On model.enpal_assessment_project.stg_deal_changes: BEGIN
[0m16:54:27.167773 [debug] [Thread-1 (]: Opening a new connection, currently in state closed
[0m16:54:27.185658 [debug] [Thread-1 (]: SQL status: BEGIN in 0.018 seconds
[0m16:54:27.187190 [debug] [Thread-1 (]: Using postgres connection "model.enpal_assessment_project.stg_deal_changes"
[0m16:54:27.187890 [debug] [Thread-1 (]: On model.enpal_assessment_project.stg_deal_changes: /* {"app": "dbt", "dbt_version": "1.10.13", "profile_name": "enpal_assessment_project", "target_name": "dev", "node_id": "model.enpal_assessment_project.stg_deal_changes"} */

  create view "postgres"."public_pipedrive_analytics"."stg_deal_changes__dbt_tmp"
    
    
  as (
    

select
  deal_id::bigint,
  change_time::timestamptz as change_ts,
  changed_field_key,
  new_value,
  case
    when changed_field_key = 'stage_id' and new_value ~ '^[0-9]+$'
      then new_value::int
  end as new_stage_id
from "postgres"."public"."deal_changes"
  );
[0m16:54:27.192469 [debug] [Thread-1 (]: SQL status: CREATE VIEW in 0.004 seconds
[0m16:54:27.196605 [debug] [Thread-1 (]: Using postgres connection "model.enpal_assessment_project.stg_deal_changes"
[0m16:54:27.197152 [debug] [Thread-1 (]: On model.enpal_assessment_project.stg_deal_changes: /* {"app": "dbt", "dbt_version": "1.10.13", "profile_name": "enpal_assessment_project", "target_name": "dev", "node_id": "model.enpal_assessment_project.stg_deal_changes"} */
alter table "postgres"."public_pipedrive_analytics"."stg_deal_changes" rename to "stg_deal_changes__dbt_backup"
[0m16:54:27.199679 [debug] [Thread-1 (]: SQL status: ALTER TABLE in 0.002 seconds
[0m16:54:27.203391 [debug] [Thread-1 (]: Using postgres connection "model.enpal_assessment_project.stg_deal_changes"
[0m16:54:27.204016 [debug] [Thread-1 (]: On model.enpal_assessment_project.stg_deal_changes: /* {"app": "dbt", "dbt_version": "1.10.13", "profile_name": "enpal_assessment_project", "target_name": "dev", "node_id": "model.enpal_assessment_project.stg_deal_changes"} */
alter table "postgres"."public_pipedrive_analytics"."stg_deal_changes__dbt_tmp" rename to "stg_deal_changes"
[0m16:54:27.205529 [debug] [Thread-1 (]: SQL status: ALTER TABLE in 0.001 seconds
[0m16:54:27.207661 [debug] [Thread-1 (]: On model.enpal_assessment_project.stg_deal_changes: COMMIT
[0m16:54:27.208288 [debug] [Thread-1 (]: Using postgres connection "model.enpal_assessment_project.stg_deal_changes"
[0m16:54:27.209341 [debug] [Thread-1 (]: On model.enpal_assessment_project.stg_deal_changes: COMMIT
[0m16:54:27.211468 [debug] [Thread-1 (]: SQL status: COMMIT in 0.002 seconds
[0m16:54:27.214634 [debug] [Thread-1 (]: Applying DROP to: "postgres"."public_pipedrive_analytics"."stg_deal_changes__dbt_backup"
[0m16:54:27.215568 [debug] [Thread-1 (]: Using postgres connection "model.enpal_assessment_project.stg_deal_changes"
[0m16:54:27.216040 [debug] [Thread-1 (]: On model.enpal_assessment_project.stg_deal_changes: /* {"app": "dbt", "dbt_version": "1.10.13", "profile_name": "enpal_assessment_project", "target_name": "dev", "node_id": "model.enpal_assessment_project.stg_deal_changes"} */
drop view if exists "postgres"."public_pipedrive_analytics"."stg_deal_changes__dbt_backup" cascade
[0m16:54:27.218584 [debug] [Thread-1 (]: SQL status: DROP VIEW in 0.002 seconds
[0m16:54:27.220605 [debug] [Thread-1 (]: On model.enpal_assessment_project.stg_deal_changes: Close
[0m16:54:27.221602 [debug] [Thread-1 (]: Sending event: {'category': 'dbt', 'action': 'run_model', 'label': '47a36427-d199-4336-ba27-227894248481', 'context': [<snowplow_tracker.self_describing_json.SelfDescribingJson object at 0x7fa3df7d5570>]}
[0m16:54:27.223162 [info ] [Thread-1 (]: 3 of 6 OK created sql view model public_pipedrive_analytics.stg_deal_changes ... [[32mCREATE VIEW[0m in 0.07s]
[0m16:54:27.225446 [debug] [Thread-1 (]: Finished running node model.enpal_assessment_project.stg_deal_changes
[0m16:54:27.226825 [debug] [Thread-1 (]: Began running node model.enpal_assessment_project.stg_fields
[0m16:54:27.227666 [info ] [Thread-1 (]: 4 of 6 START sql view model public_pipedrive_analytics.stg_fields .............. [RUN]
[0m16:54:27.228292 [debug] [Thread-1 (]: Re-using an available connection from the pool (formerly model.enpal_assessment_project.stg_deal_changes, now model.enpal_assessment_project.stg_fields)
[0m16:54:27.228832 [debug] [Thread-1 (]: Began compiling node model.enpal_assessment_project.stg_fields
[0m16:54:27.234084 [debug] [Thread-1 (]: Writing injected SQL for node "model.enpal_assessment_project.stg_fields"
[0m16:54:27.234975 [debug] [Thread-1 (]: Began executing node model.enpal_assessment_project.stg_fields
[0m16:54:27.239904 [debug] [Thread-1 (]: Writing runtime sql for node "model.enpal_assessment_project.stg_fields"
[0m16:54:27.240824 [debug] [Thread-1 (]: Using postgres connection "model.enpal_assessment_project.stg_fields"
[0m16:54:27.241390 [debug] [Thread-1 (]: On model.enpal_assessment_project.stg_fields: BEGIN
[0m16:54:27.241914 [debug] [Thread-1 (]: Opening a new connection, currently in state closed
[0m16:54:27.259581 [debug] [Thread-1 (]: SQL status: BEGIN in 0.017 seconds
[0m16:54:27.261270 [debug] [Thread-1 (]: Using postgres connection "model.enpal_assessment_project.stg_fields"
[0m16:54:27.262296 [debug] [Thread-1 (]: On model.enpal_assessment_project.stg_fields: /* {"app": "dbt", "dbt_version": "1.10.13", "profile_name": "enpal_assessment_project", "target_name": "dev", "node_id": "model.enpal_assessment_project.stg_fields"} */

  create view "postgres"."public_pipedrive_analytics"."stg_fields__dbt_tmp"
    
    
  as (
    

select
  "ID"::bigint               as field_id,
  "FIELD_KEY"                as field_key,
  "NAME"                     as field_name,
  "FIELD_VALUE_OPTIONS"      as field_value_options
from "postgres"."public"."fields"
  );
[0m16:54:27.265175 [debug] [Thread-1 (]: Postgres adapter: Postgres error: column "ID" does not exist
LINE 10:   "ID"::bigint               as field_id,
           ^

[0m16:54:27.267210 [debug] [Thread-1 (]: On model.enpal_assessment_project.stg_fields: ROLLBACK
[0m16:54:27.269349 [debug] [Thread-1 (]: On model.enpal_assessment_project.stg_fields: Close
[0m16:54:27.272101 [debug] [Thread-1 (]: Database Error in model stg_fields (models/staging/stg_fields.sql)
  column "ID" does not exist
  LINE 10:   "ID"::bigint               as field_id,
             ^
  compiled code at target/run/enpal_assessment_project/models/staging/stg_fields.sql
[0m16:54:27.273300 [debug] [Thread-1 (]: Sending event: {'category': 'dbt', 'action': 'run_model', 'label': '47a36427-d199-4336-ba27-227894248481', 'context': [<snowplow_tracker.self_describing_json.SelfDescribingJson object at 0x7fa3dd3ea080>]}
[0m16:54:27.274913 [error] [Thread-1 (]: 4 of 6 ERROR creating sql view model public_pipedrive_analytics.stg_fields ..... [[31mERROR[0m in 0.04s]
[0m16:54:27.276670 [debug] [Thread-1 (]: Finished running node model.enpal_assessment_project.stg_fields
[0m16:54:27.277295 [debug] [Thread-1 (]: Began running node model.enpal_assessment_project.stg_stages
[0m16:54:27.277995 [debug] [Thread-4 (]: Marking all children of 'model.enpal_assessment_project.stg_fields' to be skipped because of status 'error'.  Reason: Database Error in model stg_fields (models/staging/stg_fields.sql)
  column "ID" does not exist
  LINE 10:   "ID"::bigint               as field_id,
             ^
  compiled code at target/run/enpal_assessment_project/models/staging/stg_fields.sql.
[0m16:54:27.278673 [info ] [Thread-1 (]: 5 of 6 START sql view model public_pipedrive_analytics.stg_stages .............. [RUN]
[0m16:54:27.279689 [debug] [Thread-1 (]: Re-using an available connection from the pool (formerly model.enpal_assessment_project.stg_fields, now model.enpal_assessment_project.stg_stages)
[0m16:54:27.280322 [debug] [Thread-1 (]: Began compiling node model.enpal_assessment_project.stg_stages
[0m16:54:27.284612 [debug] [Thread-1 (]: Writing injected SQL for node "model.enpal_assessment_project.stg_stages"
[0m16:54:27.285516 [debug] [Thread-1 (]: Began executing node model.enpal_assessment_project.stg_stages
[0m16:54:27.290957 [debug] [Thread-1 (]: Writing runtime sql for node "model.enpal_assessment_project.stg_stages"
[0m16:54:27.292107 [debug] [Thread-1 (]: Using postgres connection "model.enpal_assessment_project.stg_stages"
[0m16:54:27.292630 [debug] [Thread-1 (]: On model.enpal_assessment_project.stg_stages: BEGIN
[0m16:54:27.293085 [debug] [Thread-1 (]: Opening a new connection, currently in state closed
[0m16:54:27.317514 [debug] [Thread-1 (]: SQL status: BEGIN in 0.024 seconds
[0m16:54:27.318744 [debug] [Thread-1 (]: Using postgres connection "model.enpal_assessment_project.stg_stages"
[0m16:54:27.319988 [debug] [Thread-1 (]: On model.enpal_assessment_project.stg_stages: /* {"app": "dbt", "dbt_version": "1.10.13", "profile_name": "enpal_assessment_project", "target_name": "dev", "node_id": "model.enpal_assessment_project.stg_stages"} */

  create view "postgres"."public_pipedrive_analytics"."stg_stages__dbt_tmp"
    
    
  as (
    

select
  stage_id::int,
  stage_name
from "postgres"."public"."stages"
  );
[0m16:54:27.322943 [debug] [Thread-1 (]: SQL status: CREATE VIEW in 0.002 seconds
[0m16:54:27.328742 [debug] [Thread-1 (]: Using postgres connection "model.enpal_assessment_project.stg_stages"
[0m16:54:27.329331 [debug] [Thread-1 (]: On model.enpal_assessment_project.stg_stages: /* {"app": "dbt", "dbt_version": "1.10.13", "profile_name": "enpal_assessment_project", "target_name": "dev", "node_id": "model.enpal_assessment_project.stg_stages"} */
alter table "postgres"."public_pipedrive_analytics"."stg_stages" rename to "stg_stages__dbt_backup"
[0m16:54:27.330750 [debug] [Thread-1 (]: SQL status: ALTER TABLE in 0.001 seconds
[0m16:54:27.334670 [debug] [Thread-1 (]: Using postgres connection "model.enpal_assessment_project.stg_stages"
[0m16:54:27.335202 [debug] [Thread-1 (]: On model.enpal_assessment_project.stg_stages: /* {"app": "dbt", "dbt_version": "1.10.13", "profile_name": "enpal_assessment_project", "target_name": "dev", "node_id": "model.enpal_assessment_project.stg_stages"} */
alter table "postgres"."public_pipedrive_analytics"."stg_stages__dbt_tmp" rename to "stg_stages"
[0m16:54:27.336543 [debug] [Thread-1 (]: SQL status: ALTER TABLE in 0.001 seconds
[0m16:54:27.338443 [debug] [Thread-1 (]: On model.enpal_assessment_project.stg_stages: COMMIT
[0m16:54:27.339109 [debug] [Thread-1 (]: Using postgres connection "model.enpal_assessment_project.stg_stages"
[0m16:54:27.339562 [debug] [Thread-1 (]: On model.enpal_assessment_project.stg_stages: COMMIT
[0m16:54:27.341686 [debug] [Thread-1 (]: SQL status: COMMIT in 0.002 seconds
[0m16:54:27.346050 [debug] [Thread-1 (]: Applying DROP to: "postgres"."public_pipedrive_analytics"."stg_stages__dbt_backup"
[0m16:54:27.347061 [debug] [Thread-1 (]: Using postgres connection "model.enpal_assessment_project.stg_stages"
[0m16:54:27.347586 [debug] [Thread-1 (]: On model.enpal_assessment_project.stg_stages: /* {"app": "dbt", "dbt_version": "1.10.13", "profile_name": "enpal_assessment_project", "target_name": "dev", "node_id": "model.enpal_assessment_project.stg_stages"} */
drop view if exists "postgres"."public_pipedrive_analytics"."stg_stages__dbt_backup" cascade
[0m16:54:27.350136 [debug] [Thread-1 (]: SQL status: DROP VIEW in 0.002 seconds
[0m16:54:27.351768 [debug] [Thread-1 (]: On model.enpal_assessment_project.stg_stages: Close
[0m16:54:27.352529 [debug] [Thread-1 (]: Sending event: {'category': 'dbt', 'action': 'run_model', 'label': '47a36427-d199-4336-ba27-227894248481', 'context': [<snowplow_tracker.self_describing_json.SelfDescribingJson object at 0x7fa3df87fdc0>]}
[0m16:54:27.353448 [info ] [Thread-1 (]: 5 of 6 OK created sql view model public_pipedrive_analytics.stg_stages ......... [[32mCREATE VIEW[0m in 0.07s]
[0m16:54:27.354629 [debug] [Thread-1 (]: Finished running node model.enpal_assessment_project.stg_stages
[0m16:54:27.355537 [debug] [Thread-1 (]: Began running node model.enpal_assessment_project.stg_users
[0m16:54:27.356518 [info ] [Thread-1 (]: 6 of 6 START sql view model public_pipedrive_analytics.stg_users ............... [RUN]
[0m16:54:27.357711 [debug] [Thread-1 (]: Re-using an available connection from the pool (formerly model.enpal_assessment_project.stg_stages, now model.enpal_assessment_project.stg_users)
[0m16:54:27.358368 [debug] [Thread-1 (]: Began compiling node model.enpal_assessment_project.stg_users
[0m16:54:27.362550 [debug] [Thread-1 (]: Writing injected SQL for node "model.enpal_assessment_project.stg_users"
[0m16:54:27.363449 [debug] [Thread-1 (]: Began executing node model.enpal_assessment_project.stg_users
[0m16:54:27.367805 [debug] [Thread-1 (]: Writing runtime sql for node "model.enpal_assessment_project.stg_users"
[0m16:54:27.368772 [debug] [Thread-1 (]: Using postgres connection "model.enpal_assessment_project.stg_users"
[0m16:54:27.369264 [debug] [Thread-1 (]: On model.enpal_assessment_project.stg_users: BEGIN
[0m16:54:27.369703 [debug] [Thread-1 (]: Opening a new connection, currently in state closed
[0m16:54:27.386879 [debug] [Thread-1 (]: SQL status: BEGIN in 0.017 seconds
[0m16:54:27.388306 [debug] [Thread-1 (]: Using postgres connection "model.enpal_assessment_project.stg_users"
[0m16:54:27.389562 [debug] [Thread-1 (]: On model.enpal_assessment_project.stg_users: /* {"app": "dbt", "dbt_version": "1.10.13", "profile_name": "enpal_assessment_project", "target_name": "dev", "node_id": "model.enpal_assessment_project.stg_users"} */

  create view "postgres"."public_pipedrive_analytics"."stg_users__dbt_tmp"
    
    
  as (
    

select
  id::bigint     as user_id,
  name           as user_name,
  email,
  modified       as modified_at
from "postgres"."public"."users"
  );
[0m16:54:27.393106 [debug] [Thread-1 (]: SQL status: CREATE VIEW in 0.003 seconds
[0m16:54:27.396951 [debug] [Thread-1 (]: Using postgres connection "model.enpal_assessment_project.stg_users"
[0m16:54:27.397482 [debug] [Thread-1 (]: On model.enpal_assessment_project.stg_users: /* {"app": "dbt", "dbt_version": "1.10.13", "profile_name": "enpal_assessment_project", "target_name": "dev", "node_id": "model.enpal_assessment_project.stg_users"} */
alter table "postgres"."public_pipedrive_analytics"."stg_users__dbt_tmp" rename to "stg_users"
[0m16:54:27.398840 [debug] [Thread-1 (]: SQL status: ALTER TABLE in 0.001 seconds
[0m16:54:27.400689 [debug] [Thread-1 (]: On model.enpal_assessment_project.stg_users: COMMIT
[0m16:54:27.401191 [debug] [Thread-1 (]: Using postgres connection "model.enpal_assessment_project.stg_users"
[0m16:54:27.401636 [debug] [Thread-1 (]: On model.enpal_assessment_project.stg_users: COMMIT
[0m16:54:27.404979 [debug] [Thread-1 (]: SQL status: COMMIT in 0.003 seconds
[0m16:54:27.409335 [debug] [Thread-1 (]: Applying DROP to: "postgres"."public_pipedrive_analytics"."stg_users__dbt_backup"
[0m16:54:27.410521 [debug] [Thread-1 (]: Using postgres connection "model.enpal_assessment_project.stg_users"
[0m16:54:27.411006 [debug] [Thread-1 (]: On model.enpal_assessment_project.stg_users: /* {"app": "dbt", "dbt_version": "1.10.13", "profile_name": "enpal_assessment_project", "target_name": "dev", "node_id": "model.enpal_assessment_project.stg_users"} */
drop view if exists "postgres"."public_pipedrive_analytics"."stg_users__dbt_backup" cascade
[0m16:54:27.412249 [debug] [Thread-1 (]: SQL status: DROP VIEW in 0.001 seconds
[0m16:54:27.413976 [debug] [Thread-1 (]: On model.enpal_assessment_project.stg_users: Close
[0m16:54:27.414758 [debug] [Thread-1 (]: Sending event: {'category': 'dbt', 'action': 'run_model', 'label': '47a36427-d199-4336-ba27-227894248481', 'context': [<snowplow_tracker.self_describing_json.SelfDescribingJson object at 0x7fa3df87fdc0>]}
[0m16:54:27.415673 [info ] [Thread-1 (]: 6 of 6 OK created sql view model public_pipedrive_analytics.stg_users .......... [[32mCREATE VIEW[0m in 0.06s]
[0m16:54:27.416585 [debug] [Thread-1 (]: Finished running node model.enpal_assessment_project.stg_users
[0m16:54:27.418251 [debug] [MainThread]: Using postgres connection "master"
[0m16:54:27.418720 [debug] [MainThread]: On master: BEGIN
[0m16:54:27.419100 [debug] [MainThread]: Opening a new connection, currently in state closed
[0m16:54:27.435515 [debug] [MainThread]: SQL status: BEGIN in 0.016 seconds
[0m16:54:27.436717 [debug] [MainThread]: On master: COMMIT
[0m16:54:27.437834 [debug] [MainThread]: Using postgres connection "master"
[0m16:54:27.438267 [debug] [MainThread]: On master: COMMIT
[0m16:54:27.439429 [debug] [MainThread]: SQL status: COMMIT in 0.001 seconds
[0m16:54:27.439964 [debug] [MainThread]: On master: Close
[0m16:54:27.440579 [debug] [MainThread]: Connection 'master' was properly closed.
[0m16:54:27.441031 [debug] [MainThread]: Connection 'model.enpal_assessment_project.stg_users' was properly closed.
[0m16:54:27.441607 [info ] [MainThread]: 
[0m16:54:27.442157 [info ] [MainThread]: Finished running 6 view models in 0 hours 0 minutes and 0.94 seconds (0.94s).
[0m16:54:27.444261 [debug] [MainThread]: Command end result
[0m16:54:27.483976 [debug] [MainThread]: Wrote artifact WritableManifest to /Users/macbook/Desktop/ENPAL/Take-Home-Assessment/REPO/dbt_enpal_assessment/target/manifest.json
[0m16:54:27.486406 [debug] [MainThread]: Wrote artifact SemanticManifest to /Users/macbook/Desktop/ENPAL/Take-Home-Assessment/REPO/dbt_enpal_assessment/target/semantic_manifest.json
[0m16:54:27.495751 [debug] [MainThread]: Wrote artifact RunExecutionResult to /Users/macbook/Desktop/ENPAL/Take-Home-Assessment/REPO/dbt_enpal_assessment/target/run_results.json
[0m16:54:27.496284 [info ] [MainThread]: 
[0m16:54:27.496845 [info ] [MainThread]: [31mCompleted with 2 errors, 0 partial successes, and 0 warnings:[0m
[0m16:54:27.497372 [info ] [MainThread]: 
[0m16:54:27.497947 [error] [MainThread]: [31mFailure in model stg_activity (models/staging/stg_activity.sql)[0m
[0m16:54:27.498476 [error] [MainThread]:   Database Error in model stg_activity (models/staging/stg_activity.sql)
  column "subject" does not exist
  LINE 13:   subject,
             ^
  compiled code at target/run/enpal_assessment_project/models/staging/stg_activity.sql
[0m16:54:27.498898 [info ] [MainThread]: 
[0m16:54:27.499391 [info ] [MainThread]:   compiled code at target/compiled/enpal_assessment_project/models/staging/stg_activity.sql
[0m16:54:27.499821 [info ] [MainThread]: 
[0m16:54:27.500319 [error] [MainThread]: [31mFailure in model stg_fields (models/staging/stg_fields.sql)[0m
[0m16:54:27.500834 [error] [MainThread]:   Database Error in model stg_fields (models/staging/stg_fields.sql)
  column "ID" does not exist
  LINE 10:   "ID"::bigint               as field_id,
             ^
  compiled code at target/run/enpal_assessment_project/models/staging/stg_fields.sql
[0m16:54:27.501319 [info ] [MainThread]: 
[0m16:54:27.501854 [info ] [MainThread]:   compiled code at target/compiled/enpal_assessment_project/models/staging/stg_fields.sql
[0m16:54:27.502289 [info ] [MainThread]: 
[0m16:54:27.502747 [info ] [MainThread]: Done. PASS=4 WARN=0 ERROR=2 SKIP=0 NO-OP=0 TOTAL=6
[0m16:54:27.506364 [debug] [MainThread]: Resource report: {"command_name": "run", "command_success": false, "command_wall_clock_time": 3.790091, "process_in_blocks": "0", "process_kernel_time": 0.519765, "process_mem_max_rss": "127299584", "process_out_blocks": "0", "process_user_time": 4.523102}
[0m16:54:27.507207 [debug] [MainThread]: Command `dbt run` failed at 16:54:27.507051 after 3.79 seconds
[0m16:54:27.507756 [debug] [MainThread]: Sending event: {'category': 'dbt', 'action': 'invocation', 'label': 'end', 'context': [<snowplow_tracker.self_describing_json.SelfDescribingJson object at 0x7fa3dd5c0550>, <snowplow_tracker.self_describing_json.SelfDescribingJson object at 0x7fa3dfa880d0>, <snowplow_tracker.self_describing_json.SelfDescribingJson object at 0x7fa3df07cd30>]}
[0m16:54:27.508256 [debug] [MainThread]: Flushing usage events
[0m16:54:28.512295 [debug] [MainThread]: An error was encountered while trying to flush usage events
[0m16:59:26.625641 [debug] [MainThread]: Sending event: {'category': 'dbt', 'action': 'invocation', 'label': 'start', 'context': [<snowplow_tracker.self_describing_json.SelfDescribingJson object at 0x7f7a83d98520>, <snowplow_tracker.self_describing_json.SelfDescribingJson object at 0x7f7a8581d1e0>, <snowplow_tracker.self_describing_json.SelfDescribingJson object at 0x7f7a8581caf0>]}


============================== 16:59:26.633675 | 36e198b5-06a1-4b3b-8ac9-85df7ec4572b ==============================
[0m16:59:26.633675 [info ] [MainThread]: Running with dbt=1.10.13
[0m16:59:26.634900 [debug] [MainThread]: running dbt with arguments {'target_path': 'None', 'quiet': 'False', 'profiles_dir': '/Users/macbook/Desktop/Enpal/Take-Home-Assessment/REPO/dbt_enpal_assessment', 'static_parser': 'True', 'write_json': 'True', 'printer_width': '80', 'invocation_command': 'dbt run --select staging --full-refresh', 'version_check': 'True', 'log_cache_events': 'False', 'log_format': 'default', 'fail_fast': 'False', 'log_path': '/Users/macbook/Desktop/ENPAL/Take-Home-Assessment/REPO/dbt_enpal_assessment/logs', 'partial_parse': 'True', 'debug': 'False', 'cache_selected_only': 'False', 'no_print': 'None', 'empty': 'False', 'indirect_selection': 'eager', 'use_experimental_parser': 'False', 'warn_error_options': 'WarnErrorOptionsV2(error=[], warn=[], silence=[])', 'warn_error': 'None', 'introspect': 'True', 'send_anonymous_usage_stats': 'True', 'use_colors': 'True'}
[0m16:59:27.132718 [debug] [MainThread]: Sending event: {'category': 'dbt', 'action': 'project_id', 'label': '36e198b5-06a1-4b3b-8ac9-85df7ec4572b', 'context': [<snowplow_tracker.self_describing_json.SelfDescribingJson object at 0x7f7a83f60460>]}
[0m16:59:27.223386 [debug] [MainThread]: Sending event: {'category': 'dbt', 'action': 'adapter_info', 'label': '36e198b5-06a1-4b3b-8ac9-85df7ec4572b', 'context': [<snowplow_tracker.self_describing_json.SelfDescribingJson object at 0x7f7a858f02b0>]}
[0m16:59:27.226233 [info ] [MainThread]: Registered adapter: postgres=1.9.1
[0m16:59:27.431100 [debug] [MainThread]: checksum: 9f0c81e2574b4ff463f3d16d080df83c6982fc0372c9feeacae0504ac9ea3ffe, vars: {}, profile: , target: , version: 1.10.13
[0m16:59:27.700266 [debug] [MainThread]: Partial parsing enabled: 0 files deleted, 0 files added, 0 files changed.
[0m16:59:27.700844 [debug] [MainThread]: Partial parsing enabled, no changes found, skipping parsing
[0m16:59:27.775838 [debug] [MainThread]: Sending event: {'category': 'dbt', 'action': 'load_project', 'label': '36e198b5-06a1-4b3b-8ac9-85df7ec4572b', 'context': [<snowplow_tracker.self_describing_json.SelfDescribingJson object at 0x7f7a860edc90>]}
[0m16:59:27.967204 [debug] [MainThread]: Wrote artifact WritableManifest to /Users/macbook/Desktop/ENPAL/Take-Home-Assessment/REPO/dbt_enpal_assessment/target/manifest.json
[0m16:59:27.971412 [debug] [MainThread]: Wrote artifact SemanticManifest to /Users/macbook/Desktop/ENPAL/Take-Home-Assessment/REPO/dbt_enpal_assessment/target/semantic_manifest.json
[0m16:59:28.015963 [debug] [MainThread]: Sending event: {'category': 'dbt', 'action': 'resource_counts', 'label': '36e198b5-06a1-4b3b-8ac9-85df7ec4572b', 'context': [<snowplow_tracker.self_describing_json.SelfDescribingJson object at 0x7f7a86063ee0>]}
[0m16:59:28.017070 [info ] [MainThread]: Found 6 models, 19 data tests, 6 sources, 447 macros
[0m16:59:28.017827 [debug] [MainThread]: Sending event: {'category': 'dbt', 'action': 'runnable_timing', 'label': '36e198b5-06a1-4b3b-8ac9-85df7ec4572b', 'context': [<snowplow_tracker.self_describing_json.SelfDescribingJson object at 0x7f7a860b5db0>]}
[0m16:59:28.020398 [info ] [MainThread]: 
[0m16:59:28.020981 [info ] [MainThread]: Concurrency: 1 threads (target='dev')
[0m16:59:28.021415 [info ] [MainThread]: 
[0m16:59:28.022051 [debug] [MainThread]: Acquiring new postgres connection 'master'
[0m16:59:28.027694 [debug] [ThreadPool]: Acquiring new postgres connection 'list_postgres'
[0m16:59:28.182810 [debug] [ThreadPool]: Using postgres connection "list_postgres"
[0m16:59:28.183491 [debug] [ThreadPool]: On list_postgres: /* {"app": "dbt", "dbt_version": "1.10.13", "profile_name": "enpal_assessment_project", "target_name": "dev", "connection_name": "list_postgres"} */

    select distinct nspname from pg_namespace
  
[0m16:59:28.184448 [debug] [ThreadPool]: Opening a new connection, currently in state init
[0m16:59:28.268226 [debug] [ThreadPool]: SQL status: SELECT 5 in 0.084 seconds
[0m16:59:28.269956 [debug] [ThreadPool]: On list_postgres: Close
[0m16:59:28.271878 [debug] [ThreadPool]: Re-using an available connection from the pool (formerly list_postgres, now list_postgres_public_pipedrive_analytics)
[0m16:59:28.279367 [debug] [ThreadPool]: Using postgres connection "list_postgres_public_pipedrive_analytics"
[0m16:59:28.279969 [debug] [ThreadPool]: On list_postgres_public_pipedrive_analytics: BEGIN
[0m16:59:28.280367 [debug] [ThreadPool]: Opening a new connection, currently in state closed
[0m16:59:28.295830 [debug] [ThreadPool]: SQL status: BEGIN in 0.015 seconds
[0m16:59:28.296802 [debug] [ThreadPool]: Using postgres connection "list_postgres_public_pipedrive_analytics"
[0m16:59:28.298270 [debug] [ThreadPool]: On list_postgres_public_pipedrive_analytics: /* {"app": "dbt", "dbt_version": "1.10.13", "profile_name": "enpal_assessment_project", "target_name": "dev", "connection_name": "list_postgres_public_pipedrive_analytics"} */
select
      'postgres' as database,
      tablename as name,
      schemaname as schema,
      'table' as type
    from pg_tables
    where schemaname ilike 'public_pipedrive_analytics'
    union all
    select
      'postgres' as database,
      viewname as name,
      schemaname as schema,
      'view' as type
    from pg_views
    where schemaname ilike 'public_pipedrive_analytics'
    union all
    select
      'postgres' as database,
      matviewname as name,
      schemaname as schema,
      'materialized_view' as type
    from pg_matviews
    where schemaname ilike 'public_pipedrive_analytics'
  
[0m16:59:28.302336 [debug] [ThreadPool]: SQL status: SELECT 5 in 0.003 seconds
[0m16:59:28.303932 [debug] [ThreadPool]: On list_postgres_public_pipedrive_analytics: ROLLBACK
[0m16:59:28.305117 [debug] [ThreadPool]: On list_postgres_public_pipedrive_analytics: Close
[0m16:59:28.312229 [debug] [MainThread]: Using postgres connection "master"
[0m16:59:28.312845 [debug] [MainThread]: On master: BEGIN
[0m16:59:28.313244 [debug] [MainThread]: Opening a new connection, currently in state init
[0m16:59:28.329021 [debug] [MainThread]: SQL status: BEGIN in 0.016 seconds
[0m16:59:28.330161 [debug] [MainThread]: Using postgres connection "master"
[0m16:59:28.331197 [debug] [MainThread]: On master: /* {"app": "dbt", "dbt_version": "1.10.13", "profile_name": "enpal_assessment_project", "target_name": "dev", "connection_name": "master"} */
select distinct
        dependent_namespace.nspname as dependent_schema,
        dependent_class.relname as dependent_name,
        referenced_namespace.nspname as referenced_schema,
        referenced_class.relname as referenced_name

    -- Query for views: views are entries in pg_class with an entry in pg_rewrite, but we avoid
    -- a seq scan on pg_rewrite by leveraging the fact there is an "internal" row in pg_depend for
    -- the view...
    from pg_class as dependent_class
    join pg_namespace as dependent_namespace on dependent_namespace.oid = dependent_class.relnamespace
    join pg_depend as dependent_depend on dependent_depend.refobjid = dependent_class.oid
        and dependent_depend.classid = 'pg_rewrite'::regclass
        and dependent_depend.refclassid = 'pg_class'::regclass
        and dependent_depend.deptype = 'i'

    -- ... and via pg_depend (that has a row per column, hence the need for "distinct" above, and
    -- making sure to exclude the internal row to avoid a view appearing to depend on itself)...
    join pg_depend as joining_depend on joining_depend.objid = dependent_depend.objid
        and joining_depend.classid = 'pg_rewrite'::regclass
        and joining_depend.refclassid = 'pg_class'::regclass
        and joining_depend.refobjid != dependent_depend.refobjid

    -- ... we can find the tables they query from in pg_class, but excluding system tables. Note we
    -- don't need need to exclude _dependent_ system tables, because they only query from other
    -- system tables, and so are automatically excluded by excluding _referenced_ system tables
    join pg_class as referenced_class on referenced_class.oid = joining_depend.refobjid
    join pg_namespace as referenced_namespace on referenced_namespace.oid = referenced_class.relnamespace
        and referenced_namespace.nspname != 'information_schema'
        and referenced_namespace.nspname not like 'pg\_%'

    order by
        dependent_schema, dependent_name, referenced_schema, referenced_name;
[0m16:59:28.336602 [debug] [MainThread]: SQL status: SELECT 4 in 0.005 seconds
[0m16:59:28.338800 [debug] [MainThread]: Sending event: {'category': 'dbt', 'action': 'runnable_timing', 'label': '36e198b5-06a1-4b3b-8ac9-85df7ec4572b', 'context': [<snowplow_tracker.self_describing_json.SelfDescribingJson object at 0x7f7a860acdc0>]}
[0m16:59:28.339732 [debug] [MainThread]: On master: ROLLBACK
[0m16:59:28.341195 [debug] [MainThread]: Using postgres connection "master"
[0m16:59:28.341953 [debug] [MainThread]: On master: BEGIN
[0m16:59:28.344173 [debug] [MainThread]: SQL status: BEGIN in 0.002 seconds
[0m16:59:28.345493 [debug] [MainThread]: On master: COMMIT
[0m16:59:28.346123 [debug] [MainThread]: Using postgres connection "master"
[0m16:59:28.346531 [debug] [MainThread]: On master: COMMIT
[0m16:59:28.347725 [debug] [MainThread]: SQL status: COMMIT in 0.001 seconds
[0m16:59:28.348297 [debug] [MainThread]: On master: Close
[0m16:59:28.352322 [debug] [Thread-1 (]: Began running node model.enpal_assessment_project.stg_activity
[0m16:59:28.353097 [info ] [Thread-1 (]: 1 of 6 START sql view model public_pipedrive_analytics.stg_activity ............ [RUN]
[0m16:59:28.353867 [debug] [Thread-1 (]: Re-using an available connection from the pool (formerly list_postgres_public_pipedrive_analytics, now model.enpal_assessment_project.stg_activity)
[0m16:59:28.354489 [debug] [Thread-1 (]: Began compiling node model.enpal_assessment_project.stg_activity
[0m16:59:28.364789 [debug] [Thread-1 (]: Writing injected SQL for node "model.enpal_assessment_project.stg_activity"
[0m16:59:28.365998 [debug] [Thread-1 (]: Began executing node model.enpal_assessment_project.stg_activity
[0m16:59:28.413935 [debug] [Thread-1 (]: Writing runtime sql for node "model.enpal_assessment_project.stg_activity"
[0m16:59:28.415351 [debug] [Thread-1 (]: Using postgres connection "model.enpal_assessment_project.stg_activity"
[0m16:59:28.415938 [debug] [Thread-1 (]: On model.enpal_assessment_project.stg_activity: BEGIN
[0m16:59:28.416418 [debug] [Thread-1 (]: Opening a new connection, currently in state closed
[0m16:59:28.434193 [debug] [Thread-1 (]: SQL status: BEGIN in 0.017 seconds
[0m16:59:28.434930 [debug] [Thread-1 (]: Using postgres connection "model.enpal_assessment_project.stg_activity"
[0m16:59:28.435437 [debug] [Thread-1 (]: On model.enpal_assessment_project.stg_activity: /* {"app": "dbt", "dbt_version": "1.10.13", "profile_name": "enpal_assessment_project", "target_name": "dev", "node_id": "model.enpal_assessment_project.stg_activity"} */

  create view "postgres"."public_pipedrive_analytics"."stg_activity__dbt_tmp"
    
    
  as (
    

select
  activity_id::bigint       as activity_id,
  deal_id::bigint           as deal_id,
  type                      as activity_type_key,
  subject,
  done::boolean             as done_flag,
  due_date::timestamptz     as due_ts,
  add_time::timestamptz     as add_ts
from "postgres"."public"."activity"
  );
[0m16:59:28.440460 [debug] [Thread-1 (]: Postgres adapter: Postgres error: column "subject" does not exist
LINE 13:   subject,
           ^

[0m16:59:28.441638 [debug] [Thread-1 (]: On model.enpal_assessment_project.stg_activity: ROLLBACK
[0m16:59:28.443581 [debug] [Thread-1 (]: On model.enpal_assessment_project.stg_activity: Close
[0m16:59:28.462675 [debug] [Thread-1 (]: Database Error in model stg_activity (models/staging/stg_activity.sql)
  column "subject" does not exist
  LINE 13:   subject,
             ^
  compiled code at target/run/enpal_assessment_project/models/staging/stg_activity.sql
[0m16:59:28.465764 [debug] [Thread-1 (]: Sending event: {'category': 'dbt', 'action': 'run_model', 'label': '36e198b5-06a1-4b3b-8ac9-85df7ec4572b', 'context': [<snowplow_tracker.self_describing_json.SelfDescribingJson object at 0x7f7a83bc2290>]}
[0m16:59:28.466817 [error] [Thread-1 (]: 1 of 6 ERROR creating sql view model public_pipedrive_analytics.stg_activity ... [[31mERROR[0m in 0.11s]
[0m16:59:28.467831 [debug] [Thread-1 (]: Finished running node model.enpal_assessment_project.stg_activity
[0m16:59:28.468564 [debug] [Thread-1 (]: Began running node model.enpal_assessment_project.stg_activity_types
[0m16:59:28.469275 [debug] [Thread-4 (]: Marking all children of 'model.enpal_assessment_project.stg_activity' to be skipped because of status 'error'.  Reason: Database Error in model stg_activity (models/staging/stg_activity.sql)
  column "subject" does not exist
  LINE 13:   subject,
             ^
  compiled code at target/run/enpal_assessment_project/models/staging/stg_activity.sql.
[0m16:59:28.470030 [info ] [Thread-1 (]: 2 of 6 START sql view model public_pipedrive_analytics.stg_activity_types ...... [RUN]
[0m16:59:28.471551 [debug] [Thread-1 (]: Re-using an available connection from the pool (formerly model.enpal_assessment_project.stg_activity, now model.enpal_assessment_project.stg_activity_types)
[0m16:59:28.472181 [debug] [Thread-1 (]: Began compiling node model.enpal_assessment_project.stg_activity_types
[0m16:59:28.476604 [debug] [Thread-1 (]: Writing injected SQL for node "model.enpal_assessment_project.stg_activity_types"
[0m16:59:28.478015 [debug] [Thread-1 (]: Began executing node model.enpal_assessment_project.stg_activity_types
[0m16:59:28.482645 [debug] [Thread-1 (]: Writing runtime sql for node "model.enpal_assessment_project.stg_activity_types"
[0m16:59:28.483985 [debug] [Thread-1 (]: Using postgres connection "model.enpal_assessment_project.stg_activity_types"
[0m16:59:28.484874 [debug] [Thread-1 (]: On model.enpal_assessment_project.stg_activity_types: BEGIN
[0m16:59:28.485420 [debug] [Thread-1 (]: Opening a new connection, currently in state closed
[0m16:59:28.500862 [debug] [Thread-1 (]: SQL status: BEGIN in 0.015 seconds
[0m16:59:28.502955 [debug] [Thread-1 (]: Using postgres connection "model.enpal_assessment_project.stg_activity_types"
[0m16:59:28.503643 [debug] [Thread-1 (]: On model.enpal_assessment_project.stg_activity_types: /* {"app": "dbt", "dbt_version": "1.10.13", "profile_name": "enpal_assessment_project", "target_name": "dev", "node_id": "model.enpal_assessment_project.stg_activity_types"} */

  create view "postgres"."public_pipedrive_analytics"."stg_activity_types__dbt_tmp"
    
    
  as (
    

select
  id::bigint       as activity_type_id,
  name             as activity_type_name,
  type             as activity_type_key,
  active::boolean  as active_flag
from "postgres"."public"."activity_types"
  );
[0m16:59:28.514654 [debug] [Thread-1 (]: SQL status: CREATE VIEW in 0.010 seconds
[0m16:59:28.524058 [debug] [Thread-1 (]: Using postgres connection "model.enpal_assessment_project.stg_activity_types"
[0m16:59:28.524673 [debug] [Thread-1 (]: On model.enpal_assessment_project.stg_activity_types: /* {"app": "dbt", "dbt_version": "1.10.13", "profile_name": "enpal_assessment_project", "target_name": "dev", "node_id": "model.enpal_assessment_project.stg_activity_types"} */
alter table "postgres"."public_pipedrive_analytics"."stg_activity_types" rename to "stg_activity_types__dbt_backup"
[0m16:59:28.527567 [debug] [Thread-1 (]: SQL status: ALTER TABLE in 0.002 seconds
[0m16:59:28.531791 [debug] [Thread-1 (]: Using postgres connection "model.enpal_assessment_project.stg_activity_types"
[0m16:59:28.532466 [debug] [Thread-1 (]: On model.enpal_assessment_project.stg_activity_types: /* {"app": "dbt", "dbt_version": "1.10.13", "profile_name": "enpal_assessment_project", "target_name": "dev", "node_id": "model.enpal_assessment_project.stg_activity_types"} */
alter table "postgres"."public_pipedrive_analytics"."stg_activity_types__dbt_tmp" rename to "stg_activity_types"
[0m16:59:28.534089 [debug] [Thread-1 (]: SQL status: ALTER TABLE in 0.001 seconds
[0m16:59:28.556681 [debug] [Thread-1 (]: On model.enpal_assessment_project.stg_activity_types: COMMIT
[0m16:59:28.557369 [debug] [Thread-1 (]: Using postgres connection "model.enpal_assessment_project.stg_activity_types"
[0m16:59:28.557836 [debug] [Thread-1 (]: On model.enpal_assessment_project.stg_activity_types: COMMIT
[0m16:59:28.561014 [debug] [Thread-1 (]: SQL status: COMMIT in 0.003 seconds
[0m16:59:28.570197 [debug] [Thread-1 (]: Applying DROP to: "postgres"."public_pipedrive_analytics"."stg_activity_types__dbt_backup"
[0m16:59:28.575349 [debug] [Thread-1 (]: Using postgres connection "model.enpal_assessment_project.stg_activity_types"
[0m16:59:28.575938 [debug] [Thread-1 (]: On model.enpal_assessment_project.stg_activity_types: /* {"app": "dbt", "dbt_version": "1.10.13", "profile_name": "enpal_assessment_project", "target_name": "dev", "node_id": "model.enpal_assessment_project.stg_activity_types"} */
drop view if exists "postgres"."public_pipedrive_analytics"."stg_activity_types__dbt_backup" cascade
[0m16:59:28.578862 [debug] [Thread-1 (]: SQL status: DROP VIEW in 0.002 seconds
[0m16:59:28.581926 [debug] [Thread-1 (]: On model.enpal_assessment_project.stg_activity_types: Close
[0m16:59:28.582884 [debug] [Thread-1 (]: Sending event: {'category': 'dbt', 'action': 'run_model', 'label': '36e198b5-06a1-4b3b-8ac9-85df7ec4572b', 'context': [<snowplow_tracker.self_describing_json.SelfDescribingJson object at 0x7f7a825447f0>]}
[0m16:59:28.584439 [info ] [Thread-1 (]: 2 of 6 OK created sql view model public_pipedrive_analytics.stg_activity_types . [[32mCREATE VIEW[0m in 0.11s]
[0m16:59:28.585769 [debug] [Thread-1 (]: Finished running node model.enpal_assessment_project.stg_activity_types
[0m16:59:28.586422 [debug] [Thread-1 (]: Began running node model.enpal_assessment_project.stg_deal_changes
[0m16:59:28.587065 [info ] [Thread-1 (]: 3 of 6 START sql view model public_pipedrive_analytics.stg_deal_changes ........ [RUN]
[0m16:59:28.587848 [debug] [Thread-1 (]: Re-using an available connection from the pool (formerly model.enpal_assessment_project.stg_activity_types, now model.enpal_assessment_project.stg_deal_changes)
[0m16:59:28.588385 [debug] [Thread-1 (]: Began compiling node model.enpal_assessment_project.stg_deal_changes
[0m16:59:28.592345 [debug] [Thread-1 (]: Writing injected SQL for node "model.enpal_assessment_project.stg_deal_changes"
[0m16:59:28.593281 [debug] [Thread-1 (]: Began executing node model.enpal_assessment_project.stg_deal_changes
[0m16:59:28.597808 [debug] [Thread-1 (]: Writing runtime sql for node "model.enpal_assessment_project.stg_deal_changes"
[0m16:59:28.598817 [debug] [Thread-1 (]: Using postgres connection "model.enpal_assessment_project.stg_deal_changes"
[0m16:59:28.599439 [debug] [Thread-1 (]: On model.enpal_assessment_project.stg_deal_changes: BEGIN
[0m16:59:28.599896 [debug] [Thread-1 (]: Opening a new connection, currently in state closed
[0m16:59:28.619947 [debug] [Thread-1 (]: SQL status: BEGIN in 0.019 seconds
[0m16:59:28.621733 [debug] [Thread-1 (]: Using postgres connection "model.enpal_assessment_project.stg_deal_changes"
[0m16:59:28.623124 [debug] [Thread-1 (]: On model.enpal_assessment_project.stg_deal_changes: /* {"app": "dbt", "dbt_version": "1.10.13", "profile_name": "enpal_assessment_project", "target_name": "dev", "node_id": "model.enpal_assessment_project.stg_deal_changes"} */

  create view "postgres"."public_pipedrive_analytics"."stg_deal_changes__dbt_tmp"
    
    
  as (
    

select
  deal_id::bigint,
  change_time::timestamptz as change_ts,
  changed_field_key,
  new_value,
  case
    when changed_field_key = 'stage_id' and new_value ~ '^[0-9]+$'
      then new_value::int
  end as new_stage_id
from "postgres"."public"."deal_changes"
  );
[0m16:59:28.626852 [debug] [Thread-1 (]: SQL status: CREATE VIEW in 0.003 seconds
[0m16:59:28.630795 [debug] [Thread-1 (]: Using postgres connection "model.enpal_assessment_project.stg_deal_changes"
[0m16:59:28.631449 [debug] [Thread-1 (]: On model.enpal_assessment_project.stg_deal_changes: /* {"app": "dbt", "dbt_version": "1.10.13", "profile_name": "enpal_assessment_project", "target_name": "dev", "node_id": "model.enpal_assessment_project.stg_deal_changes"} */
alter table "postgres"."public_pipedrive_analytics"."stg_deal_changes" rename to "stg_deal_changes__dbt_backup"
[0m16:59:28.633241 [debug] [Thread-1 (]: SQL status: ALTER TABLE in 0.001 seconds
[0m16:59:28.638077 [debug] [Thread-1 (]: Using postgres connection "model.enpal_assessment_project.stg_deal_changes"
[0m16:59:28.638654 [debug] [Thread-1 (]: On model.enpal_assessment_project.stg_deal_changes: /* {"app": "dbt", "dbt_version": "1.10.13", "profile_name": "enpal_assessment_project", "target_name": "dev", "node_id": "model.enpal_assessment_project.stg_deal_changes"} */
alter table "postgres"."public_pipedrive_analytics"."stg_deal_changes__dbt_tmp" rename to "stg_deal_changes"
[0m16:59:28.641838 [debug] [Thread-1 (]: SQL status: ALTER TABLE in 0.003 seconds
[0m16:59:28.644042 [debug] [Thread-1 (]: On model.enpal_assessment_project.stg_deal_changes: COMMIT
[0m16:59:28.644603 [debug] [Thread-1 (]: Using postgres connection "model.enpal_assessment_project.stg_deal_changes"
[0m16:59:28.645118 [debug] [Thread-1 (]: On model.enpal_assessment_project.stg_deal_changes: COMMIT
[0m16:59:28.647609 [debug] [Thread-1 (]: SQL status: COMMIT in 0.002 seconds
[0m16:59:28.651806 [debug] [Thread-1 (]: Applying DROP to: "postgres"."public_pipedrive_analytics"."stg_deal_changes__dbt_backup"
[0m16:59:28.652811 [debug] [Thread-1 (]: Using postgres connection "model.enpal_assessment_project.stg_deal_changes"
[0m16:59:28.653291 [debug] [Thread-1 (]: On model.enpal_assessment_project.stg_deal_changes: /* {"app": "dbt", "dbt_version": "1.10.13", "profile_name": "enpal_assessment_project", "target_name": "dev", "node_id": "model.enpal_assessment_project.stg_deal_changes"} */
drop view if exists "postgres"."public_pipedrive_analytics"."stg_deal_changes__dbt_backup" cascade
[0m16:59:28.655940 [debug] [Thread-1 (]: SQL status: DROP VIEW in 0.002 seconds
[0m16:59:28.657574 [debug] [Thread-1 (]: On model.enpal_assessment_project.stg_deal_changes: Close
[0m16:59:28.658606 [debug] [Thread-1 (]: Sending event: {'category': 'dbt', 'action': 'run_model', 'label': '36e198b5-06a1-4b3b-8ac9-85df7ec4572b', 'context': [<snowplow_tracker.self_describing_json.SelfDescribingJson object at 0x7f7a8577fbb0>]}
[0m16:59:28.660387 [info ] [Thread-1 (]: 3 of 6 OK created sql view model public_pipedrive_analytics.stg_deal_changes ... [[32mCREATE VIEW[0m in 0.07s]
[0m16:59:28.661826 [debug] [Thread-1 (]: Finished running node model.enpal_assessment_project.stg_deal_changes
[0m16:59:28.662474 [debug] [Thread-1 (]: Began running node model.enpal_assessment_project.stg_fields
[0m16:59:28.663215 [info ] [Thread-1 (]: 4 of 6 START sql view model public_pipedrive_analytics.stg_fields .............. [RUN]
[0m16:59:28.664144 [debug] [Thread-1 (]: Re-using an available connection from the pool (formerly model.enpal_assessment_project.stg_deal_changes, now model.enpal_assessment_project.stg_fields)
[0m16:59:28.664648 [debug] [Thread-1 (]: Began compiling node model.enpal_assessment_project.stg_fields
[0m16:59:28.668784 [debug] [Thread-1 (]: Writing injected SQL for node "model.enpal_assessment_project.stg_fields"
[0m16:59:28.669660 [debug] [Thread-1 (]: Began executing node model.enpal_assessment_project.stg_fields
[0m16:59:28.675505 [debug] [Thread-1 (]: Writing runtime sql for node "model.enpal_assessment_project.stg_fields"
[0m16:59:28.676441 [debug] [Thread-1 (]: Using postgres connection "model.enpal_assessment_project.stg_fields"
[0m16:59:28.676920 [debug] [Thread-1 (]: On model.enpal_assessment_project.stg_fields: BEGIN
[0m16:59:28.677357 [debug] [Thread-1 (]: Opening a new connection, currently in state closed
[0m16:59:28.693134 [debug] [Thread-1 (]: SQL status: BEGIN in 0.015 seconds
[0m16:59:28.694349 [debug] [Thread-1 (]: Using postgres connection "model.enpal_assessment_project.stg_fields"
[0m16:59:28.695364 [debug] [Thread-1 (]: On model.enpal_assessment_project.stg_fields: /* {"app": "dbt", "dbt_version": "1.10.13", "profile_name": "enpal_assessment_project", "target_name": "dev", "node_id": "model.enpal_assessment_project.stg_fields"} */

  create view "postgres"."public_pipedrive_analytics"."stg_fields__dbt_tmp"
    
    
  as (
    

select
  "ID"::bigint               as field_id,
  "FIELD_KEY"                as field_key,
  "NAME"                     as field_name,
  "FIELD_VALUE_OPTIONS"      as field_value_options
from "postgres"."public"."fields"
  );
[0m16:59:28.697632 [debug] [Thread-1 (]: Postgres adapter: Postgres error: column "ID" does not exist
LINE 10:   "ID"::bigint               as field_id,
           ^

[0m16:59:28.701277 [debug] [Thread-1 (]: On model.enpal_assessment_project.stg_fields: ROLLBACK
[0m16:59:28.703377 [debug] [Thread-1 (]: On model.enpal_assessment_project.stg_fields: Close
[0m16:59:28.706030 [debug] [Thread-1 (]: Database Error in model stg_fields (models/staging/stg_fields.sql)
  column "ID" does not exist
  LINE 10:   "ID"::bigint               as field_id,
             ^
  compiled code at target/run/enpal_assessment_project/models/staging/stg_fields.sql
[0m16:59:28.707256 [debug] [Thread-1 (]: Sending event: {'category': 'dbt', 'action': 'run_model', 'label': '36e198b5-06a1-4b3b-8ac9-85df7ec4572b', 'context': [<snowplow_tracker.self_describing_json.SelfDescribingJson object at 0x7f7a866ea260>]}
[0m16:59:28.708657 [error] [Thread-1 (]: 4 of 6 ERROR creating sql view model public_pipedrive_analytics.stg_fields ..... [[31mERROR[0m in 0.04s]
[0m16:59:28.709708 [debug] [Thread-1 (]: Finished running node model.enpal_assessment_project.stg_fields
[0m16:59:28.710303 [debug] [Thread-1 (]: Began running node model.enpal_assessment_project.stg_stages
[0m16:59:28.711087 [debug] [Thread-4 (]: Marking all children of 'model.enpal_assessment_project.stg_fields' to be skipped because of status 'error'.  Reason: Database Error in model stg_fields (models/staging/stg_fields.sql)
  column "ID" does not exist
  LINE 10:   "ID"::bigint               as field_id,
             ^
  compiled code at target/run/enpal_assessment_project/models/staging/stg_fields.sql.
[0m16:59:28.711654 [info ] [Thread-1 (]: 5 of 6 START sql view model public_pipedrive_analytics.stg_stages .............. [RUN]
[0m16:59:28.712429 [debug] [Thread-1 (]: Re-using an available connection from the pool (formerly model.enpal_assessment_project.stg_fields, now model.enpal_assessment_project.stg_stages)
[0m16:59:28.712948 [debug] [Thread-1 (]: Began compiling node model.enpal_assessment_project.stg_stages
[0m16:59:28.716773 [debug] [Thread-1 (]: Writing injected SQL for node "model.enpal_assessment_project.stg_stages"
[0m16:59:28.717821 [debug] [Thread-1 (]: Began executing node model.enpal_assessment_project.stg_stages
[0m16:59:28.722742 [debug] [Thread-1 (]: Writing runtime sql for node "model.enpal_assessment_project.stg_stages"
[0m16:59:28.723632 [debug] [Thread-1 (]: Using postgres connection "model.enpal_assessment_project.stg_stages"
[0m16:59:28.724112 [debug] [Thread-1 (]: On model.enpal_assessment_project.stg_stages: BEGIN
[0m16:59:28.724553 [debug] [Thread-1 (]: Opening a new connection, currently in state closed
[0m16:59:28.742098 [debug] [Thread-1 (]: SQL status: BEGIN in 0.017 seconds
[0m16:59:28.743682 [debug] [Thread-1 (]: Using postgres connection "model.enpal_assessment_project.stg_stages"
[0m16:59:28.744550 [debug] [Thread-1 (]: On model.enpal_assessment_project.stg_stages: /* {"app": "dbt", "dbt_version": "1.10.13", "profile_name": "enpal_assessment_project", "target_name": "dev", "node_id": "model.enpal_assessment_project.stg_stages"} */

  create view "postgres"."public_pipedrive_analytics"."stg_stages__dbt_tmp"
    
    
  as (
    

select
  stage_id::int,
  stage_name
from "postgres"."public"."stages"
  );
[0m16:59:28.746692 [debug] [Thread-1 (]: SQL status: CREATE VIEW in 0.002 seconds
[0m16:59:28.752379 [debug] [Thread-1 (]: Using postgres connection "model.enpal_assessment_project.stg_stages"
[0m16:59:28.753025 [debug] [Thread-1 (]: On model.enpal_assessment_project.stg_stages: /* {"app": "dbt", "dbt_version": "1.10.13", "profile_name": "enpal_assessment_project", "target_name": "dev", "node_id": "model.enpal_assessment_project.stg_stages"} */
alter table "postgres"."public_pipedrive_analytics"."stg_stages" rename to "stg_stages__dbt_backup"
[0m16:59:28.754551 [debug] [Thread-1 (]: SQL status: ALTER TABLE in 0.001 seconds
[0m16:59:28.759165 [debug] [Thread-1 (]: Using postgres connection "model.enpal_assessment_project.stg_stages"
[0m16:59:28.760007 [debug] [Thread-1 (]: On model.enpal_assessment_project.stg_stages: /* {"app": "dbt", "dbt_version": "1.10.13", "profile_name": "enpal_assessment_project", "target_name": "dev", "node_id": "model.enpal_assessment_project.stg_stages"} */
alter table "postgres"."public_pipedrive_analytics"."stg_stages__dbt_tmp" rename to "stg_stages"
[0m16:59:28.763298 [debug] [Thread-1 (]: SQL status: ALTER TABLE in 0.003 seconds
[0m16:59:28.766563 [debug] [Thread-1 (]: On model.enpal_assessment_project.stg_stages: COMMIT
[0m16:59:28.767629 [debug] [Thread-1 (]: Using postgres connection "model.enpal_assessment_project.stg_stages"
[0m16:59:28.768456 [debug] [Thread-1 (]: On model.enpal_assessment_project.stg_stages: COMMIT
[0m16:59:28.771505 [debug] [Thread-1 (]: SQL status: COMMIT in 0.002 seconds
[0m16:59:28.774768 [debug] [Thread-1 (]: Applying DROP to: "postgres"."public_pipedrive_analytics"."stg_stages__dbt_backup"
[0m16:59:28.775713 [debug] [Thread-1 (]: Using postgres connection "model.enpal_assessment_project.stg_stages"
[0m16:59:28.776191 [debug] [Thread-1 (]: On model.enpal_assessment_project.stg_stages: /* {"app": "dbt", "dbt_version": "1.10.13", "profile_name": "enpal_assessment_project", "target_name": "dev", "node_id": "model.enpal_assessment_project.stg_stages"} */
drop view if exists "postgres"."public_pipedrive_analytics"."stg_stages__dbt_backup" cascade
[0m16:59:28.778949 [debug] [Thread-1 (]: SQL status: DROP VIEW in 0.002 seconds
[0m16:59:28.780671 [debug] [Thread-1 (]: On model.enpal_assessment_project.stg_stages: Close
[0m16:59:28.781931 [debug] [Thread-1 (]: Sending event: {'category': 'dbt', 'action': 'run_model', 'label': '36e198b5-06a1-4b3b-8ac9-85df7ec4572b', 'context': [<snowplow_tracker.self_describing_json.SelfDescribingJson object at 0x7f7a8577fcd0>]}
[0m16:59:28.783205 [info ] [Thread-1 (]: 5 of 6 OK created sql view model public_pipedrive_analytics.stg_stages ......... [[32mCREATE VIEW[0m in 0.07s]
[0m16:59:28.785088 [debug] [Thread-1 (]: Finished running node model.enpal_assessment_project.stg_stages
[0m16:59:28.785726 [debug] [Thread-1 (]: Began running node model.enpal_assessment_project.stg_users
[0m16:59:28.786371 [info ] [Thread-1 (]: 6 of 6 START sql view model public_pipedrive_analytics.stg_users ............... [RUN]
[0m16:59:28.787104 [debug] [Thread-1 (]: Re-using an available connection from the pool (formerly model.enpal_assessment_project.stg_stages, now model.enpal_assessment_project.stg_users)
[0m16:59:28.787633 [debug] [Thread-1 (]: Began compiling node model.enpal_assessment_project.stg_users
[0m16:59:28.791402 [debug] [Thread-1 (]: Writing injected SQL for node "model.enpal_assessment_project.stg_users"
[0m16:59:28.792304 [debug] [Thread-1 (]: Began executing node model.enpal_assessment_project.stg_users
[0m16:59:28.798051 [debug] [Thread-1 (]: Writing runtime sql for node "model.enpal_assessment_project.stg_users"
[0m16:59:28.799067 [debug] [Thread-1 (]: Using postgres connection "model.enpal_assessment_project.stg_users"
[0m16:59:28.799579 [debug] [Thread-1 (]: On model.enpal_assessment_project.stg_users: BEGIN
[0m16:59:28.800024 [debug] [Thread-1 (]: Opening a new connection, currently in state closed
[0m16:59:28.814973 [debug] [Thread-1 (]: SQL status: BEGIN in 0.015 seconds
[0m16:59:28.816312 [debug] [Thread-1 (]: Using postgres connection "model.enpal_assessment_project.stg_users"
[0m16:59:28.817095 [debug] [Thread-1 (]: On model.enpal_assessment_project.stg_users: /* {"app": "dbt", "dbt_version": "1.10.13", "profile_name": "enpal_assessment_project", "target_name": "dev", "node_id": "model.enpal_assessment_project.stg_users"} */

  create view "postgres"."public_pipedrive_analytics"."stg_users__dbt_tmp"
    
    
  as (
    

select
  id::bigint     as user_id,
  name           as user_name,
  email,
  modified       as modified_at
from "postgres"."public"."users"
  );
[0m16:59:28.819830 [debug] [Thread-1 (]: SQL status: CREATE VIEW in 0.002 seconds
[0m16:59:28.824150 [debug] [Thread-1 (]: Using postgres connection "model.enpal_assessment_project.stg_users"
[0m16:59:28.824702 [debug] [Thread-1 (]: On model.enpal_assessment_project.stg_users: /* {"app": "dbt", "dbt_version": "1.10.13", "profile_name": "enpal_assessment_project", "target_name": "dev", "node_id": "model.enpal_assessment_project.stg_users"} */
alter table "postgres"."public_pipedrive_analytics"."stg_users" rename to "stg_users__dbt_backup"
[0m16:59:28.827556 [debug] [Thread-1 (]: SQL status: ALTER TABLE in 0.002 seconds
[0m16:59:28.831503 [debug] [Thread-1 (]: Using postgres connection "model.enpal_assessment_project.stg_users"
[0m16:59:28.832015 [debug] [Thread-1 (]: On model.enpal_assessment_project.stg_users: /* {"app": "dbt", "dbt_version": "1.10.13", "profile_name": "enpal_assessment_project", "target_name": "dev", "node_id": "model.enpal_assessment_project.stg_users"} */
alter table "postgres"."public_pipedrive_analytics"."stg_users__dbt_tmp" rename to "stg_users"
[0m16:59:28.833663 [debug] [Thread-1 (]: SQL status: ALTER TABLE in 0.001 seconds
[0m16:59:28.836357 [debug] [Thread-1 (]: On model.enpal_assessment_project.stg_users: COMMIT
[0m16:59:28.836895 [debug] [Thread-1 (]: Using postgres connection "model.enpal_assessment_project.stg_users"
[0m16:59:28.837361 [debug] [Thread-1 (]: On model.enpal_assessment_project.stg_users: COMMIT
[0m16:59:28.839560 [debug] [Thread-1 (]: SQL status: COMMIT in 0.002 seconds
[0m16:59:28.842829 [debug] [Thread-1 (]: Applying DROP to: "postgres"."public_pipedrive_analytics"."stg_users__dbt_backup"
[0m16:59:28.843792 [debug] [Thread-1 (]: Using postgres connection "model.enpal_assessment_project.stg_users"
[0m16:59:28.844266 [debug] [Thread-1 (]: On model.enpal_assessment_project.stg_users: /* {"app": "dbt", "dbt_version": "1.10.13", "profile_name": "enpal_assessment_project", "target_name": "dev", "node_id": "model.enpal_assessment_project.stg_users"} */
drop view if exists "postgres"."public_pipedrive_analytics"."stg_users__dbt_backup" cascade
[0m16:59:28.846945 [debug] [Thread-1 (]: SQL status: DROP VIEW in 0.002 seconds
[0m16:59:28.848596 [debug] [Thread-1 (]: On model.enpal_assessment_project.stg_users: Close
[0m16:59:28.849667 [debug] [Thread-1 (]: Sending event: {'category': 'dbt', 'action': 'run_model', 'label': '36e198b5-06a1-4b3b-8ac9-85df7ec4572b', 'context': [<snowplow_tracker.self_describing_json.SelfDescribingJson object at 0x7f7a860f0ac0>]}
[0m16:59:28.851941 [info ] [Thread-1 (]: 6 of 6 OK created sql view model public_pipedrive_analytics.stg_users .......... [[32mCREATE VIEW[0m in 0.06s]
[0m16:59:28.853467 [debug] [Thread-1 (]: Finished running node model.enpal_assessment_project.stg_users
[0m16:59:28.855663 [debug] [MainThread]: Using postgres connection "master"
[0m16:59:28.856149 [debug] [MainThread]: On master: BEGIN
[0m16:59:28.856533 [debug] [MainThread]: Opening a new connection, currently in state closed
[0m16:59:28.874550 [debug] [MainThread]: SQL status: BEGIN in 0.018 seconds
[0m16:59:28.875973 [debug] [MainThread]: On master: COMMIT
[0m16:59:28.876448 [debug] [MainThread]: Using postgres connection "master"
[0m16:59:28.876843 [debug] [MainThread]: On master: COMMIT
[0m16:59:28.877878 [debug] [MainThread]: SQL status: COMMIT in 0.001 seconds
[0m16:59:28.878376 [debug] [MainThread]: On master: Close
[0m16:59:28.879050 [debug] [MainThread]: Connection 'master' was properly closed.
[0m16:59:28.879501 [debug] [MainThread]: Connection 'model.enpal_assessment_project.stg_users' was properly closed.
[0m16:59:28.880012 [info ] [MainThread]: 
[0m16:59:28.880532 [info ] [MainThread]: Finished running 6 view models in 0 hours 0 minutes and 0.86 seconds (0.86s).
[0m16:59:28.882607 [debug] [MainThread]: Command end result
[0m16:59:28.917589 [debug] [MainThread]: Wrote artifact WritableManifest to /Users/macbook/Desktop/ENPAL/Take-Home-Assessment/REPO/dbt_enpal_assessment/target/manifest.json
[0m16:59:28.919740 [debug] [MainThread]: Wrote artifact SemanticManifest to /Users/macbook/Desktop/ENPAL/Take-Home-Assessment/REPO/dbt_enpal_assessment/target/semantic_manifest.json
[0m16:59:28.927654 [debug] [MainThread]: Wrote artifact RunExecutionResult to /Users/macbook/Desktop/ENPAL/Take-Home-Assessment/REPO/dbt_enpal_assessment/target/run_results.json
[0m16:59:28.928146 [info ] [MainThread]: 
[0m16:59:28.928967 [info ] [MainThread]: [31mCompleted with 2 errors, 0 partial successes, and 0 warnings:[0m
[0m16:59:28.929753 [info ] [MainThread]: 
[0m16:59:28.930680 [error] [MainThread]: [31mFailure in model stg_activity (models/staging/stg_activity.sql)[0m
[0m16:59:28.931327 [error] [MainThread]:   Database Error in model stg_activity (models/staging/stg_activity.sql)
  column "subject" does not exist
  LINE 13:   subject,
             ^
  compiled code at target/run/enpal_assessment_project/models/staging/stg_activity.sql
[0m16:59:28.931846 [info ] [MainThread]: 
[0m16:59:28.932538 [info ] [MainThread]:   compiled code at target/compiled/enpal_assessment_project/models/staging/stg_activity.sql
[0m16:59:28.933073 [info ] [MainThread]: 
[0m16:59:28.933654 [error] [MainThread]: [31mFailure in model stg_fields (models/staging/stg_fields.sql)[0m
[0m16:59:28.934270 [error] [MainThread]:   Database Error in model stg_fields (models/staging/stg_fields.sql)
  column "ID" does not exist
  LINE 10:   "ID"::bigint               as field_id,
             ^
  compiled code at target/run/enpal_assessment_project/models/staging/stg_fields.sql
[0m16:59:28.934789 [info ] [MainThread]: 
[0m16:59:28.935504 [info ] [MainThread]:   compiled code at target/compiled/enpal_assessment_project/models/staging/stg_fields.sql
[0m16:59:28.936070 [info ] [MainThread]: 
[0m16:59:28.936637 [info ] [MainThread]: Done. PASS=4 WARN=0 ERROR=2 SKIP=0 NO-OP=0 TOTAL=6
[0m16:59:28.939083 [debug] [MainThread]: Resource report: {"command_name": "run", "command_success": false, "command_wall_clock_time": 2.4107442, "process_in_blocks": "0", "process_kernel_time": 0.898395, "process_mem_max_rss": "120971264", "process_out_blocks": "0", "process_user_time": 3.533055}
[0m16:59:28.939872 [debug] [MainThread]: Command `dbt run` failed at 16:59:28.939737 after 2.41 seconds
[0m16:59:28.940446 [debug] [MainThread]: Sending event: {'category': 'dbt', 'action': 'invocation', 'label': 'end', 'context': [<snowplow_tracker.self_describing_json.SelfDescribingJson object at 0x7f7a83d98520>, <snowplow_tracker.self_describing_json.SelfDescribingJson object at 0x7f7a860ee890>, <snowplow_tracker.self_describing_json.SelfDescribingJson object at 0x7f7a867185b0>]}
[0m16:59:28.941072 [debug] [MainThread]: Flushing usage events
[0m16:59:29.620515 [debug] [MainThread]: An error was encountered while trying to flush usage events
[0m17:00:30.492758 [debug] [MainThread]: Sending event: {'category': 'dbt', 'action': 'invocation', 'label': 'start', 'context': [<snowplow_tracker.self_describing_json.SelfDescribingJson object at 0x7fa2584b45b0>, <snowplow_tracker.self_describing_json.SelfDescribingJson object at 0x7fa25a0a5210>, <snowplow_tracker.self_describing_json.SelfDescribingJson object at 0x7fa25a0a4b20>]}


============================== 17:00:30.500599 | e8e3509e-50c8-4bd8-95b7-c2b8ac54fa9a ==============================
[0m17:00:30.500599 [info ] [MainThread]: Running with dbt=1.10.13
[0m17:00:30.501744 [debug] [MainThread]: running dbt with arguments {'warn_error_options': 'WarnErrorOptionsV2(error=[], warn=[], silence=[])', 'write_json': 'True', 'log_path': '/Users/macbook/Desktop/ENPAL/Take-Home-Assessment/REPO/dbt_enpal_assessment/logs', 'partial_parse': 'True', 'cache_selected_only': 'False', 'version_check': 'True', 'quiet': 'False', 'fail_fast': 'False', 'empty': 'False', 'target_path': 'None', 'warn_error': 'None', 'no_print': 'None', 'log_format': 'default', 'invocation_command': 'dbt run --select staging --full-refresh', 'use_colors': 'True', 'send_anonymous_usage_stats': 'True', 'introspect': 'True', 'printer_width': '80', 'use_experimental_parser': 'False', 'log_cache_events': 'False', 'indirect_selection': 'eager', 'debug': 'False', 'profiles_dir': '/Users/macbook/Desktop/Enpal/Take-Home-Assessment/REPO/dbt_enpal_assessment', 'static_parser': 'True'}
[0m17:00:30.860601 [debug] [MainThread]: Sending event: {'category': 'dbt', 'action': 'project_id', 'label': 'e8e3509e-50c8-4bd8-95b7-c2b8ac54fa9a', 'context': [<snowplow_tracker.self_describing_json.SelfDescribingJson object at 0x7fa25a194a30>]}
[0m17:00:30.944152 [debug] [MainThread]: Sending event: {'category': 'dbt', 'action': 'adapter_info', 'label': 'e8e3509e-50c8-4bd8-95b7-c2b8ac54fa9a', 'context': [<snowplow_tracker.self_describing_json.SelfDescribingJson object at 0x7fa25a177f10>]}
[0m17:00:30.947192 [info ] [MainThread]: Registered adapter: postgres=1.9.1
[0m17:00:31.210428 [debug] [MainThread]: checksum: 9f0c81e2574b4ff463f3d16d080df83c6982fc0372c9feeacae0504ac9ea3ffe, vars: {}, profile: , target: , version: 1.10.13
[0m17:00:31.463083 [debug] [MainThread]: Partial parsing enabled: 0 files deleted, 0 files added, 5 files changed.
[0m17:00:31.464078 [debug] [MainThread]: Partial parsing: updated file: enpal_assessment_project://models/staging/stg_activity.sql
[0m17:00:31.465307 [debug] [MainThread]: Partial parsing: updated file: enpal_assessment_project://models/staging/stg_stages.sql
[0m17:00:31.466369 [debug] [MainThread]: Partial parsing: updated file: enpal_assessment_project://models/staging/stg_fields.sql
[0m17:00:31.467312 [debug] [MainThread]: Partial parsing: updated file: enpal_assessment_project://models/staging/stg_users.sql
[0m17:00:31.468309 [debug] [MainThread]: Partial parsing: updated file: enpal_assessment_project://models/staging/stg_deal_changes.sql
[0m17:00:32.182701 [debug] [MainThread]: Sending event: {'category': 'dbt', 'action': 'load_project', 'label': 'e8e3509e-50c8-4bd8-95b7-c2b8ac54fa9a', 'context': [<snowplow_tracker.self_describing_json.SelfDescribingJson object at 0x7fa25abb0100>]}
[0m17:00:32.310641 [debug] [MainThread]: Wrote artifact WritableManifest to /Users/macbook/Desktop/ENPAL/Take-Home-Assessment/REPO/dbt_enpal_assessment/target/manifest.json
[0m17:00:32.315132 [debug] [MainThread]: Wrote artifact SemanticManifest to /Users/macbook/Desktop/ENPAL/Take-Home-Assessment/REPO/dbt_enpal_assessment/target/semantic_manifest.json
[0m17:00:32.359885 [debug] [MainThread]: Sending event: {'category': 'dbt', 'action': 'resource_counts', 'label': 'e8e3509e-50c8-4bd8-95b7-c2b8ac54fa9a', 'context': [<snowplow_tracker.self_describing_json.SelfDescribingJson object at 0x7fa25ab6fe80>]}
[0m17:00:32.360715 [info ] [MainThread]: Found 6 models, 19 data tests, 6 sources, 447 macros
[0m17:00:32.361305 [debug] [MainThread]: Sending event: {'category': 'dbt', 'action': 'runnable_timing', 'label': 'e8e3509e-50c8-4bd8-95b7-c2b8ac54fa9a', 'context': [<snowplow_tracker.self_describing_json.SelfDescribingJson object at 0x7fa25a8f5870>]}
[0m17:00:32.363827 [info ] [MainThread]: 
[0m17:00:32.364570 [info ] [MainThread]: Concurrency: 1 threads (target='dev')
[0m17:00:32.365079 [info ] [MainThread]: 
[0m17:00:32.365805 [debug] [MainThread]: Acquiring new postgres connection 'master'
[0m17:00:32.372100 [debug] [ThreadPool]: Acquiring new postgres connection 'list_postgres'
[0m17:00:32.453784 [debug] [ThreadPool]: Using postgres connection "list_postgres"
[0m17:00:32.454545 [debug] [ThreadPool]: On list_postgres: /* {"app": "dbt", "dbt_version": "1.10.13", "profile_name": "enpal_assessment_project", "target_name": "dev", "connection_name": "list_postgres"} */

    select distinct nspname from pg_namespace
  
[0m17:00:32.455279 [debug] [ThreadPool]: Opening a new connection, currently in state init
[0m17:00:32.544662 [debug] [ThreadPool]: SQL status: SELECT 5 in 0.089 seconds
[0m17:00:32.546259 [debug] [ThreadPool]: On list_postgres: Close
[0m17:00:32.548567 [debug] [ThreadPool]: Re-using an available connection from the pool (formerly list_postgres, now list_postgres_public_pipedrive_analytics)
[0m17:00:32.556252 [debug] [ThreadPool]: Using postgres connection "list_postgres_public_pipedrive_analytics"
[0m17:00:32.556788 [debug] [ThreadPool]: On list_postgres_public_pipedrive_analytics: BEGIN
[0m17:00:32.557179 [debug] [ThreadPool]: Opening a new connection, currently in state closed
[0m17:00:32.572531 [debug] [ThreadPool]: SQL status: BEGIN in 0.015 seconds
[0m17:00:32.573617 [debug] [ThreadPool]: Using postgres connection "list_postgres_public_pipedrive_analytics"
[0m17:00:32.574535 [debug] [ThreadPool]: On list_postgres_public_pipedrive_analytics: /* {"app": "dbt", "dbt_version": "1.10.13", "profile_name": "enpal_assessment_project", "target_name": "dev", "connection_name": "list_postgres_public_pipedrive_analytics"} */
select
      'postgres' as database,
      tablename as name,
      schemaname as schema,
      'table' as type
    from pg_tables
    where schemaname ilike 'public_pipedrive_analytics'
    union all
    select
      'postgres' as database,
      viewname as name,
      schemaname as schema,
      'view' as type
    from pg_views
    where schemaname ilike 'public_pipedrive_analytics'
    union all
    select
      'postgres' as database,
      matviewname as name,
      schemaname as schema,
      'materialized_view' as type
    from pg_matviews
    where schemaname ilike 'public_pipedrive_analytics'
  
[0m17:00:32.578351 [debug] [ThreadPool]: SQL status: SELECT 5 in 0.003 seconds
[0m17:00:32.579960 [debug] [ThreadPool]: On list_postgres_public_pipedrive_analytics: ROLLBACK
[0m17:00:32.581131 [debug] [ThreadPool]: On list_postgres_public_pipedrive_analytics: Close
[0m17:00:32.589394 [debug] [MainThread]: Using postgres connection "master"
[0m17:00:32.590108 [debug] [MainThread]: On master: BEGIN
[0m17:00:32.591346 [debug] [MainThread]: Opening a new connection, currently in state init
[0m17:00:32.606726 [debug] [MainThread]: SQL status: BEGIN in 0.015 seconds
[0m17:00:32.608237 [debug] [MainThread]: Using postgres connection "master"
[0m17:00:32.608900 [debug] [MainThread]: On master: /* {"app": "dbt", "dbt_version": "1.10.13", "profile_name": "enpal_assessment_project", "target_name": "dev", "connection_name": "master"} */
select distinct
        dependent_namespace.nspname as dependent_schema,
        dependent_class.relname as dependent_name,
        referenced_namespace.nspname as referenced_schema,
        referenced_class.relname as referenced_name

    -- Query for views: views are entries in pg_class with an entry in pg_rewrite, but we avoid
    -- a seq scan on pg_rewrite by leveraging the fact there is an "internal" row in pg_depend for
    -- the view...
    from pg_class as dependent_class
    join pg_namespace as dependent_namespace on dependent_namespace.oid = dependent_class.relnamespace
    join pg_depend as dependent_depend on dependent_depend.refobjid = dependent_class.oid
        and dependent_depend.classid = 'pg_rewrite'::regclass
        and dependent_depend.refclassid = 'pg_class'::regclass
        and dependent_depend.deptype = 'i'

    -- ... and via pg_depend (that has a row per column, hence the need for "distinct" above, and
    -- making sure to exclude the internal row to avoid a view appearing to depend on itself)...
    join pg_depend as joining_depend on joining_depend.objid = dependent_depend.objid
        and joining_depend.classid = 'pg_rewrite'::regclass
        and joining_depend.refclassid = 'pg_class'::regclass
        and joining_depend.refobjid != dependent_depend.refobjid

    -- ... we can find the tables they query from in pg_class, but excluding system tables. Note we
    -- don't need need to exclude _dependent_ system tables, because they only query from other
    -- system tables, and so are automatically excluded by excluding _referenced_ system tables
    join pg_class as referenced_class on referenced_class.oid = joining_depend.refobjid
    join pg_namespace as referenced_namespace on referenced_namespace.oid = referenced_class.relnamespace
        and referenced_namespace.nspname != 'information_schema'
        and referenced_namespace.nspname not like 'pg\_%'

    order by
        dependent_schema, dependent_name, referenced_schema, referenced_name;
[0m17:00:32.614534 [debug] [MainThread]: SQL status: SELECT 4 in 0.005 seconds
[0m17:00:32.619111 [debug] [MainThread]: Sending event: {'category': 'dbt', 'action': 'runnable_timing', 'label': 'e8e3509e-50c8-4bd8-95b7-c2b8ac54fa9a', 'context': [<snowplow_tracker.self_describing_json.SelfDescribingJson object at 0x7fa25abb1ea0>]}
[0m17:00:32.620292 [debug] [MainThread]: On master: ROLLBACK
[0m17:00:32.623003 [debug] [MainThread]: Using postgres connection "master"
[0m17:00:32.623617 [debug] [MainThread]: On master: BEGIN
[0m17:00:32.626150 [debug] [MainThread]: SQL status: BEGIN in 0.002 seconds
[0m17:00:32.627437 [debug] [MainThread]: On master: COMMIT
[0m17:00:32.628517 [debug] [MainThread]: Using postgres connection "master"
[0m17:00:32.629130 [debug] [MainThread]: On master: COMMIT
[0m17:00:32.630412 [debug] [MainThread]: SQL status: COMMIT in 0.001 seconds
[0m17:00:32.631126 [debug] [MainThread]: On master: Close
[0m17:00:32.636128 [debug] [Thread-1 (]: Began running node model.enpal_assessment_project.stg_activity
[0m17:00:32.637205 [info ] [Thread-1 (]: 1 of 6 START sql view model public_pipedrive_analytics.stg_activity ............ [RUN]
[0m17:00:32.638094 [debug] [Thread-1 (]: Re-using an available connection from the pool (formerly list_postgres_public_pipedrive_analytics, now model.enpal_assessment_project.stg_activity)
[0m17:00:32.638651 [debug] [Thread-1 (]: Began compiling node model.enpal_assessment_project.stg_activity
[0m17:00:32.650700 [debug] [Thread-1 (]: Writing injected SQL for node "model.enpal_assessment_project.stg_activity"
[0m17:00:32.652948 [debug] [Thread-1 (]: Began executing node model.enpal_assessment_project.stg_activity
[0m17:00:32.699270 [debug] [Thread-1 (]: Writing runtime sql for node "model.enpal_assessment_project.stg_activity"
[0m17:00:32.702134 [debug] [Thread-1 (]: Using postgres connection "model.enpal_assessment_project.stg_activity"
[0m17:00:32.702762 [debug] [Thread-1 (]: On model.enpal_assessment_project.stg_activity: BEGIN
[0m17:00:32.703303 [debug] [Thread-1 (]: Opening a new connection, currently in state closed
[0m17:00:32.719738 [debug] [Thread-1 (]: SQL status: BEGIN in 0.016 seconds
[0m17:00:32.721213 [debug] [Thread-1 (]: Using postgres connection "model.enpal_assessment_project.stg_activity"
[0m17:00:32.721853 [debug] [Thread-1 (]: On model.enpal_assessment_project.stg_activity: /* {"app": "dbt", "dbt_version": "1.10.13", "profile_name": "enpal_assessment_project", "target_name": "dev", "node_id": "model.enpal_assessment_project.stg_activity"} */

  create view "postgres"."public_pipedrive_analytics"."stg_activity__dbt_tmp"
    
    
  as (
    

select
  activity_id::bigint       as activity_id,
  type                      as activity_type_key,
  assigned_to_user::bigint  as user_id,
  deal_id::bigint           as deal_id,
  done::boolean             as is_done,
  due_to::timestamp         as due_to
from "postgres"."public"."activity"
  );
[0m17:00:32.733602 [debug] [Thread-1 (]: SQL status: CREATE VIEW in 0.011 seconds
[0m17:00:32.741851 [debug] [Thread-1 (]: Using postgres connection "model.enpal_assessment_project.stg_activity"
[0m17:00:32.742448 [debug] [Thread-1 (]: On model.enpal_assessment_project.stg_activity: /* {"app": "dbt", "dbt_version": "1.10.13", "profile_name": "enpal_assessment_project", "target_name": "dev", "node_id": "model.enpal_assessment_project.stg_activity"} */
alter table "postgres"."public_pipedrive_analytics"."stg_activity__dbt_tmp" rename to "stg_activity"
[0m17:00:32.743950 [debug] [Thread-1 (]: SQL status: ALTER TABLE in 0.001 seconds
[0m17:00:32.772693 [debug] [Thread-1 (]: On model.enpal_assessment_project.stg_activity: COMMIT
[0m17:00:32.773342 [debug] [Thread-1 (]: Using postgres connection "model.enpal_assessment_project.stg_activity"
[0m17:00:32.773906 [debug] [Thread-1 (]: On model.enpal_assessment_project.stg_activity: COMMIT
[0m17:00:32.778089 [debug] [Thread-1 (]: SQL status: COMMIT in 0.004 seconds
[0m17:00:32.787984 [debug] [Thread-1 (]: Applying DROP to: "postgres"."public_pipedrive_analytics"."stg_activity__dbt_backup"
[0m17:00:32.793811 [debug] [Thread-1 (]: Using postgres connection "model.enpal_assessment_project.stg_activity"
[0m17:00:32.794416 [debug] [Thread-1 (]: On model.enpal_assessment_project.stg_activity: /* {"app": "dbt", "dbt_version": "1.10.13", "profile_name": "enpal_assessment_project", "target_name": "dev", "node_id": "model.enpal_assessment_project.stg_activity"} */
drop view if exists "postgres"."public_pipedrive_analytics"."stg_activity__dbt_backup" cascade
[0m17:00:32.796027 [debug] [Thread-1 (]: SQL status: DROP VIEW in 0.001 seconds
[0m17:00:32.799545 [debug] [Thread-1 (]: On model.enpal_assessment_project.stg_activity: Close
[0m17:00:32.803646 [debug] [Thread-1 (]: Sending event: {'category': 'dbt', 'action': 'run_model', 'label': 'e8e3509e-50c8-4bd8-95b7-c2b8ac54fa9a', 'context': [<snowplow_tracker.self_describing_json.SelfDescribingJson object at 0x7fa256d48880>]}
[0m17:00:32.804787 [info ] [Thread-1 (]: 1 of 6 OK created sql view model public_pipedrive_analytics.stg_activity ....... [[32mCREATE VIEW[0m in 0.16s]
[0m17:00:32.805867 [debug] [Thread-1 (]: Finished running node model.enpal_assessment_project.stg_activity
[0m17:00:32.807481 [debug] [Thread-1 (]: Began running node model.enpal_assessment_project.stg_activity_types
[0m17:00:32.808559 [info ] [Thread-1 (]: 2 of 6 START sql view model public_pipedrive_analytics.stg_activity_types ...... [RUN]
[0m17:00:32.809362 [debug] [Thread-1 (]: Re-using an available connection from the pool (formerly model.enpal_assessment_project.stg_activity, now model.enpal_assessment_project.stg_activity_types)
[0m17:00:32.809899 [debug] [Thread-1 (]: Began compiling node model.enpal_assessment_project.stg_activity_types
[0m17:00:32.813972 [debug] [Thread-1 (]: Writing injected SQL for node "model.enpal_assessment_project.stg_activity_types"
[0m17:00:32.815655 [debug] [Thread-1 (]: Began executing node model.enpal_assessment_project.stg_activity_types
[0m17:00:32.820578 [debug] [Thread-1 (]: Writing runtime sql for node "model.enpal_assessment_project.stg_activity_types"
[0m17:00:32.821529 [debug] [Thread-1 (]: Using postgres connection "model.enpal_assessment_project.stg_activity_types"
[0m17:00:32.822032 [debug] [Thread-1 (]: On model.enpal_assessment_project.stg_activity_types: BEGIN
[0m17:00:32.822476 [debug] [Thread-1 (]: Opening a new connection, currently in state closed
[0m17:00:32.838025 [debug] [Thread-1 (]: SQL status: BEGIN in 0.015 seconds
[0m17:00:32.839554 [debug] [Thread-1 (]: Using postgres connection "model.enpal_assessment_project.stg_activity_types"
[0m17:00:32.840598 [debug] [Thread-1 (]: On model.enpal_assessment_project.stg_activity_types: /* {"app": "dbt", "dbt_version": "1.10.13", "profile_name": "enpal_assessment_project", "target_name": "dev", "node_id": "model.enpal_assessment_project.stg_activity_types"} */

  create view "postgres"."public_pipedrive_analytics"."stg_activity_types__dbt_tmp"
    
    
  as (
    

select
  id::bigint       as activity_type_id,
  name             as activity_type_name,
  type             as activity_type_key,
  active::boolean  as active_flag
from "postgres"."public"."activity_types"
  );
[0m17:00:32.843715 [debug] [Thread-1 (]: SQL status: CREATE VIEW in 0.002 seconds
[0m17:00:32.850070 [debug] [Thread-1 (]: Using postgres connection "model.enpal_assessment_project.stg_activity_types"
[0m17:00:32.850682 [debug] [Thread-1 (]: On model.enpal_assessment_project.stg_activity_types: /* {"app": "dbt", "dbt_version": "1.10.13", "profile_name": "enpal_assessment_project", "target_name": "dev", "node_id": "model.enpal_assessment_project.stg_activity_types"} */
alter table "postgres"."public_pipedrive_analytics"."stg_activity_types" rename to "stg_activity_types__dbt_backup"
[0m17:00:32.852953 [debug] [Thread-1 (]: SQL status: ALTER TABLE in 0.002 seconds
[0m17:00:32.856504 [debug] [Thread-1 (]: Using postgres connection "model.enpal_assessment_project.stg_activity_types"
[0m17:00:32.857018 [debug] [Thread-1 (]: On model.enpal_assessment_project.stg_activity_types: /* {"app": "dbt", "dbt_version": "1.10.13", "profile_name": "enpal_assessment_project", "target_name": "dev", "node_id": "model.enpal_assessment_project.stg_activity_types"} */
alter table "postgres"."public_pipedrive_analytics"."stg_activity_types__dbt_tmp" rename to "stg_activity_types"
[0m17:00:32.858368 [debug] [Thread-1 (]: SQL status: ALTER TABLE in 0.001 seconds
[0m17:00:32.862528 [debug] [Thread-1 (]: On model.enpal_assessment_project.stg_activity_types: COMMIT
[0m17:00:32.863077 [debug] [Thread-1 (]: Using postgres connection "model.enpal_assessment_project.stg_activity_types"
[0m17:00:32.863550 [debug] [Thread-1 (]: On model.enpal_assessment_project.stg_activity_types: COMMIT
[0m17:00:32.866387 [debug] [Thread-1 (]: SQL status: COMMIT in 0.002 seconds
[0m17:00:32.869744 [debug] [Thread-1 (]: Applying DROP to: "postgres"."public_pipedrive_analytics"."stg_activity_types__dbt_backup"
[0m17:00:32.870672 [debug] [Thread-1 (]: Using postgres connection "model.enpal_assessment_project.stg_activity_types"
[0m17:00:32.871196 [debug] [Thread-1 (]: On model.enpal_assessment_project.stg_activity_types: /* {"app": "dbt", "dbt_version": "1.10.13", "profile_name": "enpal_assessment_project", "target_name": "dev", "node_id": "model.enpal_assessment_project.stg_activity_types"} */
drop view if exists "postgres"."public_pipedrive_analytics"."stg_activity_types__dbt_backup" cascade
[0m17:00:32.874315 [debug] [Thread-1 (]: SQL status: DROP VIEW in 0.003 seconds
[0m17:00:32.876110 [debug] [Thread-1 (]: On model.enpal_assessment_project.stg_activity_types: Close
[0m17:00:32.877312 [debug] [Thread-1 (]: Sending event: {'category': 'dbt', 'action': 'run_model', 'label': 'e8e3509e-50c8-4bd8-95b7-c2b8ac54fa9a', 'context': [<snowplow_tracker.self_describing_json.SelfDescribingJson object at 0x7fa25abb1e40>]}
[0m17:00:32.878809 [info ] [Thread-1 (]: 2 of 6 OK created sql view model public_pipedrive_analytics.stg_activity_types . [[32mCREATE VIEW[0m in 0.07s]
[0m17:00:32.880103 [debug] [Thread-1 (]: Finished running node model.enpal_assessment_project.stg_activity_types
[0m17:00:32.880765 [debug] [Thread-1 (]: Began running node model.enpal_assessment_project.stg_deal_changes
[0m17:00:32.881975 [info ] [Thread-1 (]: 3 of 6 START sql view model public_pipedrive_analytics.stg_deal_changes ........ [RUN]
[0m17:00:32.883135 [debug] [Thread-1 (]: Re-using an available connection from the pool (formerly model.enpal_assessment_project.stg_activity_types, now model.enpal_assessment_project.stg_deal_changes)
[0m17:00:32.883684 [debug] [Thread-1 (]: Began compiling node model.enpal_assessment_project.stg_deal_changes
[0m17:00:32.887500 [debug] [Thread-1 (]: Writing injected SQL for node "model.enpal_assessment_project.stg_deal_changes"
[0m17:00:32.888364 [debug] [Thread-1 (]: Began executing node model.enpal_assessment_project.stg_deal_changes
[0m17:00:32.892885 [debug] [Thread-1 (]: Writing runtime sql for node "model.enpal_assessment_project.stg_deal_changes"
[0m17:00:32.893767 [debug] [Thread-1 (]: Using postgres connection "model.enpal_assessment_project.stg_deal_changes"
[0m17:00:32.894249 [debug] [Thread-1 (]: On model.enpal_assessment_project.stg_deal_changes: BEGIN
[0m17:00:32.894680 [debug] [Thread-1 (]: Opening a new connection, currently in state closed
[0m17:00:32.910001 [debug] [Thread-1 (]: SQL status: BEGIN in 0.015 seconds
[0m17:00:32.911372 [debug] [Thread-1 (]: Using postgres connection "model.enpal_assessment_project.stg_deal_changes"
[0m17:00:32.911889 [debug] [Thread-1 (]: On model.enpal_assessment_project.stg_deal_changes: /* {"app": "dbt", "dbt_version": "1.10.13", "profile_name": "enpal_assessment_project", "target_name": "dev", "node_id": "model.enpal_assessment_project.stg_deal_changes"} */

  create view "postgres"."public_pipedrive_analytics"."stg_deal_changes__dbt_tmp"
    
    
  as (
    

select
  deal_id::bigint           as deal_id,
  change_time::timestamp    as change_time,
  changed_field_key         as changed_field_key,
  new_value                 as new_value
from "postgres"."public"."deal_changes"
  );
[0m17:00:32.915589 [debug] [Thread-1 (]: SQL status: CREATE VIEW in 0.003 seconds
[0m17:00:32.919927 [debug] [Thread-1 (]: Using postgres connection "model.enpal_assessment_project.stg_deal_changes"
[0m17:00:32.920507 [debug] [Thread-1 (]: On model.enpal_assessment_project.stg_deal_changes: /* {"app": "dbt", "dbt_version": "1.10.13", "profile_name": "enpal_assessment_project", "target_name": "dev", "node_id": "model.enpal_assessment_project.stg_deal_changes"} */
alter table "postgres"."public_pipedrive_analytics"."stg_deal_changes" rename to "stg_deal_changes__dbt_backup"
[0m17:00:32.923001 [debug] [Thread-1 (]: SQL status: ALTER TABLE in 0.002 seconds
[0m17:00:32.928292 [debug] [Thread-1 (]: Using postgres connection "model.enpal_assessment_project.stg_deal_changes"
[0m17:00:32.928868 [debug] [Thread-1 (]: On model.enpal_assessment_project.stg_deal_changes: /* {"app": "dbt", "dbt_version": "1.10.13", "profile_name": "enpal_assessment_project", "target_name": "dev", "node_id": "model.enpal_assessment_project.stg_deal_changes"} */
alter table "postgres"."public_pipedrive_analytics"."stg_deal_changes__dbt_tmp" rename to "stg_deal_changes"
[0m17:00:32.930176 [debug] [Thread-1 (]: SQL status: ALTER TABLE in 0.001 seconds
[0m17:00:32.932423 [debug] [Thread-1 (]: On model.enpal_assessment_project.stg_deal_changes: COMMIT
[0m17:00:32.932991 [debug] [Thread-1 (]: Using postgres connection "model.enpal_assessment_project.stg_deal_changes"
[0m17:00:32.933484 [debug] [Thread-1 (]: On model.enpal_assessment_project.stg_deal_changes: COMMIT
[0m17:00:32.936050 [debug] [Thread-1 (]: SQL status: COMMIT in 0.002 seconds
[0m17:00:32.939299 [debug] [Thread-1 (]: Applying DROP to: "postgres"."public_pipedrive_analytics"."stg_deal_changes__dbt_backup"
[0m17:00:32.940357 [debug] [Thread-1 (]: Using postgres connection "model.enpal_assessment_project.stg_deal_changes"
[0m17:00:32.940834 [debug] [Thread-1 (]: On model.enpal_assessment_project.stg_deal_changes: /* {"app": "dbt", "dbt_version": "1.10.13", "profile_name": "enpal_assessment_project", "target_name": "dev", "node_id": "model.enpal_assessment_project.stg_deal_changes"} */
drop view if exists "postgres"."public_pipedrive_analytics"."stg_deal_changes__dbt_backup" cascade
[0m17:00:32.943234 [debug] [Thread-1 (]: SQL status: DROP VIEW in 0.002 seconds
[0m17:00:32.944867 [debug] [Thread-1 (]: On model.enpal_assessment_project.stg_deal_changes: Close
[0m17:00:32.945926 [debug] [Thread-1 (]: Sending event: {'category': 'dbt', 'action': 'run_model', 'label': 'e8e3509e-50c8-4bd8-95b7-c2b8ac54fa9a', 'context': [<snowplow_tracker.self_describing_json.SelfDescribingJson object at 0x7fa2582da4d0>]}
[0m17:00:32.946933 [info ] [Thread-1 (]: 3 of 6 OK created sql view model public_pipedrive_analytics.stg_deal_changes ... [[32mCREATE VIEW[0m in 0.06s]
[0m17:00:32.948434 [debug] [Thread-1 (]: Finished running node model.enpal_assessment_project.stg_deal_changes
[0m17:00:32.950133 [debug] [Thread-1 (]: Began running node model.enpal_assessment_project.stg_fields
[0m17:00:32.950991 [info ] [Thread-1 (]: 4 of 6 START sql view model public_pipedrive_analytics.stg_fields .............. [RUN]
[0m17:00:32.951760 [debug] [Thread-1 (]: Re-using an available connection from the pool (formerly model.enpal_assessment_project.stg_deal_changes, now model.enpal_assessment_project.stg_fields)
[0m17:00:32.952596 [debug] [Thread-1 (]: Began compiling node model.enpal_assessment_project.stg_fields
[0m17:00:32.956274 [debug] [Thread-1 (]: Writing injected SQL for node "model.enpal_assessment_project.stg_fields"
[0m17:00:32.957331 [debug] [Thread-1 (]: Began executing node model.enpal_assessment_project.stg_fields
[0m17:00:32.964448 [debug] [Thread-1 (]: Writing runtime sql for node "model.enpal_assessment_project.stg_fields"
[0m17:00:32.965494 [debug] [Thread-1 (]: Using postgres connection "model.enpal_assessment_project.stg_fields"
[0m17:00:32.965985 [debug] [Thread-1 (]: On model.enpal_assessment_project.stg_fields: BEGIN
[0m17:00:32.966426 [debug] [Thread-1 (]: Opening a new connection, currently in state closed
[0m17:00:32.981461 [debug] [Thread-1 (]: SQL status: BEGIN in 0.015 seconds
[0m17:00:32.983257 [debug] [Thread-1 (]: Using postgres connection "model.enpal_assessment_project.stg_fields"
[0m17:00:32.983945 [debug] [Thread-1 (]: On model.enpal_assessment_project.stg_fields: /* {"app": "dbt", "dbt_version": "1.10.13", "profile_name": "enpal_assessment_project", "target_name": "dev", "node_id": "model.enpal_assessment_project.stg_fields"} */

  create view "postgres"."public_pipedrive_analytics"."stg_fields__dbt_tmp"
    
    
  as (
    

select
  id::bigint              as field_id,
  field_key               as field_key,
  name                    as field_name,
  field_value_options     as field_value_options
from "postgres"."public"."fields"
  );
[0m17:00:32.987653 [debug] [Thread-1 (]: SQL status: CREATE VIEW in 0.003 seconds
[0m17:00:32.991684 [debug] [Thread-1 (]: Using postgres connection "model.enpal_assessment_project.stg_fields"
[0m17:00:32.992207 [debug] [Thread-1 (]: On model.enpal_assessment_project.stg_fields: /* {"app": "dbt", "dbt_version": "1.10.13", "profile_name": "enpal_assessment_project", "target_name": "dev", "node_id": "model.enpal_assessment_project.stg_fields"} */
alter table "postgres"."public_pipedrive_analytics"."stg_fields__dbt_tmp" rename to "stg_fields"
[0m17:00:32.993519 [debug] [Thread-1 (]: SQL status: ALTER TABLE in 0.001 seconds
[0m17:00:32.995230 [debug] [Thread-1 (]: On model.enpal_assessment_project.stg_fields: COMMIT
[0m17:00:32.995724 [debug] [Thread-1 (]: Using postgres connection "model.enpal_assessment_project.stg_fields"
[0m17:00:32.996165 [debug] [Thread-1 (]: On model.enpal_assessment_project.stg_fields: COMMIT
[0m17:00:32.998462 [debug] [Thread-1 (]: SQL status: COMMIT in 0.002 seconds
[0m17:00:33.002333 [debug] [Thread-1 (]: Applying DROP to: "postgres"."public_pipedrive_analytics"."stg_fields__dbt_backup"
[0m17:00:33.003298 [debug] [Thread-1 (]: Using postgres connection "model.enpal_assessment_project.stg_fields"
[0m17:00:33.003767 [debug] [Thread-1 (]: On model.enpal_assessment_project.stg_fields: /* {"app": "dbt", "dbt_version": "1.10.13", "profile_name": "enpal_assessment_project", "target_name": "dev", "node_id": "model.enpal_assessment_project.stg_fields"} */
drop view if exists "postgres"."public_pipedrive_analytics"."stg_fields__dbt_backup" cascade
[0m17:00:33.005010 [debug] [Thread-1 (]: SQL status: DROP VIEW in 0.001 seconds
[0m17:00:33.006611 [debug] [Thread-1 (]: On model.enpal_assessment_project.stg_fields: Close
[0m17:00:33.007391 [debug] [Thread-1 (]: Sending event: {'category': 'dbt', 'action': 'run_model', 'label': 'e8e3509e-50c8-4bd8-95b7-c2b8ac54fa9a', 'context': [<snowplow_tracker.self_describing_json.SelfDescribingJson object at 0x7fa25ba33a30>]}
[0m17:00:33.008286 [info ] [Thread-1 (]: 4 of 6 OK created sql view model public_pipedrive_analytics.stg_fields ......... [[32mCREATE VIEW[0m in 0.06s]
[0m17:00:33.009150 [debug] [Thread-1 (]: Finished running node model.enpal_assessment_project.stg_fields
[0m17:00:33.009706 [debug] [Thread-1 (]: Began running node model.enpal_assessment_project.stg_stages
[0m17:00:33.010732 [info ] [Thread-1 (]: 5 of 6 START sql view model public_pipedrive_analytics.stg_stages .............. [RUN]
[0m17:00:33.011440 [debug] [Thread-1 (]: Re-using an available connection from the pool (formerly model.enpal_assessment_project.stg_fields, now model.enpal_assessment_project.stg_stages)
[0m17:00:33.011949 [debug] [Thread-1 (]: Began compiling node model.enpal_assessment_project.stg_stages
[0m17:00:33.016337 [debug] [Thread-1 (]: Writing injected SQL for node "model.enpal_assessment_project.stg_stages"
[0m17:00:33.017436 [debug] [Thread-1 (]: Began executing node model.enpal_assessment_project.stg_stages
[0m17:00:33.023984 [debug] [Thread-1 (]: Writing runtime sql for node "model.enpal_assessment_project.stg_stages"
[0m17:00:33.024891 [debug] [Thread-1 (]: Using postgres connection "model.enpal_assessment_project.stg_stages"
[0m17:00:33.025368 [debug] [Thread-1 (]: On model.enpal_assessment_project.stg_stages: BEGIN
[0m17:00:33.025799 [debug] [Thread-1 (]: Opening a new connection, currently in state closed
[0m17:00:33.042117 [debug] [Thread-1 (]: SQL status: BEGIN in 0.016 seconds
[0m17:00:33.044055 [debug] [Thread-1 (]: Using postgres connection "model.enpal_assessment_project.stg_stages"
[0m17:00:33.045095 [debug] [Thread-1 (]: On model.enpal_assessment_project.stg_stages: /* {"app": "dbt", "dbt_version": "1.10.13", "profile_name": "enpal_assessment_project", "target_name": "dev", "node_id": "model.enpal_assessment_project.stg_stages"} */

  create view "postgres"."public_pipedrive_analytics"."stg_stages__dbt_tmp"
    
    
  as (
    

select
  stage_id::int           as stage_id,
  stage_name              as stage_name
from "postgres"."public"."stages"
  );
[0m17:00:33.048525 [debug] [Thread-1 (]: SQL status: CREATE VIEW in 0.003 seconds
[0m17:00:33.053124 [debug] [Thread-1 (]: Using postgres connection "model.enpal_assessment_project.stg_stages"
[0m17:00:33.053780 [debug] [Thread-1 (]: On model.enpal_assessment_project.stg_stages: /* {"app": "dbt", "dbt_version": "1.10.13", "profile_name": "enpal_assessment_project", "target_name": "dev", "node_id": "model.enpal_assessment_project.stg_stages"} */
alter table "postgres"."public_pipedrive_analytics"."stg_stages" rename to "stg_stages__dbt_backup"
[0m17:00:33.055156 [debug] [Thread-1 (]: SQL status: ALTER TABLE in 0.001 seconds
[0m17:00:33.058881 [debug] [Thread-1 (]: Using postgres connection "model.enpal_assessment_project.stg_stages"
[0m17:00:33.059404 [debug] [Thread-1 (]: On model.enpal_assessment_project.stg_stages: /* {"app": "dbt", "dbt_version": "1.10.13", "profile_name": "enpal_assessment_project", "target_name": "dev", "node_id": "model.enpal_assessment_project.stg_stages"} */
alter table "postgres"."public_pipedrive_analytics"."stg_stages__dbt_tmp" rename to "stg_stages"
[0m17:00:33.060782 [debug] [Thread-1 (]: SQL status: ALTER TABLE in 0.001 seconds
[0m17:00:33.062651 [debug] [Thread-1 (]: On model.enpal_assessment_project.stg_stages: COMMIT
[0m17:00:33.063216 [debug] [Thread-1 (]: Using postgres connection "model.enpal_assessment_project.stg_stages"
[0m17:00:33.063660 [debug] [Thread-1 (]: On model.enpal_assessment_project.stg_stages: COMMIT
[0m17:00:33.065934 [debug] [Thread-1 (]: SQL status: COMMIT in 0.002 seconds
[0m17:00:33.069415 [debug] [Thread-1 (]: Applying DROP to: "postgres"."public_pipedrive_analytics"."stg_stages__dbt_backup"
[0m17:00:33.070349 [debug] [Thread-1 (]: Using postgres connection "model.enpal_assessment_project.stg_stages"
[0m17:00:33.070822 [debug] [Thread-1 (]: On model.enpal_assessment_project.stg_stages: /* {"app": "dbt", "dbt_version": "1.10.13", "profile_name": "enpal_assessment_project", "target_name": "dev", "node_id": "model.enpal_assessment_project.stg_stages"} */
drop view if exists "postgres"."public_pipedrive_analytics"."stg_stages__dbt_backup" cascade
[0m17:00:33.073143 [debug] [Thread-1 (]: SQL status: DROP VIEW in 0.002 seconds
[0m17:00:33.074762 [debug] [Thread-1 (]: On model.enpal_assessment_project.stg_stages: Close
[0m17:00:33.075620 [debug] [Thread-1 (]: Sending event: {'category': 'dbt', 'action': 'run_model', 'label': 'e8e3509e-50c8-4bd8-95b7-c2b8ac54fa9a', 'context': [<snowplow_tracker.self_describing_json.SelfDescribingJson object at 0x7fa2582da4d0>]}
[0m17:00:33.076772 [info ] [Thread-1 (]: 5 of 6 OK created sql view model public_pipedrive_analytics.stg_stages ......... [[32mCREATE VIEW[0m in 0.06s]
[0m17:00:33.077920 [debug] [Thread-1 (]: Finished running node model.enpal_assessment_project.stg_stages
[0m17:00:33.078982 [debug] [Thread-1 (]: Began running node model.enpal_assessment_project.stg_users
[0m17:00:33.079800 [info ] [Thread-1 (]: 6 of 6 START sql view model public_pipedrive_analytics.stg_users ............... [RUN]
[0m17:00:33.080625 [debug] [Thread-1 (]: Re-using an available connection from the pool (formerly model.enpal_assessment_project.stg_stages, now model.enpal_assessment_project.stg_users)
[0m17:00:33.081716 [debug] [Thread-1 (]: Began compiling node model.enpal_assessment_project.stg_users
[0m17:00:33.086062 [debug] [Thread-1 (]: Writing injected SQL for node "model.enpal_assessment_project.stg_users"
[0m17:00:33.086966 [debug] [Thread-1 (]: Began executing node model.enpal_assessment_project.stg_users
[0m17:00:33.091481 [debug] [Thread-1 (]: Writing runtime sql for node "model.enpal_assessment_project.stg_users"
[0m17:00:33.092735 [debug] [Thread-1 (]: Using postgres connection "model.enpal_assessment_project.stg_users"
[0m17:00:33.093499 [debug] [Thread-1 (]: On model.enpal_assessment_project.stg_users: BEGIN
[0m17:00:33.094152 [debug] [Thread-1 (]: Opening a new connection, currently in state closed
[0m17:00:33.117426 [debug] [Thread-1 (]: SQL status: BEGIN in 0.023 seconds
[0m17:00:33.119141 [debug] [Thread-1 (]: Using postgres connection "model.enpal_assessment_project.stg_users"
[0m17:00:33.120114 [debug] [Thread-1 (]: On model.enpal_assessment_project.stg_users: /* {"app": "dbt", "dbt_version": "1.10.13", "profile_name": "enpal_assessment_project", "target_name": "dev", "node_id": "model.enpal_assessment_project.stg_users"} */

  create view "postgres"."public_pipedrive_analytics"."stg_users__dbt_tmp"
    
    
  as (
    

select
  id::bigint              as user_id,
  name                    as user_name,
  email                   as email,
  modified::timestamp     as modified_time
from "postgres"."public"."users"
  );
[0m17:00:33.123115 [debug] [Thread-1 (]: SQL status: CREATE VIEW in 0.002 seconds
[0m17:00:33.128358 [debug] [Thread-1 (]: Using postgres connection "model.enpal_assessment_project.stg_users"
[0m17:00:33.128916 [debug] [Thread-1 (]: On model.enpal_assessment_project.stg_users: /* {"app": "dbt", "dbt_version": "1.10.13", "profile_name": "enpal_assessment_project", "target_name": "dev", "node_id": "model.enpal_assessment_project.stg_users"} */
alter table "postgres"."public_pipedrive_analytics"."stg_users" rename to "stg_users__dbt_backup"
[0m17:00:33.130298 [debug] [Thread-1 (]: SQL status: ALTER TABLE in 0.001 seconds
[0m17:00:33.193673 [debug] [Thread-1 (]: Using postgres connection "model.enpal_assessment_project.stg_users"
[0m17:00:33.194343 [debug] [Thread-1 (]: On model.enpal_assessment_project.stg_users: /* {"app": "dbt", "dbt_version": "1.10.13", "profile_name": "enpal_assessment_project", "target_name": "dev", "node_id": "model.enpal_assessment_project.stg_users"} */
alter table "postgres"."public_pipedrive_analytics"."stg_users__dbt_tmp" rename to "stg_users"
[0m17:00:33.196055 [debug] [Thread-1 (]: SQL status: ALTER TABLE in 0.001 seconds
[0m17:00:33.198444 [debug] [Thread-1 (]: On model.enpal_assessment_project.stg_users: COMMIT
[0m17:00:33.199018 [debug] [Thread-1 (]: Using postgres connection "model.enpal_assessment_project.stg_users"
[0m17:00:33.199501 [debug] [Thread-1 (]: On model.enpal_assessment_project.stg_users: COMMIT
[0m17:00:33.203229 [debug] [Thread-1 (]: SQL status: COMMIT in 0.003 seconds
[0m17:00:33.206693 [debug] [Thread-1 (]: Applying DROP to: "postgres"."public_pipedrive_analytics"."stg_users__dbt_backup"
[0m17:00:33.207835 [debug] [Thread-1 (]: Using postgres connection "model.enpal_assessment_project.stg_users"
[0m17:00:33.208380 [debug] [Thread-1 (]: On model.enpal_assessment_project.stg_users: /* {"app": "dbt", "dbt_version": "1.10.13", "profile_name": "enpal_assessment_project", "target_name": "dev", "node_id": "model.enpal_assessment_project.stg_users"} */
drop view if exists "postgres"."public_pipedrive_analytics"."stg_users__dbt_backup" cascade
[0m17:00:33.210915 [debug] [Thread-1 (]: SQL status: DROP VIEW in 0.002 seconds
[0m17:00:33.212609 [debug] [Thread-1 (]: On model.enpal_assessment_project.stg_users: Close
[0m17:00:33.213427 [debug] [Thread-1 (]: Sending event: {'category': 'dbt', 'action': 'run_model', 'label': 'e8e3509e-50c8-4bd8-95b7-c2b8ac54fa9a', 'context': [<snowplow_tracker.self_describing_json.SelfDescribingJson object at 0x7fa25ba6c460>]}
[0m17:00:33.214343 [info ] [Thread-1 (]: 6 of 6 OK created sql view model public_pipedrive_analytics.stg_users .......... [[32mCREATE VIEW[0m in 0.13s]
[0m17:00:33.215699 [debug] [Thread-1 (]: Finished running node model.enpal_assessment_project.stg_users
[0m17:00:33.218493 [debug] [MainThread]: Using postgres connection "master"
[0m17:00:33.219022 [debug] [MainThread]: On master: BEGIN
[0m17:00:33.219428 [debug] [MainThread]: Opening a new connection, currently in state closed
[0m17:00:33.235692 [debug] [MainThread]: SQL status: BEGIN in 0.016 seconds
[0m17:00:33.236863 [debug] [MainThread]: On master: COMMIT
[0m17:00:33.237569 [debug] [MainThread]: Using postgres connection "master"
[0m17:00:33.237962 [debug] [MainThread]: On master: COMMIT
[0m17:00:33.238983 [debug] [MainThread]: SQL status: COMMIT in 0.001 seconds
[0m17:00:33.239471 [debug] [MainThread]: On master: Close
[0m17:00:33.240017 [debug] [MainThread]: Connection 'master' was properly closed.
[0m17:00:33.240456 [debug] [MainThread]: Connection 'model.enpal_assessment_project.stg_users' was properly closed.
[0m17:00:33.240946 [info ] [MainThread]: 
[0m17:00:33.241467 [info ] [MainThread]: Finished running 6 view models in 0 hours 0 minutes and 0.88 seconds (0.88s).
[0m17:00:33.243561 [debug] [MainThread]: Command end result
[0m17:00:33.297768 [debug] [MainThread]: Wrote artifact WritableManifest to /Users/macbook/Desktop/ENPAL/Take-Home-Assessment/REPO/dbt_enpal_assessment/target/manifest.json
[0m17:00:33.300550 [debug] [MainThread]: Wrote artifact SemanticManifest to /Users/macbook/Desktop/ENPAL/Take-Home-Assessment/REPO/dbt_enpal_assessment/target/semantic_manifest.json
[0m17:00:33.309879 [debug] [MainThread]: Wrote artifact RunExecutionResult to /Users/macbook/Desktop/ENPAL/Take-Home-Assessment/REPO/dbt_enpal_assessment/target/run_results.json
[0m17:00:33.310605 [info ] [MainThread]: 
[0m17:00:33.311351 [info ] [MainThread]: [32mCompleted successfully[0m
[0m17:00:33.311972 [info ] [MainThread]: 
[0m17:00:33.312537 [info ] [MainThread]: Done. PASS=6 WARN=0 ERROR=0 SKIP=0 NO-OP=0 TOTAL=6
[0m17:00:33.314467 [debug] [MainThread]: Resource report: {"command_name": "run", "command_success": true, "command_wall_clock_time": 2.9225416, "process_in_blocks": "0", "process_kernel_time": 0.850441, "process_mem_max_rss": "127315968", "process_out_blocks": "0", "process_user_time": 4.16347}
[0m17:00:33.315462 [debug] [MainThread]: Command `dbt run` succeeded at 17:00:33.315207 after 2.92 seconds
[0m17:00:33.316138 [debug] [MainThread]: Sending event: {'category': 'dbt', 'action': 'invocation', 'label': 'end', 'context': [<snowplow_tracker.self_describing_json.SelfDescribingJson object at 0x7fa2584b45b0>, <snowplow_tracker.self_describing_json.SelfDescribingJson object at 0x7fa2587791e0>, <snowplow_tracker.self_describing_json.SelfDescribingJson object at 0x7fa25460bcd0>]}
[0m17:00:33.316647 [debug] [MainThread]: Flushing usage events
[0m17:00:33.954426 [debug] [MainThread]: An error was encountered while trying to flush usage events
[0m17:40:06.011466 [debug] [MainThread]: Sending event: {'category': 'dbt', 'action': 'invocation', 'label': 'start', 'context': [<snowplow_tracker.self_describing_json.SelfDescribingJson object at 0x7ff242d98580>, <snowplow_tracker.self_describing_json.SelfDescribingJson object at 0x7ff244885240>, <snowplow_tracker.self_describing_json.SelfDescribingJson object at 0x7ff244884b50>]}


============================== 17:40:06.020252 | 64df833d-8deb-4a09-abe1-8c9e7f0b9b4c ==============================
[0m17:40:06.020252 [info ] [MainThread]: Running with dbt=1.10.13
[0m17:40:06.021423 [debug] [MainThread]: running dbt with arguments {'fail_fast': 'False', 'target_path': 'None', 'warn_error_options': 'WarnErrorOptionsV2(error=[], warn=[], silence=[])', 'indirect_selection': 'eager', 'debug': 'False', 'invocation_command': 'dbt run --select intermediate --full-refresh', 'log_cache_events': 'False', 'cache_selected_only': 'False', 'log_format': 'default', 'no_print': 'None', 'version_check': 'True', 'use_colors': 'True', 'introspect': 'True', 'empty': 'False', 'quiet': 'False', 'log_path': '/Users/macbook/Desktop/ENPAL/Take-Home-Assessment/REPO/dbt_enpal_assessment/logs', 'partial_parse': 'True', 'write_json': 'True', 'warn_error': 'None', 'send_anonymous_usage_stats': 'True', 'printer_width': '80', 'static_parser': 'True', 'profiles_dir': '/Users/macbook/Desktop/Enpal/Take-Home-Assessment/REPO/dbt_enpal_assessment', 'use_experimental_parser': 'False'}
[0m17:40:06.529324 [debug] [MainThread]: Sending event: {'category': 'dbt', 'action': 'project_id', 'label': '64df833d-8deb-4a09-abe1-8c9e7f0b9b4c', 'context': [<snowplow_tracker.self_describing_json.SelfDescribingJson object at 0x7ff244976ce0>]}
[0m17:40:06.611749 [debug] [MainThread]: Sending event: {'category': 'dbt', 'action': 'adapter_info', 'label': '64df833d-8deb-4a09-abe1-8c9e7f0b9b4c', 'context': [<snowplow_tracker.self_describing_json.SelfDescribingJson object at 0x7ff244954430>]}
[0m17:40:06.614569 [info ] [MainThread]: Registered adapter: postgres=1.9.1
[0m17:40:06.829151 [debug] [MainThread]: checksum: 9f0c81e2574b4ff463f3d16d080df83c6982fc0372c9feeacae0504ac9ea3ffe, vars: {}, profile: , target: , version: 1.10.13
[0m17:40:07.105681 [debug] [MainThread]: Partial parsing enabled: 0 files deleted, 3 files added, 0 files changed.
[0m17:40:07.106551 [debug] [MainThread]: Partial parsing: added file: enpal_assessment_project://models/intermediate/int_stage_transitions.sql
[0m17:40:07.107089 [debug] [MainThread]: Partial parsing: added file: enpal_assessment_project://models/intermediate/int_activity_events.sql
[0m17:40:07.107646 [debug] [MainThread]: Partial parsing: added file: enpal_assessment_project://models/intermediate/intermediate.yml
[0m17:40:07.555710 [debug] [MainThread]: Sending event: {'category': 'dbt', 'action': 'load_project', 'label': '64df833d-8deb-4a09-abe1-8c9e7f0b9b4c', 'context': [<snowplow_tracker.self_describing_json.SelfDescribingJson object at 0x7ff24514dc90>]}
[0m17:40:07.686799 [debug] [MainThread]: Wrote artifact WritableManifest to /Users/macbook/Desktop/ENPAL/Take-Home-Assessment/REPO/dbt_enpal_assessment/target/manifest.json
[0m17:40:07.692441 [debug] [MainThread]: Wrote artifact SemanticManifest to /Users/macbook/Desktop/ENPAL/Take-Home-Assessment/REPO/dbt_enpal_assessment/target/semantic_manifest.json
[0m17:40:07.743650 [debug] [MainThread]: Sending event: {'category': 'dbt', 'action': 'resource_counts', 'label': '64df833d-8deb-4a09-abe1-8c9e7f0b9b4c', 'context': [<snowplow_tracker.self_describing_json.SelfDescribingJson object at 0x7ff244f5a1d0>]}
[0m17:40:07.744754 [info ] [MainThread]: Found 8 models, 19 data tests, 6 sources, 447 macros
[0m17:40:07.745479 [debug] [MainThread]: Sending event: {'category': 'dbt', 'action': 'runnable_timing', 'label': '64df833d-8deb-4a09-abe1-8c9e7f0b9b4c', 'context': [<snowplow_tracker.self_describing_json.SelfDescribingJson object at 0x7ff24514fa60>]}
[0m17:40:07.747844 [info ] [MainThread]: 
[0m17:40:07.748442 [info ] [MainThread]: Concurrency: 1 threads (target='dev')
[0m17:40:07.748931 [info ] [MainThread]: 
[0m17:40:07.749770 [debug] [MainThread]: Acquiring new postgres connection 'master'
[0m17:40:07.751112 [debug] [ThreadPool]: Acquiring new postgres connection 'list_postgres'
[0m17:40:07.985182 [debug] [ThreadPool]: Using postgres connection "list_postgres"
[0m17:40:07.985787 [debug] [ThreadPool]: On list_postgres: /* {"app": "dbt", "dbt_version": "1.10.13", "profile_name": "enpal_assessment_project", "target_name": "dev", "connection_name": "list_postgres"} */

    select distinct nspname from pg_namespace
  
[0m17:40:07.986214 [debug] [ThreadPool]: Opening a new connection, currently in state init
[0m17:40:08.083753 [debug] [ThreadPool]: SQL status: SELECT 5 in 0.097 seconds
[0m17:40:08.085448 [debug] [ThreadPool]: On list_postgres: Close
[0m17:40:08.091691 [debug] [ThreadPool]: Re-using an available connection from the pool (formerly list_postgres, now list_postgres_public_pipedrive_analytics)
[0m17:40:08.099654 [debug] [ThreadPool]: Using postgres connection "list_postgres_public_pipedrive_analytics"
[0m17:40:08.100154 [debug] [ThreadPool]: On list_postgres_public_pipedrive_analytics: BEGIN
[0m17:40:08.100540 [debug] [ThreadPool]: Opening a new connection, currently in state closed
[0m17:40:08.116549 [debug] [ThreadPool]: SQL status: BEGIN in 0.016 seconds
[0m17:40:08.117608 [debug] [ThreadPool]: Using postgres connection "list_postgres_public_pipedrive_analytics"
[0m17:40:08.118588 [debug] [ThreadPool]: On list_postgres_public_pipedrive_analytics: /* {"app": "dbt", "dbt_version": "1.10.13", "profile_name": "enpal_assessment_project", "target_name": "dev", "connection_name": "list_postgres_public_pipedrive_analytics"} */
select
      'postgres' as database,
      tablename as name,
      schemaname as schema,
      'table' as type
    from pg_tables
    where schemaname ilike 'public_pipedrive_analytics'
    union all
    select
      'postgres' as database,
      viewname as name,
      schemaname as schema,
      'view' as type
    from pg_views
    where schemaname ilike 'public_pipedrive_analytics'
    union all
    select
      'postgres' as database,
      matviewname as name,
      schemaname as schema,
      'materialized_view' as type
    from pg_matviews
    where schemaname ilike 'public_pipedrive_analytics'
  
[0m17:40:08.123522 [debug] [ThreadPool]: SQL status: SELECT 7 in 0.004 seconds
[0m17:40:08.125091 [debug] [ThreadPool]: On list_postgres_public_pipedrive_analytics: ROLLBACK
[0m17:40:08.126120 [debug] [ThreadPool]: On list_postgres_public_pipedrive_analytics: Close
[0m17:40:08.134559 [debug] [MainThread]: Using postgres connection "master"
[0m17:40:08.135532 [debug] [MainThread]: On master: BEGIN
[0m17:40:08.135985 [debug] [MainThread]: Opening a new connection, currently in state init
[0m17:40:08.151170 [debug] [MainThread]: SQL status: BEGIN in 0.015 seconds
[0m17:40:08.152255 [debug] [MainThread]: Using postgres connection "master"
[0m17:40:08.153395 [debug] [MainThread]: On master: /* {"app": "dbt", "dbt_version": "1.10.13", "profile_name": "enpal_assessment_project", "target_name": "dev", "connection_name": "master"} */
select distinct
        dependent_namespace.nspname as dependent_schema,
        dependent_class.relname as dependent_name,
        referenced_namespace.nspname as referenced_schema,
        referenced_class.relname as referenced_name

    -- Query for views: views are entries in pg_class with an entry in pg_rewrite, but we avoid
    -- a seq scan on pg_rewrite by leveraging the fact there is an "internal" row in pg_depend for
    -- the view...
    from pg_class as dependent_class
    join pg_namespace as dependent_namespace on dependent_namespace.oid = dependent_class.relnamespace
    join pg_depend as dependent_depend on dependent_depend.refobjid = dependent_class.oid
        and dependent_depend.classid = 'pg_rewrite'::regclass
        and dependent_depend.refclassid = 'pg_class'::regclass
        and dependent_depend.deptype = 'i'

    -- ... and via pg_depend (that has a row per column, hence the need for "distinct" above, and
    -- making sure to exclude the internal row to avoid a view appearing to depend on itself)...
    join pg_depend as joining_depend on joining_depend.objid = dependent_depend.objid
        and joining_depend.classid = 'pg_rewrite'::regclass
        and joining_depend.refclassid = 'pg_class'::regclass
        and joining_depend.refobjid != dependent_depend.refobjid

    -- ... we can find the tables they query from in pg_class, but excluding system tables. Note we
    -- don't need need to exclude _dependent_ system tables, because they only query from other
    -- system tables, and so are automatically excluded by excluding _referenced_ system tables
    join pg_class as referenced_class on referenced_class.oid = joining_depend.refobjid
    join pg_namespace as referenced_namespace on referenced_namespace.oid = referenced_class.relnamespace
        and referenced_namespace.nspname != 'information_schema'
        and referenced_namespace.nspname not like 'pg\_%'

    order by
        dependent_schema, dependent_name, referenced_schema, referenced_name;
[0m17:40:08.160908 [debug] [MainThread]: SQL status: SELECT 6 in 0.007 seconds
[0m17:40:08.163282 [debug] [MainThread]: Sending event: {'category': 'dbt', 'action': 'runnable_timing', 'label': '64df833d-8deb-4a09-abe1-8c9e7f0b9b4c', 'context': [<snowplow_tracker.self_describing_json.SelfDescribingJson object at 0x7ff24482acb0>]}
[0m17:40:08.164320 [debug] [MainThread]: On master: ROLLBACK
[0m17:40:08.167735 [debug] [MainThread]: Using postgres connection "master"
[0m17:40:08.168758 [debug] [MainThread]: On master: BEGIN
[0m17:40:08.172068 [debug] [MainThread]: SQL status: BEGIN in 0.002 seconds
[0m17:40:08.173232 [debug] [MainThread]: On master: COMMIT
[0m17:40:08.173797 [debug] [MainThread]: Using postgres connection "master"
[0m17:40:08.174332 [debug] [MainThread]: On master: COMMIT
[0m17:40:08.175363 [debug] [MainThread]: SQL status: COMMIT in 0.001 seconds
[0m17:40:08.175851 [debug] [MainThread]: On master: Close
[0m17:40:08.179421 [debug] [Thread-1 (]: Began running node model.enpal_assessment_project.int_activity_events
[0m17:40:08.180162 [info ] [Thread-1 (]: 1 of 1 START sql view model public_pipedrive_analytics.int_activity_events ..... [RUN]
[0m17:40:08.180777 [debug] [Thread-1 (]: Re-using an available connection from the pool (formerly list_postgres_public_pipedrive_analytics, now model.enpal_assessment_project.int_activity_events)
[0m17:40:08.181304 [debug] [Thread-1 (]: Began compiling node model.enpal_assessment_project.int_activity_events
[0m17:40:08.191540 [debug] [Thread-1 (]: Writing injected SQL for node "model.enpal_assessment_project.int_activity_events"
[0m17:40:08.192689 [debug] [Thread-1 (]: Began executing node model.enpal_assessment_project.int_activity_events
[0m17:40:08.235602 [debug] [Thread-1 (]: Writing runtime sql for node "model.enpal_assessment_project.int_activity_events"
[0m17:40:08.236973 [debug] [Thread-1 (]: Using postgres connection "model.enpal_assessment_project.int_activity_events"
[0m17:40:08.238038 [debug] [Thread-1 (]: On model.enpal_assessment_project.int_activity_events: BEGIN
[0m17:40:08.238511 [debug] [Thread-1 (]: Opening a new connection, currently in state closed
[0m17:40:08.255264 [debug] [Thread-1 (]: SQL status: BEGIN in 0.015 seconds
[0m17:40:08.255965 [debug] [Thread-1 (]: Using postgres connection "model.enpal_assessment_project.int_activity_events"
[0m17:40:08.256468 [debug] [Thread-1 (]: On model.enpal_assessment_project.int_activity_events: /* {"app": "dbt", "dbt_version": "1.10.13", "profile_name": "enpal_assessment_project", "target_name": "dev", "node_id": "model.enpal_assessment_project.int_activity_events"} */

  create view "postgres"."public_pipedrive_analytics"."int_activity_events__dbt_tmp"
    
    
  as (
    

-- Étape : isoler les activités commerciales importantes par type
select
  a.deal_id,
  a.due_to::timestamp as activity_date,
  at.activity_type_name,
  at.activity_type_key,
  a.done::boolean as is_completed
from "postgres"."public_pipedrive_analytics"."stg_activity" a
left join "postgres"."public_pipedrive_analytics"."stg_activity_types" at
  on a.type = at.activity_type_key
where a.deal_id is not null
  );
[0m17:40:08.266527 [debug] [Thread-1 (]: Postgres adapter: Postgres error: column a.type does not exist
LINE 18:   on a.type = at.activity_type_key
              ^

[0m17:40:08.267553 [debug] [Thread-1 (]: On model.enpal_assessment_project.int_activity_events: ROLLBACK
[0m17:40:08.270159 [debug] [Thread-1 (]: On model.enpal_assessment_project.int_activity_events: Close
[0m17:40:08.288021 [debug] [Thread-1 (]: Database Error in model int_activity_events (models/intermediate/int_activity_events.sql)
  column a.type does not exist
  LINE 18:   on a.type = at.activity_type_key
                ^
  compiled code at target/run/enpal_assessment_project/models/intermediate/int_activity_events.sql
[0m17:40:08.290688 [debug] [Thread-1 (]: Sending event: {'category': 'dbt', 'action': 'run_model', 'label': '64df833d-8deb-4a09-abe1-8c9e7f0b9b4c', 'context': [<snowplow_tracker.self_describing_json.SelfDescribingJson object at 0x7ff2456a7070>]}
[0m17:40:08.291846 [error] [Thread-1 (]: 1 of 1 ERROR creating sql view model public_pipedrive_analytics.int_activity_events  [[31mERROR[0m in 0.11s]
[0m17:40:08.292776 [debug] [Thread-1 (]: Finished running node model.enpal_assessment_project.int_activity_events
[0m17:40:08.293512 [debug] [Thread-4 (]: Marking all children of 'model.enpal_assessment_project.int_activity_events' to be skipped because of status 'error'.  Reason: Database Error in model int_activity_events (models/intermediate/int_activity_events.sql)
  column a.type does not exist
  LINE 18:   on a.type = at.activity_type_key
                ^
  compiled code at target/run/enpal_assessment_project/models/intermediate/int_activity_events.sql.
[0m17:40:08.295967 [debug] [MainThread]: Using postgres connection "master"
[0m17:40:08.296475 [debug] [MainThread]: On master: BEGIN
[0m17:40:08.296887 [debug] [MainThread]: Opening a new connection, currently in state closed
[0m17:40:08.313688 [debug] [MainThread]: SQL status: BEGIN in 0.017 seconds
[0m17:40:08.315104 [debug] [MainThread]: On master: COMMIT
[0m17:40:08.315596 [debug] [MainThread]: Using postgres connection "master"
[0m17:40:08.315987 [debug] [MainThread]: On master: COMMIT
[0m17:40:08.317124 [debug] [MainThread]: SQL status: COMMIT in 0.001 seconds
[0m17:40:08.317711 [debug] [MainThread]: On master: Close
[0m17:40:08.318355 [debug] [MainThread]: Connection 'master' was properly closed.
[0m17:40:08.318812 [debug] [MainThread]: Connection 'model.enpal_assessment_project.int_activity_events' was properly closed.
[0m17:40:08.319415 [info ] [MainThread]: 
[0m17:40:08.319955 [info ] [MainThread]: Finished running 1 view model in 0 hours 0 minutes and 0.57 seconds (0.57s).
[0m17:40:08.321179 [debug] [MainThread]: Command end result
[0m17:40:08.358176 [debug] [MainThread]: Wrote artifact WritableManifest to /Users/macbook/Desktop/ENPAL/Take-Home-Assessment/REPO/dbt_enpal_assessment/target/manifest.json
[0m17:40:08.361740 [debug] [MainThread]: Wrote artifact SemanticManifest to /Users/macbook/Desktop/ENPAL/Take-Home-Assessment/REPO/dbt_enpal_assessment/target/semantic_manifest.json
[0m17:40:08.372031 [debug] [MainThread]: Wrote artifact RunExecutionResult to /Users/macbook/Desktop/ENPAL/Take-Home-Assessment/REPO/dbt_enpal_assessment/target/run_results.json
[0m17:40:08.372677 [info ] [MainThread]: 
[0m17:40:08.373308 [info ] [MainThread]: [31mCompleted with 1 error, 0 partial successes, and 0 warnings:[0m
[0m17:40:08.373807 [info ] [MainThread]: 
[0m17:40:08.374384 [error] [MainThread]: [31mFailure in model int_activity_events (models/intermediate/int_activity_events.sql)[0m
[0m17:40:08.374963 [error] [MainThread]:   Database Error in model int_activity_events (models/intermediate/int_activity_events.sql)
  column a.type does not exist
  LINE 18:   on a.type = at.activity_type_key
                ^
  compiled code at target/run/enpal_assessment_project/models/intermediate/int_activity_events.sql
[0m17:40:08.375393 [info ] [MainThread]: 
[0m17:40:08.375887 [info ] [MainThread]:   compiled code at target/compiled/enpal_assessment_project/models/intermediate/int_activity_events.sql
[0m17:40:08.376309 [info ] [MainThread]: 
[0m17:40:08.376750 [info ] [MainThread]: Done. PASS=0 WARN=0 ERROR=1 SKIP=0 NO-OP=0 TOTAL=1
[0m17:40:08.379083 [debug] [MainThread]: Resource report: {"command_name": "run", "command_success": false, "command_wall_clock_time": 2.473522, "process_in_blocks": "0", "process_kernel_time": 0.923604, "process_mem_max_rss": "124432384", "process_out_blocks": "0", "process_user_time": 3.571985}
[0m17:40:08.379820 [debug] [MainThread]: Command `dbt run` failed at 17:40:08.379683 after 2.47 seconds
[0m17:40:08.380379 [debug] [MainThread]: Sending event: {'category': 'dbt', 'action': 'invocation', 'label': 'end', 'context': [<snowplow_tracker.self_describing_json.SelfDescribingJson object at 0x7ff242d98580>, <snowplow_tracker.self_describing_json.SelfDescribingJson object at 0x7ff244976ce0>, <snowplow_tracker.self_describing_json.SelfDescribingJson object at 0x7ff242e5c940>]}
[0m17:40:08.380931 [debug] [MainThread]: Flushing usage events
[0m17:40:09.021194 [debug] [MainThread]: An error was encountered while trying to flush usage events
[0m17:41:40.287998 [debug] [MainThread]: Sending event: {'category': 'dbt', 'action': 'invocation', 'label': 'start', 'context': [<snowplow_tracker.self_describing_json.SelfDescribingJson object at 0x7fd5fe5b4550>, <snowplow_tracker.self_describing_json.SelfDescribingJson object at 0x7fd600095240>, <snowplow_tracker.self_describing_json.SelfDescribingJson object at 0x7fd600094b50>]}


============================== 17:41:40.295945 | 81a23585-1608-4403-9daf-8ffe369f656d ==============================
[0m17:41:40.295945 [info ] [MainThread]: Running with dbt=1.10.13
[0m17:41:40.297173 [debug] [MainThread]: running dbt with arguments {'use_colors': 'True', 'quiet': 'False', 'log_format': 'default', 'fail_fast': 'False', 'use_experimental_parser': 'False', 'send_anonymous_usage_stats': 'True', 'indirect_selection': 'eager', 'warn_error_options': 'WarnErrorOptionsV2(error=[], warn=[], silence=[])', 'partial_parse': 'True', 'debug': 'False', 'log_cache_events': 'False', 'log_path': '/Users/macbook/Desktop/ENPAL/Take-Home-Assessment/REPO/dbt_enpal_assessment/logs', 'target_path': 'None', 'write_json': 'True', 'no_print': 'None', 'cache_selected_only': 'False', 'warn_error': 'None', 'introspect': 'True', 'static_parser': 'True', 'printer_width': '80', 'empty': 'False', 'version_check': 'True', 'invocation_command': 'dbt run --select int_activity_events --full-refresh', 'profiles_dir': '/Users/macbook/Desktop/Enpal/Take-Home-Assessment/REPO/dbt_enpal_assessment'}
[0m17:41:40.815306 [debug] [MainThread]: Sending event: {'category': 'dbt', 'action': 'project_id', 'label': '81a23585-1608-4403-9daf-8ffe369f656d', 'context': [<snowplow_tracker.self_describing_json.SelfDescribingJson object at 0x7fd6001917b0>]}
[0m17:41:40.897737 [debug] [MainThread]: Sending event: {'category': 'dbt', 'action': 'adapter_info', 'label': '81a23585-1608-4403-9daf-8ffe369f656d', 'context': [<snowplow_tracker.self_describing_json.SelfDescribingJson object at 0x7fd6001704f0>]}
[0m17:41:40.900567 [info ] [MainThread]: Registered adapter: postgres=1.9.1
[0m17:41:41.114086 [debug] [MainThread]: checksum: 9f0c81e2574b4ff463f3d16d080df83c6982fc0372c9feeacae0504ac9ea3ffe, vars: {}, profile: , target: , version: 1.10.13
[0m17:41:41.384194 [debug] [MainThread]: Partial parsing enabled: 0 files deleted, 0 files added, 1 files changed.
[0m17:41:41.385136 [debug] [MainThread]: Partial parsing: updated file: enpal_assessment_project://models/intermediate/int_activity_events.sql
[0m17:41:41.827545 [debug] [MainThread]: Sending event: {'category': 'dbt', 'action': 'load_project', 'label': '81a23585-1608-4403-9daf-8ffe369f656d', 'context': [<snowplow_tracker.self_describing_json.SelfDescribingJson object at 0x7fd600173f10>]}
[0m17:41:41.956638 [debug] [MainThread]: Wrote artifact WritableManifest to /Users/macbook/Desktop/ENPAL/Take-Home-Assessment/REPO/dbt_enpal_assessment/target/manifest.json
[0m17:41:41.961540 [debug] [MainThread]: Wrote artifact SemanticManifest to /Users/macbook/Desktop/ENPAL/Take-Home-Assessment/REPO/dbt_enpal_assessment/target/semantic_manifest.json
[0m17:41:42.008096 [debug] [MainThread]: Sending event: {'category': 'dbt', 'action': 'resource_counts', 'label': '81a23585-1608-4403-9daf-8ffe369f656d', 'context': [<snowplow_tracker.self_describing_json.SelfDescribingJson object at 0x7fd600a9eec0>]}
[0m17:41:42.009097 [info ] [MainThread]: Found 8 models, 19 data tests, 6 sources, 447 macros
[0m17:41:42.009742 [debug] [MainThread]: Sending event: {'category': 'dbt', 'action': 'runnable_timing', 'label': '81a23585-1608-4403-9daf-8ffe369f656d', 'context': [<snowplow_tracker.self_describing_json.SelfDescribingJson object at 0x7fd600a9ef50>]}
[0m17:41:42.012242 [info ] [MainThread]: 
[0m17:41:42.012987 [info ] [MainThread]: Concurrency: 1 threads (target='dev')
[0m17:41:42.013536 [info ] [MainThread]: 
[0m17:41:42.014360 [debug] [MainThread]: Acquiring new postgres connection 'master'
[0m17:41:42.015594 [debug] [ThreadPool]: Acquiring new postgres connection 'list_postgres'
[0m17:41:42.167899 [debug] [ThreadPool]: Using postgres connection "list_postgres"
[0m17:41:42.168546 [debug] [ThreadPool]: On list_postgres: /* {"app": "dbt", "dbt_version": "1.10.13", "profile_name": "enpal_assessment_project", "target_name": "dev", "connection_name": "list_postgres"} */

    select distinct nspname from pg_namespace
  
[0m17:41:42.169007 [debug] [ThreadPool]: Opening a new connection, currently in state init
[0m17:41:42.269106 [debug] [ThreadPool]: SQL status: SELECT 5 in 0.100 seconds
[0m17:41:42.270848 [debug] [ThreadPool]: On list_postgres: Close
[0m17:41:42.278344 [debug] [ThreadPool]: Re-using an available connection from the pool (formerly list_postgres, now list_postgres_public_pipedrive_analytics)
[0m17:41:42.285302 [debug] [ThreadPool]: Using postgres connection "list_postgres_public_pipedrive_analytics"
[0m17:41:42.285833 [debug] [ThreadPool]: On list_postgres_public_pipedrive_analytics: BEGIN
[0m17:41:42.286225 [debug] [ThreadPool]: Opening a new connection, currently in state closed
[0m17:41:42.301933 [debug] [ThreadPool]: SQL status: BEGIN in 0.016 seconds
[0m17:41:42.302815 [debug] [ThreadPool]: Using postgres connection "list_postgres_public_pipedrive_analytics"
[0m17:41:42.303901 [debug] [ThreadPool]: On list_postgres_public_pipedrive_analytics: /* {"app": "dbt", "dbt_version": "1.10.13", "profile_name": "enpal_assessment_project", "target_name": "dev", "connection_name": "list_postgres_public_pipedrive_analytics"} */
select
      'postgres' as database,
      tablename as name,
      schemaname as schema,
      'table' as type
    from pg_tables
    where schemaname ilike 'public_pipedrive_analytics'
    union all
    select
      'postgres' as database,
      viewname as name,
      schemaname as schema,
      'view' as type
    from pg_views
    where schemaname ilike 'public_pipedrive_analytics'
    union all
    select
      'postgres' as database,
      matviewname as name,
      schemaname as schema,
      'materialized_view' as type
    from pg_matviews
    where schemaname ilike 'public_pipedrive_analytics'
  
[0m17:41:42.307884 [debug] [ThreadPool]: SQL status: SELECT 7 in 0.003 seconds
[0m17:41:42.309649 [debug] [ThreadPool]: On list_postgres_public_pipedrive_analytics: ROLLBACK
[0m17:41:42.311100 [debug] [ThreadPool]: On list_postgres_public_pipedrive_analytics: Close
[0m17:41:42.319409 [debug] [MainThread]: Using postgres connection "master"
[0m17:41:42.319965 [debug] [MainThread]: On master: BEGIN
[0m17:41:42.320361 [debug] [MainThread]: Opening a new connection, currently in state init
[0m17:41:42.337313 [debug] [MainThread]: SQL status: BEGIN in 0.017 seconds
[0m17:41:42.338243 [debug] [MainThread]: Using postgres connection "master"
[0m17:41:42.339223 [debug] [MainThread]: On master: /* {"app": "dbt", "dbt_version": "1.10.13", "profile_name": "enpal_assessment_project", "target_name": "dev", "connection_name": "master"} */
select distinct
        dependent_namespace.nspname as dependent_schema,
        dependent_class.relname as dependent_name,
        referenced_namespace.nspname as referenced_schema,
        referenced_class.relname as referenced_name

    -- Query for views: views are entries in pg_class with an entry in pg_rewrite, but we avoid
    -- a seq scan on pg_rewrite by leveraging the fact there is an "internal" row in pg_depend for
    -- the view...
    from pg_class as dependent_class
    join pg_namespace as dependent_namespace on dependent_namespace.oid = dependent_class.relnamespace
    join pg_depend as dependent_depend on dependent_depend.refobjid = dependent_class.oid
        and dependent_depend.classid = 'pg_rewrite'::regclass
        and dependent_depend.refclassid = 'pg_class'::regclass
        and dependent_depend.deptype = 'i'

    -- ... and via pg_depend (that has a row per column, hence the need for "distinct" above, and
    -- making sure to exclude the internal row to avoid a view appearing to depend on itself)...
    join pg_depend as joining_depend on joining_depend.objid = dependent_depend.objid
        and joining_depend.classid = 'pg_rewrite'::regclass
        and joining_depend.refclassid = 'pg_class'::regclass
        and joining_depend.refobjid != dependent_depend.refobjid

    -- ... we can find the tables they query from in pg_class, but excluding system tables. Note we
    -- don't need need to exclude _dependent_ system tables, because they only query from other
    -- system tables, and so are automatically excluded by excluding _referenced_ system tables
    join pg_class as referenced_class on referenced_class.oid = joining_depend.refobjid
    join pg_namespace as referenced_namespace on referenced_namespace.oid = referenced_class.relnamespace
        and referenced_namespace.nspname != 'information_schema'
        and referenced_namespace.nspname not like 'pg\_%'

    order by
        dependent_schema, dependent_name, referenced_schema, referenced_name;
[0m17:41:42.348956 [debug] [MainThread]: SQL status: SELECT 6 in 0.007 seconds
[0m17:41:42.351568 [debug] [MainThread]: Sending event: {'category': 'dbt', 'action': 'runnable_timing', 'label': '81a23585-1608-4403-9daf-8ffe369f656d', 'context': [<snowplow_tracker.self_describing_json.SelfDescribingJson object at 0x7fd600046c80>]}
[0m17:41:42.352564 [debug] [MainThread]: On master: ROLLBACK
[0m17:41:42.354183 [debug] [MainThread]: Using postgres connection "master"
[0m17:41:42.355169 [debug] [MainThread]: On master: BEGIN
[0m17:41:42.358004 [debug] [MainThread]: SQL status: BEGIN in 0.002 seconds
[0m17:41:42.359105 [debug] [MainThread]: On master: COMMIT
[0m17:41:42.360127 [debug] [MainThread]: Using postgres connection "master"
[0m17:41:42.362165 [debug] [MainThread]: On master: COMMIT
[0m17:41:42.364172 [debug] [MainThread]: SQL status: COMMIT in 0.001 seconds
[0m17:41:42.364838 [debug] [MainThread]: On master: Close
[0m17:41:42.373602 [debug] [Thread-1 (]: Began running node model.enpal_assessment_project.int_activity_events
[0m17:41:42.374805 [info ] [Thread-1 (]: 1 of 1 START sql view model public_pipedrive_analytics.int_activity_events ..... [RUN]
[0m17:41:42.375994 [debug] [Thread-1 (]: Re-using an available connection from the pool (formerly list_postgres_public_pipedrive_analytics, now model.enpal_assessment_project.int_activity_events)
[0m17:41:42.377046 [debug] [Thread-1 (]: Began compiling node model.enpal_assessment_project.int_activity_events
[0m17:41:42.398634 [debug] [Thread-1 (]: Writing injected SQL for node "model.enpal_assessment_project.int_activity_events"
[0m17:41:42.400724 [debug] [Thread-1 (]: Began executing node model.enpal_assessment_project.int_activity_events
[0m17:41:42.495052 [debug] [Thread-1 (]: Writing runtime sql for node "model.enpal_assessment_project.int_activity_events"
[0m17:41:42.497199 [debug] [Thread-1 (]: Using postgres connection "model.enpal_assessment_project.int_activity_events"
[0m17:41:42.497959 [debug] [Thread-1 (]: On model.enpal_assessment_project.int_activity_events: BEGIN
[0m17:41:42.498531 [debug] [Thread-1 (]: Opening a new connection, currently in state closed
[0m17:41:42.514580 [debug] [Thread-1 (]: SQL status: BEGIN in 0.016 seconds
[0m17:41:42.515770 [debug] [Thread-1 (]: Using postgres connection "model.enpal_assessment_project.int_activity_events"
[0m17:41:42.516356 [debug] [Thread-1 (]: On model.enpal_assessment_project.int_activity_events: /* {"app": "dbt", "dbt_version": "1.10.13", "profile_name": "enpal_assessment_project", "target_name": "dev", "node_id": "model.enpal_assessment_project.int_activity_events"} */

  create view "postgres"."public_pipedrive_analytics"."int_activity_events__dbt_tmp"
    
    
  as (
    

select
  a.deal_id,
  a.due_to::timestamp as activity_date,
  at.activity_type_name,
  at.activity_type_key,
  a.done::boolean as is_completed
from "postgres"."public_pipedrive_analytics"."stg_activity" a
left join "postgres"."public_pipedrive_analytics"."stg_activity_types" at
  on a.activity_type_key = at.activity_type_key
where a.deal_id is not null
  );
[0m17:41:42.521146 [debug] [Thread-1 (]: Postgres adapter: Postgres error: column a.done does not exist
LINE 14:   a.done::boolean as is_completed
           ^

[0m17:41:42.524059 [debug] [Thread-1 (]: On model.enpal_assessment_project.int_activity_events: ROLLBACK
[0m17:41:42.526235 [debug] [Thread-1 (]: On model.enpal_assessment_project.int_activity_events: Close
[0m17:41:42.542954 [debug] [Thread-1 (]: Database Error in model int_activity_events (models/intermediate/int_activity_events.sql)
  column a.done does not exist
  LINE 14:   a.done::boolean as is_completed
             ^
  compiled code at target/run/enpal_assessment_project/models/intermediate/int_activity_events.sql
[0m17:41:42.548195 [debug] [Thread-1 (]: Sending event: {'category': 'dbt', 'action': 'run_model', 'label': '81a23585-1608-4403-9daf-8ffe369f656d', 'context': [<snowplow_tracker.self_describing_json.SelfDescribingJson object at 0x7fd60038abf0>]}
[0m17:41:42.549697 [error] [Thread-1 (]: 1 of 1 ERROR creating sql view model public_pipedrive_analytics.int_activity_events  [[31mERROR[0m in 0.17s]
[0m17:41:42.550689 [debug] [Thread-1 (]: Finished running node model.enpal_assessment_project.int_activity_events
[0m17:41:42.551620 [debug] [Thread-4 (]: Marking all children of 'model.enpal_assessment_project.int_activity_events' to be skipped because of status 'error'.  Reason: Database Error in model int_activity_events (models/intermediate/int_activity_events.sql)
  column a.done does not exist
  LINE 14:   a.done::boolean as is_completed
             ^
  compiled code at target/run/enpal_assessment_project/models/intermediate/int_activity_events.sql.
[0m17:41:42.554278 [debug] [MainThread]: Using postgres connection "master"
[0m17:41:42.554785 [debug] [MainThread]: On master: BEGIN
[0m17:41:42.555178 [debug] [MainThread]: Opening a new connection, currently in state closed
[0m17:41:42.572882 [debug] [MainThread]: SQL status: BEGIN in 0.018 seconds
[0m17:41:42.574466 [debug] [MainThread]: On master: COMMIT
[0m17:41:42.574944 [debug] [MainThread]: Using postgres connection "master"
[0m17:41:42.575336 [debug] [MainThread]: On master: COMMIT
[0m17:41:42.576335 [debug] [MainThread]: SQL status: COMMIT in 0.001 seconds
[0m17:41:42.576942 [debug] [MainThread]: On master: Close
[0m17:41:42.577764 [debug] [MainThread]: Connection 'master' was properly closed.
[0m17:41:42.578265 [debug] [MainThread]: Connection 'model.enpal_assessment_project.int_activity_events' was properly closed.
[0m17:41:42.578738 [info ] [MainThread]: 
[0m17:41:42.579239 [info ] [MainThread]: Finished running 1 view model in 0 hours 0 minutes and 0.56 seconds (0.56s).
[0m17:41:42.580478 [debug] [MainThread]: Command end result
[0m17:41:42.613772 [debug] [MainThread]: Wrote artifact WritableManifest to /Users/macbook/Desktop/ENPAL/Take-Home-Assessment/REPO/dbt_enpal_assessment/target/manifest.json
[0m17:41:42.615905 [debug] [MainThread]: Wrote artifact SemanticManifest to /Users/macbook/Desktop/ENPAL/Take-Home-Assessment/REPO/dbt_enpal_assessment/target/semantic_manifest.json
[0m17:41:42.624089 [debug] [MainThread]: Wrote artifact RunExecutionResult to /Users/macbook/Desktop/ENPAL/Take-Home-Assessment/REPO/dbt_enpal_assessment/target/run_results.json
[0m17:41:42.624547 [info ] [MainThread]: 
[0m17:41:42.625193 [info ] [MainThread]: [31mCompleted with 1 error, 0 partial successes, and 0 warnings:[0m
[0m17:41:42.625755 [info ] [MainThread]: 
[0m17:41:42.626463 [error] [MainThread]: [31mFailure in model int_activity_events (models/intermediate/int_activity_events.sql)[0m
[0m17:41:42.627075 [error] [MainThread]:   Database Error in model int_activity_events (models/intermediate/int_activity_events.sql)
  column a.done does not exist
  LINE 14:   a.done::boolean as is_completed
             ^
  compiled code at target/run/enpal_assessment_project/models/intermediate/int_activity_events.sql
[0m17:41:42.627614 [info ] [MainThread]: 
[0m17:41:42.628153 [info ] [MainThread]:   compiled code at target/compiled/enpal_assessment_project/models/intermediate/int_activity_events.sql
[0m17:41:42.628579 [info ] [MainThread]: 
[0m17:41:42.629027 [info ] [MainThread]: Done. PASS=0 WARN=0 ERROR=1 SKIP=0 NO-OP=0 TOTAL=1
[0m17:41:42.631341 [debug] [MainThread]: Resource report: {"command_name": "run", "command_success": false, "command_wall_clock_time": 2.451579, "process_in_blocks": "0", "process_kernel_time": 0.931362, "process_mem_max_rss": "123670528", "process_out_blocks": "0", "process_user_time": 3.573007}
[0m17:41:42.632091 [debug] [MainThread]: Command `dbt run` failed at 17:41:42.631953 after 2.45 seconds
[0m17:41:42.632648 [debug] [MainThread]: Sending event: {'category': 'dbt', 'action': 'invocation', 'label': 'end', 'context': [<snowplow_tracker.self_describing_json.SelfDescribingJson object at 0x7fd5fe5b4550>, <snowplow_tracker.self_describing_json.SelfDescribingJson object at 0x7fd6001917b0>, <snowplow_tracker.self_describing_json.SelfDescribingJson object at 0x7fd600a087c0>]}
[0m17:41:42.633197 [debug] [MainThread]: Flushing usage events
[0m17:41:43.234238 [debug] [MainThread]: An error was encountered while trying to flush usage events
[0m17:43:58.208888 [debug] [MainThread]: Sending event: {'category': 'dbt', 'action': 'invocation', 'label': 'start', 'context': [<snowplow_tracker.self_describing_json.SelfDescribingJson object at 0x7fcc40db8520>, <snowplow_tracker.self_describing_json.SelfDescribingJson object at 0x7fcc429b91e0>, <snowplow_tracker.self_describing_json.SelfDescribingJson object at 0x7fcc429b8af0>]}


============================== 17:43:58.216398 | 21b43d7c-7499-4828-8e68-2e3adbd33d4d ==============================
[0m17:43:58.216398 [info ] [MainThread]: Running with dbt=1.10.13
[0m17:43:58.217472 [debug] [MainThread]: running dbt with arguments {'use_colors': 'True', 'target_path': 'None', 'write_json': 'True', 'warn_error': 'None', 'introspect': 'True', 'version_check': 'True', 'use_experimental_parser': 'False', 'no_print': 'None', 'partial_parse': 'True', 'quiet': 'False', 'static_parser': 'True', 'log_format': 'default', 'send_anonymous_usage_stats': 'True', 'invocation_command': 'dbt run --select intermediate --full-refresh', 'log_cache_events': 'False', 'indirect_selection': 'eager', 'debug': 'False', 'profiles_dir': '/Users/macbook/Desktop/Enpal/Take-Home-Assessment/REPO/dbt_enpal_assessment', 'log_path': '/Users/macbook/Desktop/ENPAL/Take-Home-Assessment/REPO/dbt_enpal_assessment/logs', 'cache_selected_only': 'False', 'printer_width': '80', 'empty': 'False', 'fail_fast': 'False', 'warn_error_options': 'WarnErrorOptionsV2(error=[], warn=[], silence=[])'}
[0m17:43:58.743025 [debug] [MainThread]: Sending event: {'category': 'dbt', 'action': 'project_id', 'label': '21b43d7c-7499-4828-8e68-2e3adbd33d4d', 'context': [<snowplow_tracker.self_describing_json.SelfDescribingJson object at 0x7fcc40e80460>]}
[0m17:43:58.832664 [debug] [MainThread]: Sending event: {'category': 'dbt', 'action': 'adapter_info', 'label': '21b43d7c-7499-4828-8e68-2e3adbd33d4d', 'context': [<snowplow_tracker.self_describing_json.SelfDescribingJson object at 0x7fcc42a902b0>]}
[0m17:43:58.835645 [info ] [MainThread]: Registered adapter: postgres=1.9.1
[0m17:43:59.040326 [debug] [MainThread]: checksum: 9f0c81e2574b4ff463f3d16d080df83c6982fc0372c9feeacae0504ac9ea3ffe, vars: {}, profile: , target: , version: 1.10.13
[0m17:43:59.312505 [debug] [MainThread]: Partial parsing enabled: 0 files deleted, 0 files added, 0 files changed.
[0m17:43:59.313092 [debug] [MainThread]: Partial parsing enabled, no changes found, skipping parsing
[0m17:43:59.383402 [debug] [MainThread]: Sending event: {'category': 'dbt', 'action': 'load_project', 'label': '21b43d7c-7499-4828-8e68-2e3adbd33d4d', 'context': [<snowplow_tracker.self_describing_json.SelfDescribingJson object at 0x7fcc4321a800>]}
[0m17:43:59.586141 [debug] [MainThread]: Wrote artifact WritableManifest to /Users/macbook/Desktop/ENPAL/Take-Home-Assessment/REPO/dbt_enpal_assessment/target/manifest.json
[0m17:43:59.589917 [debug] [MainThread]: Wrote artifact SemanticManifest to /Users/macbook/Desktop/ENPAL/Take-Home-Assessment/REPO/dbt_enpal_assessment/target/semantic_manifest.json
[0m17:43:59.636726 [debug] [MainThread]: Sending event: {'category': 'dbt', 'action': 'resource_counts', 'label': '21b43d7c-7499-4828-8e68-2e3adbd33d4d', 'context': [<snowplow_tracker.self_describing_json.SelfDescribingJson object at 0x7fcc43212d40>]}
[0m17:43:59.637725 [info ] [MainThread]: Found 8 models, 19 data tests, 6 sources, 447 macros
[0m17:43:59.638347 [debug] [MainThread]: Sending event: {'category': 'dbt', 'action': 'runnable_timing', 'label': '21b43d7c-7499-4828-8e68-2e3adbd33d4d', 'context': [<snowplow_tracker.self_describing_json.SelfDescribingJson object at 0x7fcc431ede70>]}
[0m17:43:59.640961 [info ] [MainThread]: 
[0m17:43:59.641738 [info ] [MainThread]: Concurrency: 1 threads (target='dev')
[0m17:43:59.642296 [info ] [MainThread]: 
[0m17:43:59.643112 [debug] [MainThread]: Acquiring new postgres connection 'master'
[0m17:43:59.644258 [debug] [ThreadPool]: Acquiring new postgres connection 'list_postgres'
[0m17:43:59.816220 [debug] [ThreadPool]: Using postgres connection "list_postgres"
[0m17:43:59.816990 [debug] [ThreadPool]: On list_postgres: /* {"app": "dbt", "dbt_version": "1.10.13", "profile_name": "enpal_assessment_project", "target_name": "dev", "connection_name": "list_postgres"} */

    select distinct nspname from pg_namespace
  
[0m17:43:59.817551 [debug] [ThreadPool]: Opening a new connection, currently in state init
[0m17:43:59.916230 [debug] [ThreadPool]: SQL status: SELECT 5 in 0.099 seconds
[0m17:43:59.918249 [debug] [ThreadPool]: On list_postgres: Close
[0m17:43:59.924911 [debug] [ThreadPool]: Re-using an available connection from the pool (formerly list_postgres, now list_postgres_public_pipedrive_analytics)
[0m17:43:59.932196 [debug] [ThreadPool]: Using postgres connection "list_postgres_public_pipedrive_analytics"
[0m17:43:59.932734 [debug] [ThreadPool]: On list_postgres_public_pipedrive_analytics: BEGIN
[0m17:43:59.933127 [debug] [ThreadPool]: Opening a new connection, currently in state closed
[0m17:43:59.948746 [debug] [ThreadPool]: SQL status: BEGIN in 0.015 seconds
[0m17:43:59.949660 [debug] [ThreadPool]: Using postgres connection "list_postgres_public_pipedrive_analytics"
[0m17:43:59.950856 [debug] [ThreadPool]: On list_postgres_public_pipedrive_analytics: /* {"app": "dbt", "dbt_version": "1.10.13", "profile_name": "enpal_assessment_project", "target_name": "dev", "connection_name": "list_postgres_public_pipedrive_analytics"} */
select
      'postgres' as database,
      tablename as name,
      schemaname as schema,
      'table' as type
    from pg_tables
    where schemaname ilike 'public_pipedrive_analytics'
    union all
    select
      'postgres' as database,
      viewname as name,
      schemaname as schema,
      'view' as type
    from pg_views
    where schemaname ilike 'public_pipedrive_analytics'
    union all
    select
      'postgres' as database,
      matviewname as name,
      schemaname as schema,
      'materialized_view' as type
    from pg_matviews
    where schemaname ilike 'public_pipedrive_analytics'
  
[0m17:43:59.954959 [debug] [ThreadPool]: SQL status: SELECT 7 in 0.003 seconds
[0m17:43:59.956635 [debug] [ThreadPool]: On list_postgres_public_pipedrive_analytics: ROLLBACK
[0m17:43:59.957865 [debug] [ThreadPool]: On list_postgres_public_pipedrive_analytics: Close
[0m17:43:59.965432 [debug] [MainThread]: Using postgres connection "master"
[0m17:43:59.966017 [debug] [MainThread]: On master: BEGIN
[0m17:43:59.966404 [debug] [MainThread]: Opening a new connection, currently in state init
[0m17:43:59.982058 [debug] [MainThread]: SQL status: BEGIN in 0.015 seconds
[0m17:43:59.982977 [debug] [MainThread]: Using postgres connection "master"
[0m17:43:59.984147 [debug] [MainThread]: On master: /* {"app": "dbt", "dbt_version": "1.10.13", "profile_name": "enpal_assessment_project", "target_name": "dev", "connection_name": "master"} */
select distinct
        dependent_namespace.nspname as dependent_schema,
        dependent_class.relname as dependent_name,
        referenced_namespace.nspname as referenced_schema,
        referenced_class.relname as referenced_name

    -- Query for views: views are entries in pg_class with an entry in pg_rewrite, but we avoid
    -- a seq scan on pg_rewrite by leveraging the fact there is an "internal" row in pg_depend for
    -- the view...
    from pg_class as dependent_class
    join pg_namespace as dependent_namespace on dependent_namespace.oid = dependent_class.relnamespace
    join pg_depend as dependent_depend on dependent_depend.refobjid = dependent_class.oid
        and dependent_depend.classid = 'pg_rewrite'::regclass
        and dependent_depend.refclassid = 'pg_class'::regclass
        and dependent_depend.deptype = 'i'

    -- ... and via pg_depend (that has a row per column, hence the need for "distinct" above, and
    -- making sure to exclude the internal row to avoid a view appearing to depend on itself)...
    join pg_depend as joining_depend on joining_depend.objid = dependent_depend.objid
        and joining_depend.classid = 'pg_rewrite'::regclass
        and joining_depend.refclassid = 'pg_class'::regclass
        and joining_depend.refobjid != dependent_depend.refobjid

    -- ... we can find the tables they query from in pg_class, but excluding system tables. Note we
    -- don't need need to exclude _dependent_ system tables, because they only query from other
    -- system tables, and so are automatically excluded by excluding _referenced_ system tables
    join pg_class as referenced_class on referenced_class.oid = joining_depend.refobjid
    join pg_namespace as referenced_namespace on referenced_namespace.oid = referenced_class.relnamespace
        and referenced_namespace.nspname != 'information_schema'
        and referenced_namespace.nspname not like 'pg\_%'

    order by
        dependent_schema, dependent_name, referenced_schema, referenced_name;
[0m17:43:59.989873 [debug] [MainThread]: SQL status: SELECT 6 in 0.005 seconds
[0m17:43:59.991898 [debug] [MainThread]: Sending event: {'category': 'dbt', 'action': 'runnable_timing', 'label': '21b43d7c-7499-4828-8e68-2e3adbd33d4d', 'context': [<snowplow_tracker.self_describing_json.SelfDescribingJson object at 0x7fcc3f3d1de0>]}
[0m17:43:59.993009 [debug] [MainThread]: On master: ROLLBACK
[0m17:43:59.995415 [debug] [MainThread]: Using postgres connection "master"
[0m17:43:59.996188 [debug] [MainThread]: On master: BEGIN
[0m17:43:59.998684 [debug] [MainThread]: SQL status: BEGIN in 0.002 seconds
[0m17:43:59.999762 [debug] [MainThread]: On master: COMMIT
[0m17:44:00.001618 [debug] [MainThread]: Using postgres connection "master"
[0m17:44:00.002416 [debug] [MainThread]: On master: COMMIT
[0m17:44:00.003992 [debug] [MainThread]: SQL status: COMMIT in 0.001 seconds
[0m17:44:00.004654 [debug] [MainThread]: On master: Close
[0m17:44:00.017172 [debug] [Thread-1 (]: Began running node model.enpal_assessment_project.int_activity_events
[0m17:44:00.018185 [info ] [Thread-1 (]: 1 of 1 START sql view model public_pipedrive_analytics.int_activity_events ..... [RUN]
[0m17:44:00.019165 [debug] [Thread-1 (]: Re-using an available connection from the pool (formerly list_postgres_public_pipedrive_analytics, now model.enpal_assessment_project.int_activity_events)
[0m17:44:00.019778 [debug] [Thread-1 (]: Began compiling node model.enpal_assessment_project.int_activity_events
[0m17:44:00.032233 [debug] [Thread-1 (]: Writing injected SQL for node "model.enpal_assessment_project.int_activity_events"
[0m17:44:00.034901 [debug] [Thread-1 (]: Began executing node model.enpal_assessment_project.int_activity_events
[0m17:44:00.081591 [debug] [Thread-1 (]: Writing runtime sql for node "model.enpal_assessment_project.int_activity_events"
[0m17:44:00.082623 [debug] [Thread-1 (]: Using postgres connection "model.enpal_assessment_project.int_activity_events"
[0m17:44:00.083133 [debug] [Thread-1 (]: On model.enpal_assessment_project.int_activity_events: BEGIN
[0m17:44:00.083585 [debug] [Thread-1 (]: Opening a new connection, currently in state closed
[0m17:44:00.099420 [debug] [Thread-1 (]: SQL status: BEGIN in 0.016 seconds
[0m17:44:00.100783 [debug] [Thread-1 (]: Using postgres connection "model.enpal_assessment_project.int_activity_events"
[0m17:44:00.101406 [debug] [Thread-1 (]: On model.enpal_assessment_project.int_activity_events: /* {"app": "dbt", "dbt_version": "1.10.13", "profile_name": "enpal_assessment_project", "target_name": "dev", "node_id": "model.enpal_assessment_project.int_activity_events"} */

  create view "postgres"."public_pipedrive_analytics"."int_activity_events__dbt_tmp"
    
    
  as (
    

select
  a.deal_id,
  a.due_to::timestamp as activity_date,
  at.activity_type_name,
  at.activity_type_key,
  a.done::boolean as is_completed
from "postgres"."public_pipedrive_analytics"."stg_activity" a
left join "postgres"."public_pipedrive_analytics"."stg_activity_types" at
  on a.activity_type_key = at.activity_type_key
where a.deal_id is not null
  );
[0m17:44:00.104177 [debug] [Thread-1 (]: Postgres adapter: Postgres error: column a.done does not exist
LINE 14:   a.done::boolean as is_completed
           ^

[0m17:44:00.107756 [debug] [Thread-1 (]: On model.enpal_assessment_project.int_activity_events: ROLLBACK
[0m17:44:00.110084 [debug] [Thread-1 (]: On model.enpal_assessment_project.int_activity_events: Close
[0m17:44:00.127399 [debug] [Thread-1 (]: Database Error in model int_activity_events (models/intermediate/int_activity_events.sql)
  column a.done does not exist
  LINE 14:   a.done::boolean as is_completed
             ^
  compiled code at target/run/enpal_assessment_project/models/intermediate/int_activity_events.sql
[0m17:44:00.130686 [debug] [Thread-1 (]: Sending event: {'category': 'dbt', 'action': 'run_model', 'label': '21b43d7c-7499-4828-8e68-2e3adbd33d4d', 'context': [<snowplow_tracker.self_describing_json.SelfDescribingJson object at 0x7fcc40be0640>]}
[0m17:44:00.132055 [error] [Thread-1 (]: 1 of 1 ERROR creating sql view model public_pipedrive_analytics.int_activity_events  [[31mERROR[0m in 0.11s]
[0m17:44:00.133095 [debug] [Thread-1 (]: Finished running node model.enpal_assessment_project.int_activity_events
[0m17:44:00.133898 [debug] [Thread-4 (]: Marking all children of 'model.enpal_assessment_project.int_activity_events' to be skipped because of status 'error'.  Reason: Database Error in model int_activity_events (models/intermediate/int_activity_events.sql)
  column a.done does not exist
  LINE 14:   a.done::boolean as is_completed
             ^
  compiled code at target/run/enpal_assessment_project/models/intermediate/int_activity_events.sql.
[0m17:44:00.136373 [debug] [MainThread]: Using postgres connection "master"
[0m17:44:00.136981 [debug] [MainThread]: On master: BEGIN
[0m17:44:00.137404 [debug] [MainThread]: Opening a new connection, currently in state closed
[0m17:44:00.153645 [debug] [MainThread]: SQL status: BEGIN in 0.016 seconds
[0m17:44:00.154929 [debug] [MainThread]: On master: COMMIT
[0m17:44:00.155720 [debug] [MainThread]: Using postgres connection "master"
[0m17:44:00.156200 [debug] [MainThread]: On master: COMMIT
[0m17:44:00.157383 [debug] [MainThread]: SQL status: COMMIT in 0.001 seconds
[0m17:44:00.157949 [debug] [MainThread]: On master: Close
[0m17:44:00.158541 [debug] [MainThread]: Connection 'master' was properly closed.
[0m17:44:00.159166 [debug] [MainThread]: Connection 'model.enpal_assessment_project.int_activity_events' was properly closed.
[0m17:44:00.159632 [info ] [MainThread]: 
[0m17:44:00.160239 [info ] [MainThread]: Finished running 1 view model in 0 hours 0 minutes and 0.52 seconds (0.52s).
[0m17:44:00.161594 [debug] [MainThread]: Command end result
[0m17:44:00.199893 [debug] [MainThread]: Wrote artifact WritableManifest to /Users/macbook/Desktop/ENPAL/Take-Home-Assessment/REPO/dbt_enpal_assessment/target/manifest.json
[0m17:44:00.202961 [debug] [MainThread]: Wrote artifact SemanticManifest to /Users/macbook/Desktop/ENPAL/Take-Home-Assessment/REPO/dbt_enpal_assessment/target/semantic_manifest.json
[0m17:44:00.213735 [debug] [MainThread]: Wrote artifact RunExecutionResult to /Users/macbook/Desktop/ENPAL/Take-Home-Assessment/REPO/dbt_enpal_assessment/target/run_results.json
[0m17:44:00.214365 [info ] [MainThread]: 
[0m17:44:00.215049 [info ] [MainThread]: [31mCompleted with 1 error, 0 partial successes, and 0 warnings:[0m
[0m17:44:00.215531 [info ] [MainThread]: 
[0m17:44:00.216067 [error] [MainThread]: [31mFailure in model int_activity_events (models/intermediate/int_activity_events.sql)[0m
[0m17:44:00.216581 [error] [MainThread]:   Database Error in model int_activity_events (models/intermediate/int_activity_events.sql)
  column a.done does not exist
  LINE 14:   a.done::boolean as is_completed
             ^
  compiled code at target/run/enpal_assessment_project/models/intermediate/int_activity_events.sql
[0m17:44:00.216998 [info ] [MainThread]: 
[0m17:44:00.217484 [info ] [MainThread]:   compiled code at target/compiled/enpal_assessment_project/models/intermediate/int_activity_events.sql
[0m17:44:00.217900 [info ] [MainThread]: 
[0m17:44:00.218347 [info ] [MainThread]: Done. PASS=0 WARN=0 ERROR=1 SKIP=0 NO-OP=0 TOTAL=1
[0m17:44:00.220794 [debug] [MainThread]: Resource report: {"command_name": "run", "command_success": false, "command_wall_clock_time": 2.115881, "process_in_blocks": "0", "process_kernel_time": 0.939876, "process_mem_max_rss": "120209408", "process_out_blocks": "0", "process_user_time": 3.313045}
[0m17:44:00.221811 [debug] [MainThread]: Command `dbt run` failed at 17:44:00.221575 after 2.12 seconds
[0m17:44:00.222351 [debug] [MainThread]: Sending event: {'category': 'dbt', 'action': 'invocation', 'label': 'end', 'context': [<snowplow_tracker.self_describing_json.SelfDescribingJson object at 0x7fcc40db8520>, <snowplow_tracker.self_describing_json.SelfDescribingJson object at 0x7fcc40e80460>, <snowplow_tracker.self_describing_json.SelfDescribingJson object at 0x7fcc40e7e320>]}
[0m17:44:00.223206 [debug] [MainThread]: Flushing usage events
[0m17:44:00.792699 [debug] [MainThread]: An error was encountered while trying to flush usage events
[0m17:46:28.397801 [debug] [MainThread]: Sending event: {'category': 'dbt', 'action': 'invocation', 'label': 'start', 'context': [<snowplow_tracker.self_describing_json.SelfDescribingJson object at 0x7fec18dc44c0>, <snowplow_tracker.self_describing_json.SelfDescribingJson object at 0x7fec1a8b1240>, <snowplow_tracker.self_describing_json.SelfDescribingJson object at 0x7fec1a8b0b50>]}


============================== 17:46:28.406454 | d0ace209-6ce4-4af4-8951-4db98fd24b71 ==============================
[0m17:46:28.406454 [info ] [MainThread]: Running with dbt=1.10.13
[0m17:46:28.407629 [debug] [MainThread]: running dbt with arguments {'log_path': '/Users/macbook/Desktop/ENPAL/Take-Home-Assessment/REPO/dbt_enpal_assessment/logs', 'fail_fast': 'False', 'empty': 'None', 'printer_width': '80', 'partial_parse': 'True', 'static_parser': 'True', 'introspect': 'True', 'cache_selected_only': 'False', 'log_format': 'default', 'indirect_selection': 'eager', 'invocation_command': 'dbt clean', 'write_json': 'True', 'warn_error': 'None', 'debug': 'False', 'send_anonymous_usage_stats': 'True', 'target_path': 'None', 'log_cache_events': 'False', 'profiles_dir': '/Users/macbook/Desktop/Enpal/Take-Home-Assessment/REPO/dbt_enpal_assessment', 'use_experimental_parser': 'False', 'no_print': 'None', 'version_check': 'True', 'quiet': 'False', 'use_colors': 'True', 'warn_error_options': 'WarnErrorOptionsV2(error=[], warn=[], silence=[])'}
[0m17:46:28.747336 [debug] [MainThread]: Sending event: {'category': 'dbt', 'action': 'project_id', 'label': 'd0ace209-6ce4-4af4-8951-4db98fd24b71', 'context': [<snowplow_tracker.self_describing_json.SelfDescribingJson object at 0x7fec1a8ae260>]}
[0m17:46:28.792662 [debug] [MainThread]: Resource report: {"command_name": "clean", "command_success": true, "command_wall_clock_time": 0.5053598, "process_in_blocks": "0", "process_kernel_time": 0.649984, "process_mem_max_rss": "98893824", "process_out_blocks": "0", "process_user_time": 2.284536}
[0m17:46:28.793862 [debug] [MainThread]: Command `dbt clean` succeeded at 17:46:28.793605 after 0.51 seconds
[0m17:46:28.794833 [debug] [MainThread]: Sending event: {'category': 'dbt', 'action': 'invocation', 'label': 'end', 'context': [<snowplow_tracker.self_describing_json.SelfDescribingJson object at 0x7fec18dc44c0>, <snowplow_tracker.self_describing_json.SelfDescribingJson object at 0x7fec1aace650>, <snowplow_tracker.self_describing_json.SelfDescribingJson object at 0x7fec1ab3b550>]}
[0m17:46:28.795793 [debug] [MainThread]: Flushing usage events
[0m17:46:29.349430 [debug] [MainThread]: An error was encountered while trying to flush usage events
[0m17:46:31.552663 [debug] [MainThread]: Sending event: {'category': 'dbt', 'action': 'invocation', 'label': 'start', 'context': [<snowplow_tracker.self_describing_json.SelfDescribingJson object at 0x7f89df4c8520>, <snowplow_tracker.self_describing_json.SelfDescribingJson object at 0x7f89e0f491e0>, <snowplow_tracker.self_describing_json.SelfDescribingJson object at 0x7f89e0f48af0>]}


============================== 17:46:31.557891 | 4c2ba2be-8b15-4b73-8c99-c0cf3fe1fd44 ==============================
[0m17:46:31.557891 [info ] [MainThread]: Running with dbt=1.10.13
[0m17:46:31.558705 [debug] [MainThread]: running dbt with arguments {'partial_parse': 'True', 'log_cache_events': 'False', 'fail_fast': 'False', 'invocation_command': 'dbt run --select stg_activity', 'cache_selected_only': 'False', 'warn_error': 'None', 'send_anonymous_usage_stats': 'True', 'debug': 'False', 'introspect': 'True', 'indirect_selection': 'eager', 'profiles_dir': '/Users/macbook/Desktop/Enpal/Take-Home-Assessment/REPO/dbt_enpal_assessment', 'write_json': 'True', 'log_path': '/Users/macbook/Desktop/ENPAL/Take-Home-Assessment/REPO/dbt_enpal_assessment/logs', 'warn_error_options': 'WarnErrorOptionsV2(error=[], warn=[], silence=[])', 'quiet': 'False', 'log_format': 'default', 'use_experimental_parser': 'False', 'target_path': 'None', 'use_colors': 'True', 'no_print': 'None', 'printer_width': '80', 'static_parser': 'True', 'version_check': 'True', 'empty': 'False'}
[0m17:46:31.875228 [debug] [MainThread]: Sending event: {'category': 'dbt', 'action': 'project_id', 'label': '4c2ba2be-8b15-4b73-8c99-c0cf3fe1fd44', 'context': [<snowplow_tracker.self_describing_json.SelfDescribingJson object at 0x7f89df590460>]}
[0m17:46:31.958021 [debug] [MainThread]: Sending event: {'category': 'dbt', 'action': 'adapter_info', 'label': '4c2ba2be-8b15-4b73-8c99-c0cf3fe1fd44', 'context': [<snowplow_tracker.self_describing_json.SelfDescribingJson object at 0x7f89e11982b0>]}
[0m17:46:31.961011 [info ] [MainThread]: Registered adapter: postgres=1.9.1
[0m17:46:32.175153 [debug] [MainThread]: checksum: 9f0c81e2574b4ff463f3d16d080df83c6982fc0372c9feeacae0504ac9ea3ffe, vars: {}, profile: , target: , version: 1.10.13
[0m17:46:32.176248 [info ] [MainThread]: Unable to do partial parsing because saved manifest not found. Starting full parse.
[0m17:46:32.176823 [debug] [MainThread]: Sending event: {'category': 'dbt', 'action': 'partial_parser', 'label': '4c2ba2be-8b15-4b73-8c99-c0cf3fe1fd44', 'context': [<snowplow_tracker.self_describing_json.SelfDescribingJson object at 0x7f89e145fc10>]}
[0m17:46:34.064067 [debug] [MainThread]: Sending event: {'category': 'dbt', 'action': 'load_project', 'label': '4c2ba2be-8b15-4b73-8c99-c0cf3fe1fd44', 'context': [<snowplow_tracker.self_describing_json.SelfDescribingJson object at 0x7f89e1bdc310>]}
[0m17:46:34.264424 [debug] [MainThread]: Wrote artifact WritableManifest to /Users/macbook/Desktop/ENPAL/Take-Home-Assessment/REPO/dbt_enpal_assessment/target/manifest.json
[0m17:46:34.268544 [debug] [MainThread]: Wrote artifact SemanticManifest to /Users/macbook/Desktop/ENPAL/Take-Home-Assessment/REPO/dbt_enpal_assessment/target/semantic_manifest.json
[0m17:46:34.294893 [debug] [MainThread]: Sending event: {'category': 'dbt', 'action': 'resource_counts', 'label': '4c2ba2be-8b15-4b73-8c99-c0cf3fe1fd44', 'context': [<snowplow_tracker.self_describing_json.SelfDescribingJson object at 0x7f89e193c730>]}
[0m17:46:34.297204 [info ] [MainThread]: Found 8 models, 19 data tests, 6 sources, 447 macros
[0m17:46:34.297993 [debug] [MainThread]: Sending event: {'category': 'dbt', 'action': 'runnable_timing', 'label': '4c2ba2be-8b15-4b73-8c99-c0cf3fe1fd44', 'context': [<snowplow_tracker.self_describing_json.SelfDescribingJson object at 0x7f89e193ee00>]}
[0m17:46:34.300207 [info ] [MainThread]: 
[0m17:46:34.300916 [info ] [MainThread]: Concurrency: 1 threads (target='dev')
[0m17:46:34.301422 [info ] [MainThread]: 
[0m17:46:34.302246 [debug] [MainThread]: Acquiring new postgres connection 'master'
[0m17:46:34.303998 [debug] [ThreadPool]: Acquiring new postgres connection 'list_postgres'
[0m17:46:34.458363 [debug] [ThreadPool]: Using postgres connection "list_postgres"
[0m17:46:34.458998 [debug] [ThreadPool]: On list_postgres: /* {"app": "dbt", "dbt_version": "1.10.13", "profile_name": "enpal_assessment_project", "target_name": "dev", "connection_name": "list_postgres"} */

    select distinct nspname from pg_namespace
  
[0m17:46:34.459456 [debug] [ThreadPool]: Opening a new connection, currently in state init
[0m17:46:34.556335 [debug] [ThreadPool]: SQL status: SELECT 5 in 0.097 seconds
[0m17:46:34.557896 [debug] [ThreadPool]: On list_postgres: Close
[0m17:46:34.565435 [debug] [ThreadPool]: Re-using an available connection from the pool (formerly list_postgres, now list_postgres_public_pipedrive_analytics)
[0m17:46:34.572743 [debug] [ThreadPool]: Using postgres connection "list_postgres_public_pipedrive_analytics"
[0m17:46:34.573295 [debug] [ThreadPool]: On list_postgres_public_pipedrive_analytics: BEGIN
[0m17:46:34.573732 [debug] [ThreadPool]: Opening a new connection, currently in state closed
[0m17:46:34.589364 [debug] [ThreadPool]: SQL status: BEGIN in 0.015 seconds
[0m17:46:34.590385 [debug] [ThreadPool]: Using postgres connection "list_postgres_public_pipedrive_analytics"
[0m17:46:34.591748 [debug] [ThreadPool]: On list_postgres_public_pipedrive_analytics: /* {"app": "dbt", "dbt_version": "1.10.13", "profile_name": "enpal_assessment_project", "target_name": "dev", "connection_name": "list_postgres_public_pipedrive_analytics"} */
select
      'postgres' as database,
      tablename as name,
      schemaname as schema,
      'table' as type
    from pg_tables
    where schemaname ilike 'public_pipedrive_analytics'
    union all
    select
      'postgres' as database,
      viewname as name,
      schemaname as schema,
      'view' as type
    from pg_views
    where schemaname ilike 'public_pipedrive_analytics'
    union all
    select
      'postgres' as database,
      matviewname as name,
      schemaname as schema,
      'materialized_view' as type
    from pg_matviews
    where schemaname ilike 'public_pipedrive_analytics'
  
[0m17:46:34.595627 [debug] [ThreadPool]: SQL status: SELECT 7 in 0.003 seconds
[0m17:46:34.597332 [debug] [ThreadPool]: On list_postgres_public_pipedrive_analytics: ROLLBACK
[0m17:46:34.598463 [debug] [ThreadPool]: On list_postgres_public_pipedrive_analytics: Close
[0m17:46:34.606286 [debug] [MainThread]: Using postgres connection "master"
[0m17:46:34.606877 [debug] [MainThread]: On master: BEGIN
[0m17:46:34.607266 [debug] [MainThread]: Opening a new connection, currently in state init
[0m17:46:34.622792 [debug] [MainThread]: SQL status: BEGIN in 0.015 seconds
[0m17:46:34.624020 [debug] [MainThread]: Using postgres connection "master"
[0m17:46:34.625002 [debug] [MainThread]: On master: /* {"app": "dbt", "dbt_version": "1.10.13", "profile_name": "enpal_assessment_project", "target_name": "dev", "connection_name": "master"} */
select distinct
        dependent_namespace.nspname as dependent_schema,
        dependent_class.relname as dependent_name,
        referenced_namespace.nspname as referenced_schema,
        referenced_class.relname as referenced_name

    -- Query for views: views are entries in pg_class with an entry in pg_rewrite, but we avoid
    -- a seq scan on pg_rewrite by leveraging the fact there is an "internal" row in pg_depend for
    -- the view...
    from pg_class as dependent_class
    join pg_namespace as dependent_namespace on dependent_namespace.oid = dependent_class.relnamespace
    join pg_depend as dependent_depend on dependent_depend.refobjid = dependent_class.oid
        and dependent_depend.classid = 'pg_rewrite'::regclass
        and dependent_depend.refclassid = 'pg_class'::regclass
        and dependent_depend.deptype = 'i'

    -- ... and via pg_depend (that has a row per column, hence the need for "distinct" above, and
    -- making sure to exclude the internal row to avoid a view appearing to depend on itself)...
    join pg_depend as joining_depend on joining_depend.objid = dependent_depend.objid
        and joining_depend.classid = 'pg_rewrite'::regclass
        and joining_depend.refclassid = 'pg_class'::regclass
        and joining_depend.refobjid != dependent_depend.refobjid

    -- ... we can find the tables they query from in pg_class, but excluding system tables. Note we
    -- don't need need to exclude _dependent_ system tables, because they only query from other
    -- system tables, and so are automatically excluded by excluding _referenced_ system tables
    join pg_class as referenced_class on referenced_class.oid = joining_depend.refobjid
    join pg_namespace as referenced_namespace on referenced_namespace.oid = referenced_class.relnamespace
        and referenced_namespace.nspname != 'information_schema'
        and referenced_namespace.nspname not like 'pg\_%'

    order by
        dependent_schema, dependent_name, referenced_schema, referenced_name;
[0m17:46:34.631799 [debug] [MainThread]: SQL status: SELECT 6 in 0.006 seconds
[0m17:46:34.650660 [debug] [MainThread]: Sending event: {'category': 'dbt', 'action': 'runnable_timing', 'label': '4c2ba2be-8b15-4b73-8c99-c0cf3fe1fd44', 'context': [<snowplow_tracker.self_describing_json.SelfDescribingJson object at 0x7f89e1956350>]}
[0m17:46:34.656152 [debug] [MainThread]: On master: ROLLBACK
[0m17:46:34.675382 [debug] [MainThread]: Using postgres connection "master"
[0m17:46:34.685309 [debug] [MainThread]: On master: BEGIN
[0m17:46:34.687772 [debug] [MainThread]: SQL status: BEGIN in 0.002 seconds
[0m17:46:34.688748 [debug] [MainThread]: On master: COMMIT
[0m17:46:34.690321 [debug] [MainThread]: Using postgres connection "master"
[0m17:46:34.690747 [debug] [MainThread]: On master: COMMIT
[0m17:46:34.696031 [debug] [MainThread]: SQL status: COMMIT in 0.005 seconds
[0m17:46:34.696798 [debug] [MainThread]: On master: Close
[0m17:46:34.702967 [debug] [Thread-1 (]: Began running node model.enpal_assessment_project.stg_activity
[0m17:46:34.703821 [info ] [Thread-1 (]: 1 of 1 START sql view model public_pipedrive_analytics.stg_activity ............ [RUN]
[0m17:46:34.704695 [debug] [Thread-1 (]: Re-using an available connection from the pool (formerly list_postgres_public_pipedrive_analytics, now model.enpal_assessment_project.stg_activity)
[0m17:46:34.705528 [debug] [Thread-1 (]: Began compiling node model.enpal_assessment_project.stg_activity
[0m17:46:34.720019 [debug] [Thread-1 (]: Writing injected SQL for node "model.enpal_assessment_project.stg_activity"
[0m17:46:34.721926 [debug] [Thread-1 (]: Began executing node model.enpal_assessment_project.stg_activity
[0m17:46:34.809766 [debug] [Thread-1 (]: Writing runtime sql for node "model.enpal_assessment_project.stg_activity"
[0m17:46:34.811922 [debug] [Thread-1 (]: Using postgres connection "model.enpal_assessment_project.stg_activity"
[0m17:46:34.812981 [debug] [Thread-1 (]: On model.enpal_assessment_project.stg_activity: BEGIN
[0m17:46:34.813761 [debug] [Thread-1 (]: Opening a new connection, currently in state closed
[0m17:46:34.841598 [debug] [Thread-1 (]: SQL status: BEGIN in 0.028 seconds
[0m17:46:34.842575 [debug] [Thread-1 (]: Using postgres connection "model.enpal_assessment_project.stg_activity"
[0m17:46:34.843524 [debug] [Thread-1 (]: On model.enpal_assessment_project.stg_activity: /* {"app": "dbt", "dbt_version": "1.10.13", "profile_name": "enpal_assessment_project", "target_name": "dev", "node_id": "model.enpal_assessment_project.stg_activity"} */

  create view "postgres"."public_pipedrive_analytics"."stg_activity__dbt_tmp"
    
    
  as (
    

select
  activity_id::bigint       as activity_id,
  type                      as activity_type_key,
  assigned_to_user::bigint  as user_id,
  deal_id::bigint           as deal_id,
  done::boolean             as is_done,
  due_to::timestamp         as due_to
from "postgres"."public"."activity"
  );
[0m17:46:34.851778 [debug] [Thread-1 (]: SQL status: CREATE VIEW in 0.007 seconds
[0m17:46:34.861283 [debug] [Thread-1 (]: Using postgres connection "model.enpal_assessment_project.stg_activity"
[0m17:46:34.861910 [debug] [Thread-1 (]: On model.enpal_assessment_project.stg_activity: /* {"app": "dbt", "dbt_version": "1.10.13", "profile_name": "enpal_assessment_project", "target_name": "dev", "node_id": "model.enpal_assessment_project.stg_activity"} */
alter table "postgres"."public_pipedrive_analytics"."stg_activity" rename to "stg_activity__dbt_backup"
[0m17:46:34.863466 [debug] [Thread-1 (]: SQL status: ALTER TABLE in 0.001 seconds
[0m17:46:34.867675 [debug] [Thread-1 (]: Using postgres connection "model.enpal_assessment_project.stg_activity"
[0m17:46:34.868250 [debug] [Thread-1 (]: On model.enpal_assessment_project.stg_activity: /* {"app": "dbt", "dbt_version": "1.10.13", "profile_name": "enpal_assessment_project", "target_name": "dev", "node_id": "model.enpal_assessment_project.stg_activity"} */
alter table "postgres"."public_pipedrive_analytics"."stg_activity__dbt_tmp" rename to "stg_activity"
[0m17:46:34.869606 [debug] [Thread-1 (]: SQL status: ALTER TABLE in 0.001 seconds
[0m17:46:34.891709 [debug] [Thread-1 (]: On model.enpal_assessment_project.stg_activity: COMMIT
[0m17:46:34.892323 [debug] [Thread-1 (]: Using postgres connection "model.enpal_assessment_project.stg_activity"
[0m17:46:34.892784 [debug] [Thread-1 (]: On model.enpal_assessment_project.stg_activity: COMMIT
[0m17:46:34.899841 [debug] [Thread-1 (]: SQL status: COMMIT in 0.006 seconds
[0m17:46:34.908412 [debug] [Thread-1 (]: Applying DROP to: "postgres"."public_pipedrive_analytics"."stg_activity__dbt_backup"
[0m17:46:34.913446 [debug] [Thread-1 (]: Using postgres connection "model.enpal_assessment_project.stg_activity"
[0m17:46:34.913988 [debug] [Thread-1 (]: On model.enpal_assessment_project.stg_activity: /* {"app": "dbt", "dbt_version": "1.10.13", "profile_name": "enpal_assessment_project", "target_name": "dev", "node_id": "model.enpal_assessment_project.stg_activity"} */
drop view if exists "postgres"."public_pipedrive_analytics"."stg_activity__dbt_backup" cascade
[0m17:46:34.918176 [debug] [Thread-1 (]: SQL status: DROP VIEW in 0.004 seconds
[0m17:46:34.921794 [debug] [Thread-1 (]: On model.enpal_assessment_project.stg_activity: Close
[0m17:46:34.924802 [debug] [Thread-1 (]: Sending event: {'category': 'dbt', 'action': 'run_model', 'label': '4c2ba2be-8b15-4b73-8c99-c0cf3fe1fd44', 'context': [<snowplow_tracker.self_describing_json.SelfDescribingJson object at 0x7f89e18d2860>]}
[0m17:46:34.926199 [info ] [Thread-1 (]: 1 of 1 OK created sql view model public_pipedrive_analytics.stg_activity ....... [[32mCREATE VIEW[0m in 0.22s]
[0m17:46:34.927110 [debug] [Thread-1 (]: Finished running node model.enpal_assessment_project.stg_activity
[0m17:46:34.928499 [debug] [MainThread]: Using postgres connection "master"
[0m17:46:34.928949 [debug] [MainThread]: On master: BEGIN
[0m17:46:34.929337 [debug] [MainThread]: Opening a new connection, currently in state closed
[0m17:46:34.944521 [debug] [MainThread]: SQL status: BEGIN in 0.015 seconds
[0m17:46:34.945751 [debug] [MainThread]: On master: COMMIT
[0m17:46:34.946469 [debug] [MainThread]: Using postgres connection "master"
[0m17:46:34.946880 [debug] [MainThread]: On master: COMMIT
[0m17:46:34.948000 [debug] [MainThread]: SQL status: COMMIT in 0.001 seconds
[0m17:46:34.948503 [debug] [MainThread]: On master: Close
[0m17:46:34.949085 [debug] [MainThread]: Connection 'master' was properly closed.
[0m17:46:34.949616 [debug] [MainThread]: Connection 'model.enpal_assessment_project.stg_activity' was properly closed.
[0m17:46:34.950053 [info ] [MainThread]: 
[0m17:46:34.951261 [info ] [MainThread]: Finished running 1 view model in 0 hours 0 minutes and 0.65 seconds (0.65s).
[0m17:46:34.953999 [debug] [MainThread]: Command end result
[0m17:46:34.991460 [debug] [MainThread]: Wrote artifact WritableManifest to /Users/macbook/Desktop/ENPAL/Take-Home-Assessment/REPO/dbt_enpal_assessment/target/manifest.json
[0m17:46:34.996384 [debug] [MainThread]: Wrote artifact SemanticManifest to /Users/macbook/Desktop/ENPAL/Take-Home-Assessment/REPO/dbt_enpal_assessment/target/semantic_manifest.json
[0m17:46:35.006061 [debug] [MainThread]: Wrote artifact RunExecutionResult to /Users/macbook/Desktop/ENPAL/Take-Home-Assessment/REPO/dbt_enpal_assessment/target/run_results.json
[0m17:46:35.006550 [info ] [MainThread]: 
[0m17:46:35.007097 [info ] [MainThread]: [32mCompleted successfully[0m
[0m17:46:35.007608 [info ] [MainThread]: 
[0m17:46:35.008069 [info ] [MainThread]: Done. PASS=1 WARN=0 ERROR=0 SKIP=0 NO-OP=0 TOTAL=1
[0m17:46:35.009654 [debug] [MainThread]: Resource report: {"command_name": "run", "command_success": true, "command_wall_clock_time": 3.5456135, "process_in_blocks": "0", "process_kernel_time": 0.520795, "process_mem_max_rss": "127352832", "process_out_blocks": "0", "process_user_time": 4.363278}
[0m17:46:35.010246 [debug] [MainThread]: Command `dbt run` succeeded at 17:46:35.010126 after 3.55 seconds
[0m17:46:35.010727 [debug] [MainThread]: Sending event: {'category': 'dbt', 'action': 'invocation', 'label': 'end', 'context': [<snowplow_tracker.self_describing_json.SelfDescribingJson object at 0x7f89df4c8520>, <snowplow_tracker.self_describing_json.SelfDescribingJson object at 0x7f89df4ed6f0>, <snowplow_tracker.self_describing_json.SelfDescribingJson object at 0x7f89df58e320>]}
[0m17:46:35.011214 [debug] [MainThread]: Flushing usage events
[0m17:46:35.493214 [debug] [MainThread]: An error was encountered while trying to flush usage events
[0m17:46:37.682846 [debug] [MainThread]: Sending event: {'category': 'dbt', 'action': 'invocation', 'label': 'start', 'context': [<snowplow_tracker.self_describing_json.SelfDescribingJson object at 0x7fd01b4b4550>, <snowplow_tracker.self_describing_json.SelfDescribingJson object at 0x7fd01d03d240>, <snowplow_tracker.self_describing_json.SelfDescribingJson object at 0x7fd01d03cb50>]}


============================== 17:46:37.687761 | 4b21aefe-13c9-4d2d-8e44-b7641a66473e ==============================
[0m17:46:37.687761 [info ] [MainThread]: Running with dbt=1.10.13
[0m17:46:37.688509 [debug] [MainThread]: running dbt with arguments {'warn_error': 'None', 'warn_error_options': 'WarnErrorOptionsV2(error=[], warn=[], silence=[])', 'partial_parse': 'True', 'send_anonymous_usage_stats': 'True', 'log_path': '/Users/macbook/Desktop/ENPAL/Take-Home-Assessment/REPO/dbt_enpal_assessment/logs', 'use_experimental_parser': 'False', 'empty': 'False', 'introspect': 'True', 'cache_selected_only': 'False', 'log_format': 'default', 'version_check': 'True', 'indirect_selection': 'eager', 'fail_fast': 'False', 'printer_width': '80', 'use_colors': 'True', 'log_cache_events': 'False', 'invocation_command': 'dbt run --select int_activity_events --full-refresh', 'write_json': 'True', 'profiles_dir': '/Users/macbook/Desktop/Enpal/Take-Home-Assessment/REPO/dbt_enpal_assessment', 'no_print': 'None', 'debug': 'False', 'target_path': 'None', 'quiet': 'False', 'static_parser': 'True'}
[0m17:46:37.932236 [debug] [MainThread]: Sending event: {'category': 'dbt', 'action': 'project_id', 'label': '4b21aefe-13c9-4d2d-8e44-b7641a66473e', 'context': [<snowplow_tracker.self_describing_json.SelfDescribingJson object at 0x7fd01d1317b0>]}
[0m17:46:38.013231 [debug] [MainThread]: Sending event: {'category': 'dbt', 'action': 'adapter_info', 'label': '4b21aefe-13c9-4d2d-8e44-b7641a66473e', 'context': [<snowplow_tracker.self_describing_json.SelfDescribingJson object at 0x7fd01d1104f0>]}
[0m17:46:38.014284 [info ] [MainThread]: Registered adapter: postgres=1.9.1
[0m17:46:38.196763 [debug] [MainThread]: checksum: 9f0c81e2574b4ff463f3d16d080df83c6982fc0372c9feeacae0504ac9ea3ffe, vars: {}, profile: , target: , version: 1.10.13
[0m17:46:38.375106 [debug] [MainThread]: Partial parsing enabled: 0 files deleted, 0 files added, 0 files changed.
[0m17:46:38.375624 [debug] [MainThread]: Partial parsing enabled, no changes found, skipping parsing
[0m17:46:38.446996 [debug] [MainThread]: Sending event: {'category': 'dbt', 'action': 'load_project', 'label': '4b21aefe-13c9-4d2d-8e44-b7641a66473e', 'context': [<snowplow_tracker.self_describing_json.SelfDescribingJson object at 0x7fd01d922830>]}
[0m17:46:38.640207 [debug] [MainThread]: Wrote artifact WritableManifest to /Users/macbook/Desktop/ENPAL/Take-Home-Assessment/REPO/dbt_enpal_assessment/target/manifest.json
[0m17:46:38.642850 [debug] [MainThread]: Wrote artifact SemanticManifest to /Users/macbook/Desktop/ENPAL/Take-Home-Assessment/REPO/dbt_enpal_assessment/target/semantic_manifest.json
[0m17:46:38.661586 [debug] [MainThread]: Sending event: {'category': 'dbt', 'action': 'resource_counts', 'label': '4b21aefe-13c9-4d2d-8e44-b7641a66473e', 'context': [<snowplow_tracker.self_describing_json.SelfDescribingJson object at 0x7fd01d70c520>]}
[0m17:46:38.662607 [info ] [MainThread]: Found 8 models, 19 data tests, 6 sources, 447 macros
[0m17:46:38.663236 [debug] [MainThread]: Sending event: {'category': 'dbt', 'action': 'runnable_timing', 'label': '4b21aefe-13c9-4d2d-8e44-b7641a66473e', 'context': [<snowplow_tracker.self_describing_json.SelfDescribingJson object at 0x7fd01d891090>]}
[0m17:46:38.665546 [info ] [MainThread]: 
[0m17:46:38.666201 [info ] [MainThread]: Concurrency: 1 threads (target='dev')
[0m17:46:38.666710 [info ] [MainThread]: 
[0m17:46:38.667380 [debug] [MainThread]: Acquiring new postgres connection 'master'
[0m17:46:38.668431 [debug] [ThreadPool]: Acquiring new postgres connection 'list_postgres'
[0m17:46:38.738678 [debug] [ThreadPool]: Using postgres connection "list_postgres"
[0m17:46:38.739700 [debug] [ThreadPool]: On list_postgres: /* {"app": "dbt", "dbt_version": "1.10.13", "profile_name": "enpal_assessment_project", "target_name": "dev", "connection_name": "list_postgres"} */

    select distinct nspname from pg_namespace
  
[0m17:46:38.740157 [debug] [ThreadPool]: Opening a new connection, currently in state init
[0m17:46:38.767128 [debug] [ThreadPool]: SQL status: SELECT 5 in 0.027 seconds
[0m17:46:38.768652 [debug] [ThreadPool]: On list_postgres: Close
[0m17:46:38.775708 [debug] [ThreadPool]: Re-using an available connection from the pool (formerly list_postgres, now list_postgres_public_pipedrive_analytics)
[0m17:46:38.786035 [debug] [ThreadPool]: Using postgres connection "list_postgres_public_pipedrive_analytics"
[0m17:46:38.786660 [debug] [ThreadPool]: On list_postgres_public_pipedrive_analytics: BEGIN
[0m17:46:38.787088 [debug] [ThreadPool]: Opening a new connection, currently in state closed
[0m17:46:38.804087 [debug] [ThreadPool]: SQL status: BEGIN in 0.017 seconds
[0m17:46:38.805589 [debug] [ThreadPool]: Using postgres connection "list_postgres_public_pipedrive_analytics"
[0m17:46:38.806726 [debug] [ThreadPool]: On list_postgres_public_pipedrive_analytics: /* {"app": "dbt", "dbt_version": "1.10.13", "profile_name": "enpal_assessment_project", "target_name": "dev", "connection_name": "list_postgres_public_pipedrive_analytics"} */
select
      'postgres' as database,
      tablename as name,
      schemaname as schema,
      'table' as type
    from pg_tables
    where schemaname ilike 'public_pipedrive_analytics'
    union all
    select
      'postgres' as database,
      viewname as name,
      schemaname as schema,
      'view' as type
    from pg_views
    where schemaname ilike 'public_pipedrive_analytics'
    union all
    select
      'postgres' as database,
      matviewname as name,
      schemaname as schema,
      'materialized_view' as type
    from pg_matviews
    where schemaname ilike 'public_pipedrive_analytics'
  
[0m17:46:38.810575 [debug] [ThreadPool]: SQL status: SELECT 7 in 0.003 seconds
[0m17:46:38.812245 [debug] [ThreadPool]: On list_postgres_public_pipedrive_analytics: ROLLBACK
[0m17:46:38.813438 [debug] [ThreadPool]: On list_postgres_public_pipedrive_analytics: Close
[0m17:46:38.820609 [debug] [MainThread]: Using postgres connection "master"
[0m17:46:38.821258 [debug] [MainThread]: On master: BEGIN
[0m17:46:38.821734 [debug] [MainThread]: Opening a new connection, currently in state init
[0m17:46:38.836867 [debug] [MainThread]: SQL status: BEGIN in 0.015 seconds
[0m17:46:38.838216 [debug] [MainThread]: Using postgres connection "master"
[0m17:46:38.839184 [debug] [MainThread]: On master: /* {"app": "dbt", "dbt_version": "1.10.13", "profile_name": "enpal_assessment_project", "target_name": "dev", "connection_name": "master"} */
select distinct
        dependent_namespace.nspname as dependent_schema,
        dependent_class.relname as dependent_name,
        referenced_namespace.nspname as referenced_schema,
        referenced_class.relname as referenced_name

    -- Query for views: views are entries in pg_class with an entry in pg_rewrite, but we avoid
    -- a seq scan on pg_rewrite by leveraging the fact there is an "internal" row in pg_depend for
    -- the view...
    from pg_class as dependent_class
    join pg_namespace as dependent_namespace on dependent_namespace.oid = dependent_class.relnamespace
    join pg_depend as dependent_depend on dependent_depend.refobjid = dependent_class.oid
        and dependent_depend.classid = 'pg_rewrite'::regclass
        and dependent_depend.refclassid = 'pg_class'::regclass
        and dependent_depend.deptype = 'i'

    -- ... and via pg_depend (that has a row per column, hence the need for "distinct" above, and
    -- making sure to exclude the internal row to avoid a view appearing to depend on itself)...
    join pg_depend as joining_depend on joining_depend.objid = dependent_depend.objid
        and joining_depend.classid = 'pg_rewrite'::regclass
        and joining_depend.refclassid = 'pg_class'::regclass
        and joining_depend.refobjid != dependent_depend.refobjid

    -- ... we can find the tables they query from in pg_class, but excluding system tables. Note we
    -- don't need need to exclude _dependent_ system tables, because they only query from other
    -- system tables, and so are automatically excluded by excluding _referenced_ system tables
    join pg_class as referenced_class on referenced_class.oid = joining_depend.refobjid
    join pg_namespace as referenced_namespace on referenced_namespace.oid = referenced_class.relnamespace
        and referenced_namespace.nspname != 'information_schema'
        and referenced_namespace.nspname not like 'pg\_%'

    order by
        dependent_schema, dependent_name, referenced_schema, referenced_name;
[0m17:46:38.844612 [debug] [MainThread]: SQL status: SELECT 6 in 0.005 seconds
[0m17:46:38.846665 [debug] [MainThread]: Sending event: {'category': 'dbt', 'action': 'runnable_timing', 'label': '4b21aefe-13c9-4d2d-8e44-b7641a66473e', 'context': [<snowplow_tracker.self_describing_json.SelfDescribingJson object at 0x7fd01d457880>]}
[0m17:46:38.847375 [debug] [MainThread]: On master: ROLLBACK
[0m17:46:38.848509 [debug] [MainThread]: Using postgres connection "master"
[0m17:46:38.849034 [debug] [MainThread]: On master: BEGIN
[0m17:46:38.850667 [debug] [MainThread]: SQL status: BEGIN in 0.001 seconds
[0m17:46:38.851741 [debug] [MainThread]: On master: COMMIT
[0m17:46:38.852640 [debug] [MainThread]: Using postgres connection "master"
[0m17:46:38.853060 [debug] [MainThread]: On master: COMMIT
[0m17:46:38.854240 [debug] [MainThread]: SQL status: COMMIT in 0.001 seconds
[0m17:46:38.854844 [debug] [MainThread]: On master: Close
[0m17:46:38.857428 [debug] [Thread-1 (]: Began running node model.enpal_assessment_project.int_activity_events
[0m17:46:38.858502 [info ] [Thread-1 (]: 1 of 1 START sql view model public_pipedrive_analytics.int_activity_events ..... [RUN]
[0m17:46:38.859272 [debug] [Thread-1 (]: Re-using an available connection from the pool (formerly list_postgres_public_pipedrive_analytics, now model.enpal_assessment_project.int_activity_events)
[0m17:46:38.859855 [debug] [Thread-1 (]: Began compiling node model.enpal_assessment_project.int_activity_events
[0m17:46:38.869737 [debug] [Thread-1 (]: Writing injected SQL for node "model.enpal_assessment_project.int_activity_events"
[0m17:46:38.870754 [debug] [Thread-1 (]: Began executing node model.enpal_assessment_project.int_activity_events
[0m17:46:38.916017 [debug] [Thread-1 (]: Writing runtime sql for node "model.enpal_assessment_project.int_activity_events"
[0m17:46:38.917145 [debug] [Thread-1 (]: Using postgres connection "model.enpal_assessment_project.int_activity_events"
[0m17:46:38.917707 [debug] [Thread-1 (]: On model.enpal_assessment_project.int_activity_events: BEGIN
[0m17:46:38.918157 [debug] [Thread-1 (]: Opening a new connection, currently in state closed
[0m17:46:38.933237 [debug] [Thread-1 (]: SQL status: BEGIN in 0.015 seconds
[0m17:46:38.934466 [debug] [Thread-1 (]: Using postgres connection "model.enpal_assessment_project.int_activity_events"
[0m17:46:38.935079 [debug] [Thread-1 (]: On model.enpal_assessment_project.int_activity_events: /* {"app": "dbt", "dbt_version": "1.10.13", "profile_name": "enpal_assessment_project", "target_name": "dev", "node_id": "model.enpal_assessment_project.int_activity_events"} */

  create view "postgres"."public_pipedrive_analytics"."int_activity_events__dbt_tmp"
    
    
  as (
    

select
  a.deal_id,
  a.due_to::timestamp as activity_date,
  at.activity_type_name,
  at.activity_type_key,
  a.done::boolean as is_completed
from "postgres"."public_pipedrive_analytics"."stg_activity" a
left join "postgres"."public_pipedrive_analytics"."stg_activity_types" at
  on a.activity_type_key = at.activity_type_key
where a.deal_id is not null
  );
[0m17:46:38.937399 [debug] [Thread-1 (]: Postgres adapter: Postgres error: column a.done does not exist
LINE 14:   a.done::boolean as is_completed
           ^

[0m17:46:38.941056 [debug] [Thread-1 (]: On model.enpal_assessment_project.int_activity_events: ROLLBACK
[0m17:46:38.943570 [debug] [Thread-1 (]: On model.enpal_assessment_project.int_activity_events: Close
[0m17:46:38.959222 [debug] [Thread-1 (]: Database Error in model int_activity_events (models/intermediate/int_activity_events.sql)
  column a.done does not exist
  LINE 14:   a.done::boolean as is_completed
             ^
  compiled code at target/run/enpal_assessment_project/models/intermediate/int_activity_events.sql
[0m17:46:38.961704 [debug] [Thread-1 (]: Sending event: {'category': 'dbt', 'action': 'run_model', 'label': '4b21aefe-13c9-4d2d-8e44-b7641a66473e', 'context': [<snowplow_tracker.self_describing_json.SelfDescribingJson object at 0x7fd01b2de080>]}
[0m17:46:38.962743 [error] [Thread-1 (]: 1 of 1 ERROR creating sql view model public_pipedrive_analytics.int_activity_events  [[31mERROR[0m in 0.10s]
[0m17:46:38.963704 [debug] [Thread-1 (]: Finished running node model.enpal_assessment_project.int_activity_events
[0m17:46:38.964479 [debug] [Thread-4 (]: Marking all children of 'model.enpal_assessment_project.int_activity_events' to be skipped because of status 'error'.  Reason: Database Error in model int_activity_events (models/intermediate/int_activity_events.sql)
  column a.done does not exist
  LINE 14:   a.done::boolean as is_completed
             ^
  compiled code at target/run/enpal_assessment_project/models/intermediate/int_activity_events.sql.
[0m17:46:38.966552 [debug] [MainThread]: Using postgres connection "master"
[0m17:46:38.967009 [debug] [MainThread]: On master: BEGIN
[0m17:46:38.967383 [debug] [MainThread]: Opening a new connection, currently in state closed
[0m17:46:38.983174 [debug] [MainThread]: SQL status: BEGIN in 0.016 seconds
[0m17:46:38.984173 [debug] [MainThread]: On master: COMMIT
[0m17:46:38.985024 [debug] [MainThread]: Using postgres connection "master"
[0m17:46:38.985429 [debug] [MainThread]: On master: COMMIT
[0m17:46:38.986412 [debug] [MainThread]: SQL status: COMMIT in 0.001 seconds
[0m17:46:38.986897 [debug] [MainThread]: On master: Close
[0m17:46:38.987465 [debug] [MainThread]: Connection 'master' was properly closed.
[0m17:46:38.988181 [debug] [MainThread]: Connection 'model.enpal_assessment_project.int_activity_events' was properly closed.
[0m17:46:38.988690 [info ] [MainThread]: 
[0m17:46:38.989257 [info ] [MainThread]: Finished running 1 view model in 0 hours 0 minutes and 0.32 seconds (0.32s).
[0m17:46:38.990547 [debug] [MainThread]: Command end result
[0m17:46:39.027717 [debug] [MainThread]: Wrote artifact WritableManifest to /Users/macbook/Desktop/ENPAL/Take-Home-Assessment/REPO/dbt_enpal_assessment/target/manifest.json
[0m17:46:39.030187 [debug] [MainThread]: Wrote artifact SemanticManifest to /Users/macbook/Desktop/ENPAL/Take-Home-Assessment/REPO/dbt_enpal_assessment/target/semantic_manifest.json
[0m17:46:39.039432 [debug] [MainThread]: Wrote artifact RunExecutionResult to /Users/macbook/Desktop/ENPAL/Take-Home-Assessment/REPO/dbt_enpal_assessment/target/run_results.json
[0m17:46:39.039943 [info ] [MainThread]: 
[0m17:46:39.040497 [info ] [MainThread]: [31mCompleted with 1 error, 0 partial successes, and 0 warnings:[0m
[0m17:46:39.040981 [info ] [MainThread]: 
[0m17:46:39.041518 [error] [MainThread]: [31mFailure in model int_activity_events (models/intermediate/int_activity_events.sql)[0m
[0m17:46:39.042072 [error] [MainThread]:   Database Error in model int_activity_events (models/intermediate/int_activity_events.sql)
  column a.done does not exist
  LINE 14:   a.done::boolean as is_completed
             ^
  compiled code at target/run/enpal_assessment_project/models/intermediate/int_activity_events.sql
[0m17:46:39.042539 [info ] [MainThread]: 
[0m17:46:39.043046 [info ] [MainThread]:   compiled code at target/compiled/enpal_assessment_project/models/intermediate/int_activity_events.sql
[0m17:46:39.043495 [info ] [MainThread]: 
[0m17:46:39.043945 [info ] [MainThread]: Done. PASS=0 WARN=0 ERROR=1 SKIP=0 NO-OP=0 TOTAL=1
[0m17:46:39.045525 [debug] [MainThread]: Resource report: {"command_name": "run", "command_success": false, "command_wall_clock_time": 1.4510894, "process_in_blocks": "0", "process_kernel_time": 0.395163, "process_mem_max_rss": "120086528", "process_out_blocks": "0", "process_user_time": 2.677976}
[0m17:46:39.046151 [debug] [MainThread]: Command `dbt run` failed at 17:46:39.046029 after 1.45 seconds
[0m17:46:39.046639 [debug] [MainThread]: Sending event: {'category': 'dbt', 'action': 'invocation', 'label': 'end', 'context': [<snowplow_tracker.self_describing_json.SelfDescribingJson object at 0x7fd01b4b4550>, <snowplow_tracker.self_describing_json.SelfDescribingJson object at 0x7fd01ae122c0>, <snowplow_tracker.self_describing_json.SelfDescribingJson object at 0x7fd01dd0fdc0>]}
[0m17:46:39.047121 [debug] [MainThread]: Flushing usage events
[0m17:46:39.517825 [debug] [MainThread]: An error was encountered while trying to flush usage events
[0m17:48:26.315425 [debug] [MainThread]: Sending event: {'category': 'dbt', 'action': 'invocation', 'label': 'start', 'context': [<snowplow_tracker.self_describing_json.SelfDescribingJson object at 0x7ff312db8580>, <snowplow_tracker.self_describing_json.SelfDescribingJson object at 0x7ff314ab9240>, <snowplow_tracker.self_describing_json.SelfDescribingJson object at 0x7ff314ab8b50>]}


============================== 17:48:26.322813 | c2196e9c-59ac-4872-a801-b031381fb82c ==============================
[0m17:48:26.322813 [info ] [MainThread]: Running with dbt=1.10.13
[0m17:48:26.323772 [debug] [MainThread]: running dbt with arguments {'no_print': 'None', 'version_check': 'True', 'use_experimental_parser': 'False', 'log_format': 'default', 'send_anonymous_usage_stats': 'True', 'target_path': 'None', 'cache_selected_only': 'False', 'partial_parse': 'True', 'debug': 'False', 'use_colors': 'True', 'write_json': 'True', 'invocation_command': 'dbt run --select int_activity_events --full-refresh', 'profiles_dir': '/Users/macbook/Desktop/Enpal/Take-Home-Assessment/REPO/dbt_enpal_assessment', 'fail_fast': 'False', 'warn_error': 'None', 'static_parser': 'True', 'printer_width': '80', 'empty': 'False', 'quiet': 'False', 'introspect': 'True', 'log_path': '/Users/macbook/Desktop/ENPAL/Take-Home-Assessment/REPO/dbt_enpal_assessment/logs', 'indirect_selection': 'eager', 'warn_error_options': 'WarnErrorOptionsV2(error=[], warn=[], silence=[])', 'log_cache_events': 'False'}
[0m17:48:26.628063 [debug] [MainThread]: Sending event: {'category': 'dbt', 'action': 'project_id', 'label': 'c2196e9c-59ac-4872-a801-b031381fb82c', 'context': [<snowplow_tracker.self_describing_json.SelfDescribingJson object at 0x7ff314baace0>]}
[0m17:48:26.708578 [debug] [MainThread]: Sending event: {'category': 'dbt', 'action': 'adapter_info', 'label': 'c2196e9c-59ac-4872-a801-b031381fb82c', 'context': [<snowplow_tracker.self_describing_json.SelfDescribingJson object at 0x7ff314b88430>]}
[0m17:48:26.711423 [info ] [MainThread]: Registered adapter: postgres=1.9.1
[0m17:48:26.927316 [debug] [MainThread]: checksum: 9f0c81e2574b4ff463f3d16d080df83c6982fc0372c9feeacae0504ac9ea3ffe, vars: {}, profile: , target: , version: 1.10.13
[0m17:48:26.928681 [info ] [MainThread]: Unable to do partial parsing because saved manifest not found. Starting full parse.
[0m17:48:26.929263 [debug] [MainThread]: Sending event: {'category': 'dbt', 'action': 'partial_parser', 'label': 'c2196e9c-59ac-4872-a801-b031381fb82c', 'context': [<snowplow_tracker.self_describing_json.SelfDescribingJson object at 0x7ff314c4ef50>]}
[0m17:48:28.721657 [debug] [MainThread]: Sending event: {'category': 'dbt', 'action': 'load_project', 'label': 'c2196e9c-59ac-4872-a801-b031381fb82c', 'context': [<snowplow_tracker.self_describing_json.SelfDescribingJson object at 0x7ff3155c8340>]}
[0m17:48:28.927467 [debug] [MainThread]: Wrote artifact WritableManifest to /Users/macbook/Desktop/ENPAL/Take-Home-Assessment/REPO/dbt_enpal_assessment/target/manifest.json
[0m17:48:28.930389 [debug] [MainThread]: Wrote artifact SemanticManifest to /Users/macbook/Desktop/ENPAL/Take-Home-Assessment/REPO/dbt_enpal_assessment/target/semantic_manifest.json
[0m17:48:28.963000 [debug] [MainThread]: Sending event: {'category': 'dbt', 'action': 'resource_counts', 'label': 'c2196e9c-59ac-4872-a801-b031381fb82c', 'context': [<snowplow_tracker.self_describing_json.SelfDescribingJson object at 0x7ff31532d210>]}
[0m17:48:28.963782 [info ] [MainThread]: Found 8 models, 19 data tests, 6 sources, 447 macros
[0m17:48:28.964488 [debug] [MainThread]: Sending event: {'category': 'dbt', 'action': 'runnable_timing', 'label': 'c2196e9c-59ac-4872-a801-b031381fb82c', 'context': [<snowplow_tracker.self_describing_json.SelfDescribingJson object at 0x7ff315322680>]}
[0m17:48:28.967410 [info ] [MainThread]: 
[0m17:48:28.968042 [info ] [MainThread]: Concurrency: 1 threads (target='dev')
[0m17:48:28.968624 [info ] [MainThread]: 
[0m17:48:28.969490 [debug] [MainThread]: Acquiring new postgres connection 'master'
[0m17:48:28.971337 [debug] [ThreadPool]: Acquiring new postgres connection 'list_postgres'
[0m17:48:29.057782 [debug] [ThreadPool]: Using postgres connection "list_postgres"
[0m17:48:29.058350 [debug] [ThreadPool]: On list_postgres: /* {"app": "dbt", "dbt_version": "1.10.13", "profile_name": "enpal_assessment_project", "target_name": "dev", "connection_name": "list_postgres"} */

    select distinct nspname from pg_namespace
  
[0m17:48:29.058767 [debug] [ThreadPool]: Opening a new connection, currently in state init
[0m17:48:29.140885 [debug] [ThreadPool]: SQL status: SELECT 5 in 0.082 seconds
[0m17:48:29.142499 [debug] [ThreadPool]: On list_postgres: Close
[0m17:48:29.149231 [debug] [ThreadPool]: Re-using an available connection from the pool (formerly list_postgres, now list_postgres_public_pipedrive_analytics)
[0m17:48:29.156080 [debug] [ThreadPool]: Using postgres connection "list_postgres_public_pipedrive_analytics"
[0m17:48:29.156563 [debug] [ThreadPool]: On list_postgres_public_pipedrive_analytics: BEGIN
[0m17:48:29.156949 [debug] [ThreadPool]: Opening a new connection, currently in state closed
[0m17:48:29.172523 [debug] [ThreadPool]: SQL status: BEGIN in 0.015 seconds
[0m17:48:29.173652 [debug] [ThreadPool]: Using postgres connection "list_postgres_public_pipedrive_analytics"
[0m17:48:29.174792 [debug] [ThreadPool]: On list_postgres_public_pipedrive_analytics: /* {"app": "dbt", "dbt_version": "1.10.13", "profile_name": "enpal_assessment_project", "target_name": "dev", "connection_name": "list_postgres_public_pipedrive_analytics"} */
select
      'postgres' as database,
      tablename as name,
      schemaname as schema,
      'table' as type
    from pg_tables
    where schemaname ilike 'public_pipedrive_analytics'
    union all
    select
      'postgres' as database,
      viewname as name,
      schemaname as schema,
      'view' as type
    from pg_views
    where schemaname ilike 'public_pipedrive_analytics'
    union all
    select
      'postgres' as database,
      matviewname as name,
      schemaname as schema,
      'materialized_view' as type
    from pg_matviews
    where schemaname ilike 'public_pipedrive_analytics'
  
[0m17:48:29.178667 [debug] [ThreadPool]: SQL status: SELECT 7 in 0.003 seconds
[0m17:48:29.180753 [debug] [ThreadPool]: On list_postgres_public_pipedrive_analytics: ROLLBACK
[0m17:48:29.182056 [debug] [ThreadPool]: On list_postgres_public_pipedrive_analytics: Close
[0m17:48:29.189563 [debug] [MainThread]: Using postgres connection "master"
[0m17:48:29.190087 [debug] [MainThread]: On master: BEGIN
[0m17:48:29.190462 [debug] [MainThread]: Opening a new connection, currently in state init
[0m17:48:29.205996 [debug] [MainThread]: SQL status: BEGIN in 0.015 seconds
[0m17:48:29.207493 [debug] [MainThread]: Using postgres connection "master"
[0m17:48:29.208299 [debug] [MainThread]: On master: /* {"app": "dbt", "dbt_version": "1.10.13", "profile_name": "enpal_assessment_project", "target_name": "dev", "connection_name": "master"} */
select distinct
        dependent_namespace.nspname as dependent_schema,
        dependent_class.relname as dependent_name,
        referenced_namespace.nspname as referenced_schema,
        referenced_class.relname as referenced_name

    -- Query for views: views are entries in pg_class with an entry in pg_rewrite, but we avoid
    -- a seq scan on pg_rewrite by leveraging the fact there is an "internal" row in pg_depend for
    -- the view...
    from pg_class as dependent_class
    join pg_namespace as dependent_namespace on dependent_namespace.oid = dependent_class.relnamespace
    join pg_depend as dependent_depend on dependent_depend.refobjid = dependent_class.oid
        and dependent_depend.classid = 'pg_rewrite'::regclass
        and dependent_depend.refclassid = 'pg_class'::regclass
        and dependent_depend.deptype = 'i'

    -- ... and via pg_depend (that has a row per column, hence the need for "distinct" above, and
    -- making sure to exclude the internal row to avoid a view appearing to depend on itself)...
    join pg_depend as joining_depend on joining_depend.objid = dependent_depend.objid
        and joining_depend.classid = 'pg_rewrite'::regclass
        and joining_depend.refclassid = 'pg_class'::regclass
        and joining_depend.refobjid != dependent_depend.refobjid

    -- ... we can find the tables they query from in pg_class, but excluding system tables. Note we
    -- don't need need to exclude _dependent_ system tables, because they only query from other
    -- system tables, and so are automatically excluded by excluding _referenced_ system tables
    join pg_class as referenced_class on referenced_class.oid = joining_depend.refobjid
    join pg_namespace as referenced_namespace on referenced_namespace.oid = referenced_class.relnamespace
        and referenced_namespace.nspname != 'information_schema'
        and referenced_namespace.nspname not like 'pg\_%'

    order by
        dependent_schema, dependent_name, referenced_schema, referenced_name;
[0m17:48:29.217048 [debug] [MainThread]: SQL status: SELECT 6 in 0.008 seconds
[0m17:48:29.219749 [debug] [MainThread]: Sending event: {'category': 'dbt', 'action': 'runnable_timing', 'label': 'c2196e9c-59ac-4872-a801-b031381fb82c', 'context': [<snowplow_tracker.self_describing_json.SelfDescribingJson object at 0x7ff3113d3040>]}
[0m17:48:29.221435 [debug] [MainThread]: On master: ROLLBACK
[0m17:48:29.222740 [debug] [MainThread]: Using postgres connection "master"
[0m17:48:29.223308 [debug] [MainThread]: On master: BEGIN
[0m17:48:29.227448 [debug] [MainThread]: SQL status: BEGIN in 0.004 seconds
[0m17:48:29.229956 [debug] [MainThread]: On master: COMMIT
[0m17:48:29.230759 [debug] [MainThread]: Using postgres connection "master"
[0m17:48:29.231210 [debug] [MainThread]: On master: COMMIT
[0m17:48:29.232499 [debug] [MainThread]: SQL status: COMMIT in 0.001 seconds
[0m17:48:29.233070 [debug] [MainThread]: On master: Close
[0m17:48:29.238326 [debug] [Thread-1 (]: Began running node model.enpal_assessment_project.int_activity_events
[0m17:48:29.239098 [info ] [Thread-1 (]: 1 of 1 START sql view model public_pipedrive_analytics.int_activity_events ..... [RUN]
[0m17:48:29.239867 [debug] [Thread-1 (]: Re-using an available connection from the pool (formerly list_postgres_public_pipedrive_analytics, now model.enpal_assessment_project.int_activity_events)
[0m17:48:29.240398 [debug] [Thread-1 (]: Began compiling node model.enpal_assessment_project.int_activity_events
[0m17:48:29.257874 [debug] [Thread-1 (]: Writing injected SQL for node "model.enpal_assessment_project.int_activity_events"
[0m17:48:29.259586 [debug] [Thread-1 (]: Began executing node model.enpal_assessment_project.int_activity_events
[0m17:48:29.306738 [debug] [Thread-1 (]: Writing runtime sql for node "model.enpal_assessment_project.int_activity_events"
[0m17:48:29.308452 [debug] [Thread-1 (]: Using postgres connection "model.enpal_assessment_project.int_activity_events"
[0m17:48:29.309040 [debug] [Thread-1 (]: On model.enpal_assessment_project.int_activity_events: BEGIN
[0m17:48:29.309561 [debug] [Thread-1 (]: Opening a new connection, currently in state closed
[0m17:48:29.325982 [debug] [Thread-1 (]: SQL status: BEGIN in 0.016 seconds
[0m17:48:29.327159 [debug] [Thread-1 (]: Using postgres connection "model.enpal_assessment_project.int_activity_events"
[0m17:48:29.327716 [debug] [Thread-1 (]: On model.enpal_assessment_project.int_activity_events: /* {"app": "dbt", "dbt_version": "1.10.13", "profile_name": "enpal_assessment_project", "target_name": "dev", "node_id": "model.enpal_assessment_project.int_activity_events"} */

  create view "postgres"."public_pipedrive_analytics"."int_activity_events__dbt_tmp"
    
    
  as (
    

select
  a.deal_id,
  a.due_to::timestamp as activity_date,
  at.activity_type_name,
  at.activity_type_key,
  a.done::boolean as is_completed
from "postgres"."public_pipedrive_analytics"."stg_activity" a
left join "postgres"."public_pipedrive_analytics"."stg_activity_types" at
  on a.activity_type_key = at.activity_type_key
where a.deal_id is not null
  );
[0m17:48:29.330392 [debug] [Thread-1 (]: Postgres adapter: Postgres error: column a.done does not exist
LINE 14:   a.done::boolean as is_completed
           ^

[0m17:48:29.332589 [debug] [Thread-1 (]: On model.enpal_assessment_project.int_activity_events: ROLLBACK
[0m17:48:29.334499 [debug] [Thread-1 (]: On model.enpal_assessment_project.int_activity_events: Close
[0m17:48:29.349895 [debug] [Thread-1 (]: Database Error in model int_activity_events (models/intermediate/int_activity_events.sql)
  column a.done does not exist
  LINE 14:   a.done::boolean as is_completed
             ^
  compiled code at target/run/enpal_assessment_project/models/intermediate/int_activity_events.sql
[0m17:48:29.352650 [debug] [Thread-1 (]: Sending event: {'category': 'dbt', 'action': 'run_model', 'label': 'c2196e9c-59ac-4872-a801-b031381fb82c', 'context': [<snowplow_tracker.self_describing_json.SelfDescribingJson object at 0x7ff3152c0ca0>]}
[0m17:48:29.353673 [error] [Thread-1 (]: 1 of 1 ERROR creating sql view model public_pipedrive_analytics.int_activity_events  [[31mERROR[0m in 0.11s]
[0m17:48:29.354569 [debug] [Thread-1 (]: Finished running node model.enpal_assessment_project.int_activity_events
[0m17:48:29.355344 [debug] [Thread-4 (]: Marking all children of 'model.enpal_assessment_project.int_activity_events' to be skipped because of status 'error'.  Reason: Database Error in model int_activity_events (models/intermediate/int_activity_events.sql)
  column a.done does not exist
  LINE 14:   a.done::boolean as is_completed
             ^
  compiled code at target/run/enpal_assessment_project/models/intermediate/int_activity_events.sql.
[0m17:48:29.358186 [debug] [MainThread]: Using postgres connection "master"
[0m17:48:29.358783 [debug] [MainThread]: On master: BEGIN
[0m17:48:29.359228 [debug] [MainThread]: Opening a new connection, currently in state closed
[0m17:48:29.376770 [debug] [MainThread]: SQL status: BEGIN in 0.017 seconds
[0m17:48:29.377748 [debug] [MainThread]: On master: COMMIT
[0m17:48:29.378595 [debug] [MainThread]: Using postgres connection "master"
[0m17:48:29.379127 [debug] [MainThread]: On master: COMMIT
[0m17:48:29.380511 [debug] [MainThread]: SQL status: COMMIT in 0.001 seconds
[0m17:48:29.381208 [debug] [MainThread]: On master: Close
[0m17:48:29.381879 [debug] [MainThread]: Connection 'master' was properly closed.
[0m17:48:29.382343 [debug] [MainThread]: Connection 'model.enpal_assessment_project.int_activity_events' was properly closed.
[0m17:48:29.382814 [info ] [MainThread]: 
[0m17:48:29.383354 [info ] [MainThread]: Finished running 1 view model in 0 hours 0 minutes and 0.41 seconds (0.41s).
[0m17:48:29.384506 [debug] [MainThread]: Command end result
[0m17:48:29.421525 [debug] [MainThread]: Wrote artifact WritableManifest to /Users/macbook/Desktop/ENPAL/Take-Home-Assessment/REPO/dbt_enpal_assessment/target/manifest.json
[0m17:48:29.423630 [debug] [MainThread]: Wrote artifact SemanticManifest to /Users/macbook/Desktop/ENPAL/Take-Home-Assessment/REPO/dbt_enpal_assessment/target/semantic_manifest.json
[0m17:48:29.431192 [debug] [MainThread]: Wrote artifact RunExecutionResult to /Users/macbook/Desktop/ENPAL/Take-Home-Assessment/REPO/dbt_enpal_assessment/target/run_results.json
[0m17:48:29.431656 [info ] [MainThread]: 
[0m17:48:29.432430 [info ] [MainThread]: [31mCompleted with 1 error, 0 partial successes, and 0 warnings:[0m
[0m17:48:29.433011 [info ] [MainThread]: 
[0m17:48:29.433824 [error] [MainThread]: [31mFailure in model int_activity_events (models/intermediate/int_activity_events.sql)[0m
[0m17:48:29.434445 [error] [MainThread]:   Database Error in model int_activity_events (models/intermediate/int_activity_events.sql)
  column a.done does not exist
  LINE 14:   a.done::boolean as is_completed
             ^
  compiled code at target/run/enpal_assessment_project/models/intermediate/int_activity_events.sql
[0m17:48:29.434879 [info ] [MainThread]: 
[0m17:48:29.435370 [info ] [MainThread]:   compiled code at target/compiled/enpal_assessment_project/models/intermediate/int_activity_events.sql
[0m17:48:29.435791 [info ] [MainThread]: 
[0m17:48:29.436236 [info ] [MainThread]: Done. PASS=0 WARN=0 ERROR=1 SKIP=0 NO-OP=0 TOTAL=1
[0m17:48:29.438282 [debug] [MainThread]: Resource report: {"command_name": "run", "command_success": false, "command_wall_clock_time": 3.2232592, "process_in_blocks": "0", "process_kernel_time": 0.839788, "process_mem_max_rss": "127344640", "process_out_blocks": "0", "process_user_time": 4.700065}
[0m17:48:29.438988 [debug] [MainThread]: Command `dbt run` failed at 17:48:29.438849 after 3.22 seconds
[0m17:48:29.439555 [debug] [MainThread]: Sending event: {'category': 'dbt', 'action': 'invocation', 'label': 'end', 'context': [<snowplow_tracker.self_describing_json.SelfDescribingJson object at 0x7ff312db8580>, <snowplow_tracker.self_describing_json.SelfDescribingJson object at 0x7ff312e7e500>, <snowplow_tracker.self_describing_json.SelfDescribingJson object at 0x7ff31556c610>]}
[0m17:48:29.440108 [debug] [MainThread]: Flushing usage events
[0m17:48:30.195931 [debug] [MainThread]: An error was encountered while trying to flush usage events
[0m17:50:45.073837 [debug] [MainThread]: Sending event: {'category': 'dbt', 'action': 'invocation', 'label': 'start', 'context': [<snowplow_tracker.self_describing_json.SelfDescribingJson object at 0x7fc87d5a04c0>, <snowplow_tracker.self_describing_json.SelfDescribingJson object at 0x7fc87ef19240>, <snowplow_tracker.self_describing_json.SelfDescribingJson object at 0x7fc87ef18b50>]}


============================== 17:50:45.082119 | b3b8eed9-d66b-4a20-a7b4-7977a5a198ab ==============================
[0m17:50:45.082119 [info ] [MainThread]: Running with dbt=1.10.13
[0m17:50:45.083870 [debug] [MainThread]: running dbt with arguments {'debug': 'False', 'version_check': 'True', 'target_path': 'None', 'send_anonymous_usage_stats': 'True', 'use_colors': 'True', 'printer_width': '80', 'use_experimental_parser': 'False', 'introspect': 'True', 'no_print': 'None', 'empty': 'False', 'warn_error': 'None', 'cache_selected_only': 'False', 'static_parser': 'True', 'profiles_dir': '/Users/macbook/Desktop/Enpal/Take-Home-Assessment/REPO/dbt_enpal_assessment', 'log_cache_events': 'False', 'write_json': 'True', 'log_format': 'default', 'partial_parse': 'True', 'log_path': '/Users/macbook/Desktop/ENPAL/Take-Home-Assessment/REPO/dbt_enpal_assessment/logs', 'quiet': 'False', 'fail_fast': 'False', 'invocation_command': 'dbt run --select int_activity_events --full-refresh', 'warn_error_options': 'WarnErrorOptionsV2(error=[], warn=[], silence=[])', 'indirect_selection': 'eager'}
[0m17:50:45.698352 [debug] [MainThread]: Sending event: {'category': 'dbt', 'action': 'project_id', 'label': 'b3b8eed9-d66b-4a20-a7b4-7977a5a198ab', 'context': [<snowplow_tracker.self_describing_json.SelfDescribingJson object at 0x7fc87eec6680>]}
[0m17:50:45.784526 [debug] [MainThread]: Sending event: {'category': 'dbt', 'action': 'adapter_info', 'label': 'b3b8eed9-d66b-4a20-a7b4-7977a5a198ab', 'context': [<snowplow_tracker.self_describing_json.SelfDescribingJson object at 0x7fc87ed55d20>]}
[0m17:50:45.787388 [info ] [MainThread]: Registered adapter: postgres=1.9.1
[0m17:50:46.001838 [debug] [MainThread]: checksum: 9f0c81e2574b4ff463f3d16d080df83c6982fc0372c9feeacae0504ac9ea3ffe, vars: {}, profile: , target: , version: 1.10.13
[0m17:50:46.278215 [debug] [MainThread]: Partial parsing enabled: 0 files deleted, 0 files added, 1 files changed.
[0m17:50:46.279121 [debug] [MainThread]: Partial parsing: updated file: enpal_assessment_project://models/intermediate/int_activity_events.sql
[0m17:50:46.719849 [debug] [MainThread]: Sending event: {'category': 'dbt', 'action': 'load_project', 'label': 'b3b8eed9-d66b-4a20-a7b4-7977a5a198ab', 'context': [<snowplow_tracker.self_describing_json.SelfDescribingJson object at 0x7fc87eff4160>]}
[0m17:50:46.854959 [debug] [MainThread]: Wrote artifact WritableManifest to /Users/macbook/Desktop/ENPAL/Take-Home-Assessment/REPO/dbt_enpal_assessment/target/manifest.json
[0m17:50:46.859705 [debug] [MainThread]: Wrote artifact SemanticManifest to /Users/macbook/Desktop/ENPAL/Take-Home-Assessment/REPO/dbt_enpal_assessment/target/semantic_manifest.json
[0m17:50:46.910090 [debug] [MainThread]: Sending event: {'category': 'dbt', 'action': 'resource_counts', 'label': 'b3b8eed9-d66b-4a20-a7b4-7977a5a198ab', 'context': [<snowplow_tracker.self_describing_json.SelfDescribingJson object at 0x7fc87f79ea10>]}
[0m17:50:46.911213 [info ] [MainThread]: Found 8 models, 19 data tests, 6 sources, 447 macros
[0m17:50:46.911944 [debug] [MainThread]: Sending event: {'category': 'dbt', 'action': 'runnable_timing', 'label': 'b3b8eed9-d66b-4a20-a7b4-7977a5a198ab', 'context': [<snowplow_tracker.self_describing_json.SelfDescribingJson object at 0x7fc87f79c0a0>]}
[0m17:50:46.914668 [info ] [MainThread]: 
[0m17:50:46.915620 [info ] [MainThread]: Concurrency: 1 threads (target='dev')
[0m17:50:46.916270 [info ] [MainThread]: 
[0m17:50:46.917167 [debug] [MainThread]: Acquiring new postgres connection 'master'
[0m17:50:46.918498 [debug] [ThreadPool]: Acquiring new postgres connection 'list_postgres'
[0m17:50:47.075652 [debug] [ThreadPool]: Using postgres connection "list_postgres"
[0m17:50:47.076293 [debug] [ThreadPool]: On list_postgres: /* {"app": "dbt", "dbt_version": "1.10.13", "profile_name": "enpal_assessment_project", "target_name": "dev", "connection_name": "list_postgres"} */

    select distinct nspname from pg_namespace
  
[0m17:50:47.076766 [debug] [ThreadPool]: Opening a new connection, currently in state init
[0m17:50:47.169050 [debug] [ThreadPool]: SQL status: SELECT 5 in 0.092 seconds
[0m17:50:47.170707 [debug] [ThreadPool]: On list_postgres: Close
[0m17:50:47.177508 [debug] [ThreadPool]: Re-using an available connection from the pool (formerly list_postgres, now list_postgres_public_pipedrive_analytics)
[0m17:50:47.184902 [debug] [ThreadPool]: Using postgres connection "list_postgres_public_pipedrive_analytics"
[0m17:50:47.185438 [debug] [ThreadPool]: On list_postgres_public_pipedrive_analytics: BEGIN
[0m17:50:47.185828 [debug] [ThreadPool]: Opening a new connection, currently in state closed
[0m17:50:47.201512 [debug] [ThreadPool]: SQL status: BEGIN in 0.016 seconds
[0m17:50:47.202587 [debug] [ThreadPool]: Using postgres connection "list_postgres_public_pipedrive_analytics"
[0m17:50:47.203551 [debug] [ThreadPool]: On list_postgres_public_pipedrive_analytics: /* {"app": "dbt", "dbt_version": "1.10.13", "profile_name": "enpal_assessment_project", "target_name": "dev", "connection_name": "list_postgres_public_pipedrive_analytics"} */
select
      'postgres' as database,
      tablename as name,
      schemaname as schema,
      'table' as type
    from pg_tables
    where schemaname ilike 'public_pipedrive_analytics'
    union all
    select
      'postgres' as database,
      viewname as name,
      schemaname as schema,
      'view' as type
    from pg_views
    where schemaname ilike 'public_pipedrive_analytics'
    union all
    select
      'postgres' as database,
      matviewname as name,
      schemaname as schema,
      'materialized_view' as type
    from pg_matviews
    where schemaname ilike 'public_pipedrive_analytics'
  
[0m17:50:47.207608 [debug] [ThreadPool]: SQL status: SELECT 7 in 0.004 seconds
[0m17:50:47.209289 [debug] [ThreadPool]: On list_postgres_public_pipedrive_analytics: ROLLBACK
[0m17:50:47.210638 [debug] [ThreadPool]: On list_postgres_public_pipedrive_analytics: Close
[0m17:50:47.218595 [debug] [MainThread]: Using postgres connection "master"
[0m17:50:47.219151 [debug] [MainThread]: On master: BEGIN
[0m17:50:47.219534 [debug] [MainThread]: Opening a new connection, currently in state init
[0m17:50:47.235340 [debug] [MainThread]: SQL status: BEGIN in 0.016 seconds
[0m17:50:47.236702 [debug] [MainThread]: Using postgres connection "master"
[0m17:50:47.237677 [debug] [MainThread]: On master: /* {"app": "dbt", "dbt_version": "1.10.13", "profile_name": "enpal_assessment_project", "target_name": "dev", "connection_name": "master"} */
select distinct
        dependent_namespace.nspname as dependent_schema,
        dependent_class.relname as dependent_name,
        referenced_namespace.nspname as referenced_schema,
        referenced_class.relname as referenced_name

    -- Query for views: views are entries in pg_class with an entry in pg_rewrite, but we avoid
    -- a seq scan on pg_rewrite by leveraging the fact there is an "internal" row in pg_depend for
    -- the view...
    from pg_class as dependent_class
    join pg_namespace as dependent_namespace on dependent_namespace.oid = dependent_class.relnamespace
    join pg_depend as dependent_depend on dependent_depend.refobjid = dependent_class.oid
        and dependent_depend.classid = 'pg_rewrite'::regclass
        and dependent_depend.refclassid = 'pg_class'::regclass
        and dependent_depend.deptype = 'i'

    -- ... and via pg_depend (that has a row per column, hence the need for "distinct" above, and
    -- making sure to exclude the internal row to avoid a view appearing to depend on itself)...
    join pg_depend as joining_depend on joining_depend.objid = dependent_depend.objid
        and joining_depend.classid = 'pg_rewrite'::regclass
        and joining_depend.refclassid = 'pg_class'::regclass
        and joining_depend.refobjid != dependent_depend.refobjid

    -- ... we can find the tables they query from in pg_class, but excluding system tables. Note we
    -- don't need need to exclude _dependent_ system tables, because they only query from other
    -- system tables, and so are automatically excluded by excluding _referenced_ system tables
    join pg_class as referenced_class on referenced_class.oid = joining_depend.refobjid
    join pg_namespace as referenced_namespace on referenced_namespace.oid = referenced_class.relnamespace
        and referenced_namespace.nspname != 'information_schema'
        and referenced_namespace.nspname not like 'pg\_%'

    order by
        dependent_schema, dependent_name, referenced_schema, referenced_name;
[0m17:50:47.244853 [debug] [MainThread]: SQL status: SELECT 6 in 0.006 seconds
[0m17:50:47.247492 [debug] [MainThread]: Sending event: {'category': 'dbt', 'action': 'runnable_timing', 'label': 'b3b8eed9-d66b-4a20-a7b4-7977a5a198ab', 'context': [<snowplow_tracker.self_describing_json.SelfDescribingJson object at 0x7fc87f044430>]}
[0m17:50:47.248539 [debug] [MainThread]: On master: ROLLBACK
[0m17:50:47.251011 [debug] [MainThread]: Using postgres connection "master"
[0m17:50:47.252563 [debug] [MainThread]: On master: BEGIN
[0m17:50:47.255102 [debug] [MainThread]: SQL status: BEGIN in 0.002 seconds
[0m17:50:47.256592 [debug] [MainThread]: On master: COMMIT
[0m17:50:47.257678 [debug] [MainThread]: Using postgres connection "master"
[0m17:50:47.258179 [debug] [MainThread]: On master: COMMIT
[0m17:50:47.259471 [debug] [MainThread]: SQL status: COMMIT in 0.001 seconds
[0m17:50:47.260092 [debug] [MainThread]: On master: Close
[0m17:50:47.265416 [debug] [Thread-1 (]: Began running node model.enpal_assessment_project.int_activity_events
[0m17:50:47.266636 [info ] [Thread-1 (]: 1 of 1 START sql view model public_pipedrive_analytics.int_activity_events ..... [RUN]
[0m17:50:47.267523 [debug] [Thread-1 (]: Re-using an available connection from the pool (formerly list_postgres_public_pipedrive_analytics, now model.enpal_assessment_project.int_activity_events)
[0m17:50:47.268297 [debug] [Thread-1 (]: Began compiling node model.enpal_assessment_project.int_activity_events
[0m17:50:47.280517 [debug] [Thread-1 (]: Writing injected SQL for node "model.enpal_assessment_project.int_activity_events"
[0m17:50:47.281512 [debug] [Thread-1 (]: Began executing node model.enpal_assessment_project.int_activity_events
[0m17:50:47.330704 [debug] [Thread-1 (]: Writing runtime sql for node "model.enpal_assessment_project.int_activity_events"
[0m17:50:47.333440 [debug] [Thread-1 (]: Using postgres connection "model.enpal_assessment_project.int_activity_events"
[0m17:50:47.334581 [debug] [Thread-1 (]: On model.enpal_assessment_project.int_activity_events: BEGIN
[0m17:50:47.335059 [debug] [Thread-1 (]: Opening a new connection, currently in state closed
[0m17:50:47.351136 [debug] [Thread-1 (]: SQL status: BEGIN in 0.016 seconds
[0m17:50:47.352529 [debug] [Thread-1 (]: Using postgres connection "model.enpal_assessment_project.int_activity_events"
[0m17:50:47.353314 [debug] [Thread-1 (]: On model.enpal_assessment_project.int_activity_events: /* {"app": "dbt", "dbt_version": "1.10.13", "profile_name": "enpal_assessment_project", "target_name": "dev", "node_id": "model.enpal_assessment_project.int_activity_events"} */

  create view "postgres"."public_pipedrive_analytics"."int_activity_events__dbt_tmp"
    
    
  as (
    

select
  a.deal_id,
  a.due_to::timestamp as activity_date,
  at.activity_type_name,
  at.activity_type_key,
  a.is_done as is_completed
from "postgres"."public_pipedrive_analytics"."stg_activity" a
left join "postgres"."public_pipedrive_analytics"."stg_activity_types" at
  on a.activity_type_key = at.activity_type_key
where a.deal_id is not null
  );
[0m17:50:47.362004 [debug] [Thread-1 (]: SQL status: CREATE VIEW in 0.008 seconds
[0m17:50:47.370780 [debug] [Thread-1 (]: Using postgres connection "model.enpal_assessment_project.int_activity_events"
[0m17:50:47.371408 [debug] [Thread-1 (]: On model.enpal_assessment_project.int_activity_events: /* {"app": "dbt", "dbt_version": "1.10.13", "profile_name": "enpal_assessment_project", "target_name": "dev", "node_id": "model.enpal_assessment_project.int_activity_events"} */
alter table "postgres"."public_pipedrive_analytics"."int_activity_events__dbt_tmp" rename to "int_activity_events"
[0m17:50:47.372979 [debug] [Thread-1 (]: SQL status: ALTER TABLE in 0.001 seconds
[0m17:50:47.390502 [debug] [Thread-1 (]: On model.enpal_assessment_project.int_activity_events: COMMIT
[0m17:50:47.391168 [debug] [Thread-1 (]: Using postgres connection "model.enpal_assessment_project.int_activity_events"
[0m17:50:47.391676 [debug] [Thread-1 (]: On model.enpal_assessment_project.int_activity_events: COMMIT
[0m17:50:47.394022 [debug] [Thread-1 (]: SQL status: COMMIT in 0.002 seconds
[0m17:50:47.402155 [debug] [Thread-1 (]: Applying DROP to: "postgres"."public_pipedrive_analytics"."int_activity_events__dbt_backup"
[0m17:50:47.407487 [debug] [Thread-1 (]: Using postgres connection "model.enpal_assessment_project.int_activity_events"
[0m17:50:47.408118 [debug] [Thread-1 (]: On model.enpal_assessment_project.int_activity_events: /* {"app": "dbt", "dbt_version": "1.10.13", "profile_name": "enpal_assessment_project", "target_name": "dev", "node_id": "model.enpal_assessment_project.int_activity_events"} */
drop view if exists "postgres"."public_pipedrive_analytics"."int_activity_events__dbt_backup" cascade
[0m17:50:47.409511 [debug] [Thread-1 (]: SQL status: DROP VIEW in 0.001 seconds
[0m17:50:47.412857 [debug] [Thread-1 (]: On model.enpal_assessment_project.int_activity_events: Close
[0m17:50:47.417722 [debug] [Thread-1 (]: Sending event: {'category': 'dbt', 'action': 'run_model', 'label': 'b3b8eed9-d66b-4a20-a7b4-7977a5a198ab', 'context': [<snowplow_tracker.self_describing_json.SelfDescribingJson object at 0x7fc87bd4c790>]}
[0m17:50:47.418784 [info ] [Thread-1 (]: 1 of 1 OK created sql view model public_pipedrive_analytics.int_activity_events  [[32mCREATE VIEW[0m in 0.15s]
[0m17:50:47.419652 [debug] [Thread-1 (]: Finished running node model.enpal_assessment_project.int_activity_events
[0m17:50:47.422073 [debug] [MainThread]: Using postgres connection "master"
[0m17:50:47.422671 [debug] [MainThread]: On master: BEGIN
[0m17:50:47.423061 [debug] [MainThread]: Opening a new connection, currently in state closed
[0m17:50:47.441055 [debug] [MainThread]: SQL status: BEGIN in 0.018 seconds
[0m17:50:47.442197 [debug] [MainThread]: On master: COMMIT
[0m17:50:47.442955 [debug] [MainThread]: Using postgres connection "master"
[0m17:50:47.443367 [debug] [MainThread]: On master: COMMIT
[0m17:50:47.444538 [debug] [MainThread]: SQL status: COMMIT in 0.001 seconds
[0m17:50:47.445087 [debug] [MainThread]: On master: Close
[0m17:50:47.445810 [debug] [MainThread]: Connection 'master' was properly closed.
[0m17:50:47.446310 [debug] [MainThread]: Connection 'model.enpal_assessment_project.int_activity_events' was properly closed.
[0m17:50:47.446850 [info ] [MainThread]: 
[0m17:50:47.447423 [info ] [MainThread]: Finished running 1 view model in 0 hours 0 minutes and 0.53 seconds (0.53s).
[0m17:50:47.448817 [debug] [MainThread]: Command end result
[0m17:50:47.489115 [debug] [MainThread]: Wrote artifact WritableManifest to /Users/macbook/Desktop/ENPAL/Take-Home-Assessment/REPO/dbt_enpal_assessment/target/manifest.json
[0m17:50:47.492381 [debug] [MainThread]: Wrote artifact SemanticManifest to /Users/macbook/Desktop/ENPAL/Take-Home-Assessment/REPO/dbt_enpal_assessment/target/semantic_manifest.json
[0m17:50:47.504239 [debug] [MainThread]: Wrote artifact RunExecutionResult to /Users/macbook/Desktop/ENPAL/Take-Home-Assessment/REPO/dbt_enpal_assessment/target/run_results.json
[0m17:50:47.504890 [info ] [MainThread]: 
[0m17:50:47.505630 [info ] [MainThread]: [32mCompleted successfully[0m
[0m17:50:47.506243 [info ] [MainThread]: 
[0m17:50:47.506831 [info ] [MainThread]: Done. PASS=1 WARN=0 ERROR=0 SKIP=0 NO-OP=0 TOTAL=1
[0m17:50:47.509138 [debug] [MainThread]: Resource report: {"command_name": "run", "command_success": true, "command_wall_clock_time": 2.5533643, "process_in_blocks": "0", "process_kernel_time": 0.890096, "process_mem_max_rss": "123490304", "process_out_blocks": "0", "process_user_time": 3.669384}
[0m17:50:47.509872 [debug] [MainThread]: Command `dbt run` succeeded at 17:50:47.509732 after 2.55 seconds
[0m17:50:47.510425 [debug] [MainThread]: Sending event: {'category': 'dbt', 'action': 'invocation', 'label': 'end', 'context': [<snowplow_tracker.self_describing_json.SelfDescribingJson object at 0x7fc87d5a04c0>, <snowplow_tracker.self_describing_json.SelfDescribingJson object at 0x7fc87f93b6a0>, <snowplow_tracker.self_describing_json.SelfDescribingJson object at 0x7fc87f82a7d0>]}
[0m17:50:47.510975 [debug] [MainThread]: Flushing usage events
[0m17:50:48.111406 [debug] [MainThread]: An error was encountered while trying to flush usage events
[0m17:59:24.560378 [debug] [MainThread]: Sending event: {'category': 'dbt', 'action': 'invocation', 'label': 'start', 'context': [<snowplow_tracker.self_describing_json.SelfDescribingJson object at 0x7f95395985b0>, <snowplow_tracker.self_describing_json.SelfDescribingJson object at 0x7f953a71d210>, <snowplow_tracker.self_describing_json.SelfDescribingJson object at 0x7f953a71cb20>]}


============================== 17:59:24.569659 | 81216a67-8079-403a-a8fa-b92f014d54fc ==============================
[0m17:59:24.569659 [info ] [MainThread]: Running with dbt=1.10.13
[0m17:59:24.570889 [debug] [MainThread]: running dbt with arguments {'log_path': '/Users/macbook/Desktop/ENPAL/Take-Home-Assessment/REPO/dbt_enpal_assessment/logs', 'profiles_dir': '/Users/macbook/Desktop/Enpal/Take-Home-Assessment/REPO/dbt_enpal_assessment', 'warn_error_options': 'WarnErrorOptionsV2(error=[], warn=[], silence=[])', 'empty': 'False', 'log_cache_events': 'False', 'indirect_selection': 'eager', 'static_parser': 'True', 'fail_fast': 'False', 'write_json': 'True', 'debug': 'False', 'version_check': 'True', 'partial_parse': 'True', 'send_anonymous_usage_stats': 'True', 'printer_width': '80', 'cache_selected_only': 'False', 'invocation_command': 'dbt run --select rep_sales_funnel_monthly --full-refresh', 'warn_error': 'None', 'log_format': 'default', 'use_experimental_parser': 'False', 'introspect': 'True', 'no_print': 'None', 'quiet': 'False', 'target_path': 'None', 'use_colors': 'True'}
[0m17:59:25.214403 [debug] [MainThread]: Sending event: {'category': 'dbt', 'action': 'project_id', 'label': '81216a67-8079-403a-a8fa-b92f014d54fc', 'context': [<snowplow_tracker.self_describing_json.SelfDescribingJson object at 0x7f953a810a30>]}
[0m17:59:25.377766 [debug] [MainThread]: Sending event: {'category': 'dbt', 'action': 'adapter_info', 'label': '81216a67-8079-403a-a8fa-b92f014d54fc', 'context': [<snowplow_tracker.self_describing_json.SelfDescribingJson object at 0x7f953a7f3f10>]}
[0m17:59:25.379651 [info ] [MainThread]: Registered adapter: postgres=1.9.1
[0m17:59:25.746095 [debug] [MainThread]: checksum: 9f0c81e2574b4ff463f3d16d080df83c6982fc0372c9feeacae0504ac9ea3ffe, vars: {}, profile: , target: , version: 1.10.13
[0m17:59:26.123704 [debug] [MainThread]: Partial parsing enabled: 0 files deleted, 2 files added, 0 files changed.
[0m17:59:26.124929 [debug] [MainThread]: Partial parsing: added file: enpal_assessment_project://models/marts/rep_sales_funnel_monthly.sql
[0m17:59:26.125878 [debug] [MainThread]: Partial parsing: added file: enpal_assessment_project://models/marts/marts.yml
[0m17:59:26.672266 [debug] [MainThread]: Sending event: {'category': 'dbt', 'action': 'load_project', 'label': '81216a67-8079-403a-a8fa-b92f014d54fc', 'context': [<snowplow_tracker.self_describing_json.SelfDescribingJson object at 0x7f953b269a50>]}
[0m17:59:26.805541 [debug] [MainThread]: Wrote artifact WritableManifest to /Users/macbook/Desktop/ENPAL/Take-Home-Assessment/REPO/dbt_enpal_assessment/target/manifest.json
[0m17:59:26.809420 [debug] [MainThread]: Wrote artifact SemanticManifest to /Users/macbook/Desktop/ENPAL/Take-Home-Assessment/REPO/dbt_enpal_assessment/target/semantic_manifest.json
[0m17:59:26.858096 [debug] [MainThread]: Sending event: {'category': 'dbt', 'action': 'resource_counts', 'label': '81216a67-8079-403a-a8fa-b92f014d54fc', 'context': [<snowplow_tracker.self_describing_json.SelfDescribingJson object at 0x7f953b0ce740>]}
[0m17:59:26.858925 [info ] [MainThread]: Found 9 models, 19 data tests, 6 sources, 447 macros
[0m17:59:26.859554 [debug] [MainThread]: Sending event: {'category': 'dbt', 'action': 'runnable_timing', 'label': '81216a67-8079-403a-a8fa-b92f014d54fc', 'context': [<snowplow_tracker.self_describing_json.SelfDescribingJson object at 0x7f953af7ee60>]}
[0m17:59:26.861598 [warn ] [MainThread]: Nothing to do. Try checking your model configs and model specification args
[0m17:59:26.862534 [debug] [MainThread]: Command end result
[0m17:59:26.894885 [debug] [MainThread]: Wrote artifact WritableManifest to /Users/macbook/Desktop/ENPAL/Take-Home-Assessment/REPO/dbt_enpal_assessment/target/manifest.json
[0m17:59:26.897941 [debug] [MainThread]: Wrote artifact SemanticManifest to /Users/macbook/Desktop/ENPAL/Take-Home-Assessment/REPO/dbt_enpal_assessment/target/semantic_manifest.json
[0m17:59:26.903048 [debug] [MainThread]: Wrote artifact RunExecutionResult to /Users/macbook/Desktop/ENPAL/Take-Home-Assessment/REPO/dbt_enpal_assessment/target/run_results.json
[0m17:59:26.905824 [debug] [MainThread]: Resource report: {"command_name": "run", "command_success": true, "command_wall_clock_time": 2.5107505, "process_in_blocks": "0", "process_kernel_time": 0.818395, "process_mem_max_rss": "114790400", "process_out_blocks": "0", "process_user_time": 4.158735}
[0m17:59:26.906658 [debug] [MainThread]: Command `dbt run` succeeded at 17:59:26.906504 after 2.51 seconds
[0m17:59:26.907484 [debug] [MainThread]: Sending event: {'category': 'dbt', 'action': 'invocation', 'label': 'end', 'context': [<snowplow_tracker.self_describing_json.SelfDescribingJson object at 0x7f95395985b0>, <snowplow_tracker.self_describing_json.SelfDescribingJson object at 0x7f953a7f3f10>, <snowplow_tracker.self_describing_json.SelfDescribingJson object at 0x7f953af955d0>]}
[0m17:59:26.908122 [debug] [MainThread]: Flushing usage events
[0m17:59:27.562794 [debug] [MainThread]: An error was encountered while trying to flush usage events
[0m17:59:40.479308 [debug] [MainThread]: Sending event: {'category': 'dbt', 'action': 'invocation', 'label': 'start', 'context': [<snowplow_tracker.self_describing_json.SelfDescribingJson object at 0x7fd79c5a84f0>, <snowplow_tracker.self_describing_json.SelfDescribingJson object at 0x7fd79e02dc00>, <snowplow_tracker.self_describing_json.SelfDescribingJson object at 0x7fd79e02d510>]}


============================== 17:59:40.486469 | 9a267970-ec15-4416-bc36-991a88f41860 ==============================
[0m17:59:40.486469 [info ] [MainThread]: Running with dbt=1.10.13
[0m17:59:40.487410 [debug] [MainThread]: running dbt with arguments {'warn_error': 'None', 'introspect': 'True', 'invocation_command': 'dbt test --select rep_sales_funnel_monthly', 'warn_error_options': 'WarnErrorOptionsV2(error=[], warn=[], silence=[])', 'log_cache_events': 'False', 'send_anonymous_usage_stats': 'True', 'static_parser': 'True', 'debug': 'False', 'partial_parse': 'True', 'write_json': 'True', 'empty': 'None', 'indirect_selection': 'eager', 'profiles_dir': '/Users/macbook/Desktop/Enpal/Take-Home-Assessment/REPO/dbt_enpal_assessment', 'printer_width': '80', 'log_path': '/Users/macbook/Desktop/ENPAL/Take-Home-Assessment/REPO/dbt_enpal_assessment/logs', 'version_check': 'True', 'no_print': 'None', 'cache_selected_only': 'False', 'fail_fast': 'False', 'log_format': 'default', 'target_path': 'None', 'use_colors': 'True', 'use_experimental_parser': 'False', 'quiet': 'False'}
[0m17:59:40.806165 [debug] [MainThread]: Sending event: {'category': 'dbt', 'action': 'project_id', 'label': '9a267970-ec15-4416-bc36-991a88f41860', 'context': [<snowplow_tracker.self_describing_json.SelfDescribingJson object at 0x7fd79abdc190>]}
[0m17:59:40.888953 [debug] [MainThread]: Sending event: {'category': 'dbt', 'action': 'adapter_info', 'label': '9a267970-ec15-4416-bc36-991a88f41860', 'context': [<snowplow_tracker.self_describing_json.SelfDescribingJson object at 0x7fd79ce31f90>]}
[0m17:59:40.891933 [info ] [MainThread]: Registered adapter: postgres=1.9.1
[0m17:59:41.095012 [debug] [MainThread]: checksum: 9f0c81e2574b4ff463f3d16d080df83c6982fc0372c9feeacae0504ac9ea3ffe, vars: {}, profile: , target: , version: 1.10.13
[0m17:59:41.344726 [debug] [MainThread]: Partial parsing enabled: 0 files deleted, 0 files added, 0 files changed.
[0m17:59:41.345300 [debug] [MainThread]: Partial parsing enabled, no changes found, skipping parsing
[0m17:59:41.415491 [debug] [MainThread]: Sending event: {'category': 'dbt', 'action': 'load_project', 'label': '9a267970-ec15-4416-bc36-991a88f41860', 'context': [<snowplow_tracker.self_describing_json.SelfDescribingJson object at 0x7fd79f018130>]}
[0m17:59:41.607507 [debug] [MainThread]: Wrote artifact WritableManifest to /Users/macbook/Desktop/ENPAL/Take-Home-Assessment/REPO/dbt_enpal_assessment/target/manifest.json
[0m17:59:41.611159 [debug] [MainThread]: Wrote artifact SemanticManifest to /Users/macbook/Desktop/ENPAL/Take-Home-Assessment/REPO/dbt_enpal_assessment/target/semantic_manifest.json
[0m17:59:41.661509 [debug] [MainThread]: Sending event: {'category': 'dbt', 'action': 'resource_counts', 'label': '9a267970-ec15-4416-bc36-991a88f41860', 'context': [<snowplow_tracker.self_describing_json.SelfDescribingJson object at 0x7fd79f03b2e0>]}
[0m17:59:41.662520 [info ] [MainThread]: Found 9 models, 19 data tests, 6 sources, 447 macros
[0m17:59:41.663146 [debug] [MainThread]: Sending event: {'category': 'dbt', 'action': 'runnable_timing', 'label': '9a267970-ec15-4416-bc36-991a88f41860', 'context': [<snowplow_tracker.self_describing_json.SelfDescribingJson object at 0x7fd79f03bfd0>]}
[0m17:59:41.664979 [warn ] [MainThread]: Nothing to do. Try checking your model configs and model specification args
[0m17:59:41.667458 [debug] [MainThread]: Command end result
[0m17:59:41.700561 [debug] [MainThread]: Wrote artifact WritableManifest to /Users/macbook/Desktop/ENPAL/Take-Home-Assessment/REPO/dbt_enpal_assessment/target/manifest.json
[0m17:59:41.702672 [debug] [MainThread]: Wrote artifact SemanticManifest to /Users/macbook/Desktop/ENPAL/Take-Home-Assessment/REPO/dbt_enpal_assessment/target/semantic_manifest.json
[0m17:59:41.707400 [debug] [MainThread]: Wrote artifact RunExecutionResult to /Users/macbook/Desktop/ENPAL/Take-Home-Assessment/REPO/dbt_enpal_assessment/target/run_results.json
[0m17:59:41.710425 [debug] [MainThread]: Resource report: {"command_name": "test", "command_success": true, "command_wall_clock_time": 1.3368435, "process_in_blocks": "0", "process_kernel_time": 0.626018, "process_mem_max_rss": "111390720", "process_out_blocks": "0", "process_user_time": 2.93049}
[0m17:59:41.711249 [debug] [MainThread]: Command `dbt test` succeeded at 17:59:41.711026 after 1.34 seconds
[0m17:59:41.711857 [debug] [MainThread]: Sending event: {'category': 'dbt', 'action': 'invocation', 'label': 'end', 'context': [<snowplow_tracker.self_describing_json.SelfDescribingJson object at 0x7fd79c5a84f0>, <snowplow_tracker.self_describing_json.SelfDescribingJson object at 0x7fd79c66ce80>, <snowplow_tracker.self_describing_json.SelfDescribingJson object at 0x7fd79f05b610>]}
[0m17:59:41.712348 [debug] [MainThread]: Flushing usage events
[0m17:59:42.647957 [debug] [MainThread]: An error was encountered while trying to flush usage events
[0m18:00:34.099474 [debug] [MainThread]: Sending event: {'category': 'dbt', 'action': 'invocation', 'label': 'start', 'context': [<snowplow_tracker.self_describing_json.SelfDescribingJson object at 0x7fa831db8580>, <snowplow_tracker.self_describing_json.SelfDescribingJson object at 0x7fa8339bddb0>, <snowplow_tracker.self_describing_json.SelfDescribingJson object at 0x7fa8339bd6c0>]}


============================== 18:00:34.107998 | f959087c-4653-49b7-9e00-a39c9c52c2f9 ==============================
[0m18:00:34.107998 [info ] [MainThread]: Running with dbt=1.10.13
[0m18:00:34.109058 [debug] [MainThread]: running dbt with arguments {'empty': 'None', 'indirect_selection': 'eager', 'write_json': 'True', 'partial_parse': 'True', 'static_parser': 'True', 'log_path': '/Users/macbook/Desktop/ENPAL/Take-Home-Assessment/REPO/dbt_enpal_assessment/logs', 'warn_error': 'None', 'version_check': 'True', 'fail_fast': 'False', 'log_format': 'default', 'use_experimental_parser': 'False', 'use_colors': 'True', 'profiles_dir': '/Users/macbook/Desktop/Enpal/Take-Home-Assessment/REPO/dbt_enpal_assessment', 'no_print': 'None', 'log_cache_events': 'False', 'printer_width': '80', 'quiet': 'False', 'introspect': 'True', 'invocation_command': 'dbt ls --select rep_sales_funnel_monthly', 'cache_selected_only': 'False', 'warn_error_options': 'WarnErrorOptionsV2(error=[], warn=[], silence=[])', 'send_anonymous_usage_stats': 'True', 'target_path': 'None', 'debug': 'False'}
[0m18:00:34.417893 [debug] [MainThread]: Sending event: {'category': 'dbt', 'action': 'project_id', 'label': 'f959087c-4653-49b7-9e00-a39c9c52c2f9', 'context': [<snowplow_tracker.self_describing_json.SelfDescribingJson object at 0x7fa833922ce0>]}
[0m18:00:34.499441 [debug] [MainThread]: Sending event: {'category': 'dbt', 'action': 'adapter_info', 'label': 'f959087c-4653-49b7-9e00-a39c9c52c2f9', 'context': [<snowplow_tracker.self_describing_json.SelfDescribingJson object at 0x7fa833b8fdc0>]}
[0m18:00:34.501222 [info ] [MainThread]: Registered adapter: postgres=1.9.1
[0m18:00:34.704632 [debug] [MainThread]: checksum: 9f0c81e2574b4ff463f3d16d080df83c6982fc0372c9feeacae0504ac9ea3ffe, vars: {}, profile: , target: , version: 1.10.13
[0m18:00:34.961554 [debug] [MainThread]: Partial parsing enabled: 0 files deleted, 0 files added, 0 files changed.
[0m18:00:34.962277 [debug] [MainThread]: Partial parsing enabled, no changes found, skipping parsing
[0m18:00:35.032935 [debug] [MainThread]: Sending event: {'category': 'dbt', 'action': 'load_project', 'label': 'f959087c-4653-49b7-9e00-a39c9c52c2f9', 'context': [<snowplow_tracker.self_describing_json.SelfDescribingJson object at 0x7fa834220130>]}
[0m18:00:35.223050 [debug] [MainThread]: Wrote artifact WritableManifest to /Users/macbook/Desktop/ENPAL/Take-Home-Assessment/REPO/dbt_enpal_assessment/target/manifest.json
[0m18:00:35.226392 [debug] [MainThread]: Wrote artifact SemanticManifest to /Users/macbook/Desktop/ENPAL/Take-Home-Assessment/REPO/dbt_enpal_assessment/target/semantic_manifest.json
[0m18:00:35.265321 [debug] [MainThread]: Sending event: {'category': 'dbt', 'action': 'resource_counts', 'label': 'f959087c-4653-49b7-9e00-a39c9c52c2f9', 'context': [<snowplow_tracker.self_describing_json.SelfDescribingJson object at 0x7fa8340eeb90>]}
[0m18:00:35.266346 [info ] [MainThread]: Found 9 models, 19 data tests, 6 sources, 447 macros
[0m18:00:35.267044 [debug] [MainThread]: Sending event: {'category': 'dbt', 'action': 'runnable_timing', 'label': 'f959087c-4653-49b7-9e00-a39c9c52c2f9', 'context': [<snowplow_tracker.self_describing_json.SelfDescribingJson object at 0x7fa8340ed7b0>]}
[0m18:00:35.268097 [info ] [MainThread]: enpal_assessment_project.marts.rep_sales_funnel_monthly
[0m18:00:35.270580 [debug] [MainThread]: Resource report: {"command_name": "list", "command_success": true, "command_wall_clock_time": 1.2700204, "process_in_blocks": "0", "process_kernel_time": 0.675284, "process_mem_max_rss": "110436352", "process_out_blocks": "0", "process_user_time": 2.971675}
[0m18:00:35.271398 [debug] [MainThread]: Command `dbt ls` succeeded at 18:00:35.271253 after 1.27 seconds
[0m18:00:35.271956 [debug] [MainThread]: Sending event: {'category': 'dbt', 'action': 'invocation', 'label': 'end', 'context': [<snowplow_tracker.self_describing_json.SelfDescribingJson object at 0x7fa831db8580>, <snowplow_tracker.self_describing_json.SelfDescribingJson object at 0x7fa83424ee90>, <snowplow_tracker.self_describing_json.SelfDescribingJson object at 0x7fa8340ed720>]}
[0m18:00:35.272618 [debug] [MainThread]: Flushing usage events
[0m18:00:35.785075 [debug] [MainThread]: An error was encountered while trying to flush usage events
[0m18:01:11.016713 [debug] [MainThread]: Sending event: {'category': 'dbt', 'action': 'invocation', 'label': 'start', 'context': [<snowplow_tracker.self_describing_json.SelfDescribingJson object at 0x7f95ac5d0550>, <snowplow_tracker.self_describing_json.SelfDescribingJson object at 0x7f95ae0bd240>, <snowplow_tracker.self_describing_json.SelfDescribingJson object at 0x7f95ae0bcb50>]}


============================== 18:01:11.025540 | a9e0f3cb-c4d6-4cd0-b267-f9f23c83edc8 ==============================
[0m18:01:11.025540 [info ] [MainThread]: Running with dbt=1.10.13
[0m18:01:11.026798 [debug] [MainThread]: running dbt with arguments {'partial_parse': 'True', 'target_path': 'None', 'write_json': 'True', 'version_check': 'True', 'no_print': 'None', 'introspect': 'True', 'warn_error_options': 'WarnErrorOptionsV2(error=[], warn=[], silence=[])', 'fail_fast': 'False', 'printer_width': '80', 'empty': 'False', 'send_anonymous_usage_stats': 'True', 'debug': 'False', 'use_experimental_parser': 'False', 'log_path': '/Users/macbook/Desktop/ENPAL/Take-Home-Assessment/REPO/dbt_enpal_assessment/logs', 'log_format': 'default', 'invocation_command': 'dbt run --select marts', 'static_parser': 'True', 'use_colors': 'True', 'warn_error': 'None', 'cache_selected_only': 'False', 'log_cache_events': 'False', 'indirect_selection': 'eager', 'quiet': 'False', 'profiles_dir': '/Users/macbook/Desktop/Enpal/Take-Home-Assessment/REPO/dbt_enpal_assessment'}
[0m18:01:11.324157 [debug] [MainThread]: Sending event: {'category': 'dbt', 'action': 'project_id', 'label': 'a9e0f3cb-c4d6-4cd0-b267-f9f23c83edc8', 'context': [<snowplow_tracker.self_describing_json.SelfDescribingJson object at 0x7f95ac798490>]}
[0m18:01:11.404721 [debug] [MainThread]: Sending event: {'category': 'dbt', 'action': 'adapter_info', 'label': 'a9e0f3cb-c4d6-4cd0-b267-f9f23c83edc8', 'context': [<snowplow_tracker.self_describing_json.SelfDescribingJson object at 0x7f95ae18c2b0>]}
[0m18:01:11.407623 [info ] [MainThread]: Registered adapter: postgres=1.9.1
[0m18:01:11.610096 [debug] [MainThread]: checksum: 9f0c81e2574b4ff463f3d16d080df83c6982fc0372c9feeacae0504ac9ea3ffe, vars: {}, profile: , target: , version: 1.10.13
[0m18:01:11.894496 [debug] [MainThread]: Partial parsing enabled: 0 files deleted, 0 files added, 0 files changed.
[0m18:01:11.895942 [debug] [MainThread]: Partial parsing enabled, no changes found, skipping parsing
[0m18:01:11.967794 [debug] [MainThread]: Sending event: {'category': 'dbt', 'action': 'load_project', 'label': 'a9e0f3cb-c4d6-4cd0-b267-f9f23c83edc8', 'context': [<snowplow_tracker.self_describing_json.SelfDescribingJson object at 0x7f95ae9a4130>]}
[0m18:01:12.161364 [debug] [MainThread]: Wrote artifact WritableManifest to /Users/macbook/Desktop/ENPAL/Take-Home-Assessment/REPO/dbt_enpal_assessment/target/manifest.json
[0m18:01:12.164355 [debug] [MainThread]: Wrote artifact SemanticManifest to /Users/macbook/Desktop/ENPAL/Take-Home-Assessment/REPO/dbt_enpal_assessment/target/semantic_manifest.json
[0m18:01:12.208012 [debug] [MainThread]: Sending event: {'category': 'dbt', 'action': 'resource_counts', 'label': 'a9e0f3cb-c4d6-4cd0-b267-f9f23c83edc8', 'context': [<snowplow_tracker.self_describing_json.SelfDescribingJson object at 0x7f95ae956500>]}
[0m18:01:12.208851 [info ] [MainThread]: Found 9 models, 19 data tests, 6 sources, 447 macros
[0m18:01:12.209425 [debug] [MainThread]: Sending event: {'category': 'dbt', 'action': 'runnable_timing', 'label': 'a9e0f3cb-c4d6-4cd0-b267-f9f23c83edc8', 'context': [<snowplow_tracker.self_describing_json.SelfDescribingJson object at 0x7f95ae990be0>]}
[0m18:01:12.211486 [warn ] [MainThread]: Nothing to do. Try checking your model configs and model specification args
[0m18:01:12.214556 [debug] [MainThread]: Command end result
[0m18:01:12.246793 [debug] [MainThread]: Wrote artifact WritableManifest to /Users/macbook/Desktop/ENPAL/Take-Home-Assessment/REPO/dbt_enpal_assessment/target/manifest.json
[0m18:01:12.250058 [debug] [MainThread]: Wrote artifact SemanticManifest to /Users/macbook/Desktop/ENPAL/Take-Home-Assessment/REPO/dbt_enpal_assessment/target/semantic_manifest.json
[0m18:01:12.255937 [debug] [MainThread]: Wrote artifact RunExecutionResult to /Users/macbook/Desktop/ENPAL/Take-Home-Assessment/REPO/dbt_enpal_assessment/target/run_results.json
[0m18:01:12.259978 [debug] [MainThread]: Resource report: {"command_name": "run", "command_success": true, "command_wall_clock_time": 1.3411486, "process_in_blocks": "0", "process_kernel_time": 0.686761, "process_mem_max_rss": "110792704", "process_out_blocks": "0", "process_user_time": 3.00079}
[0m18:01:12.260793 [debug] [MainThread]: Command `dbt run` succeeded at 18:01:12.260653 after 1.34 seconds
[0m18:01:12.261369 [debug] [MainThread]: Sending event: {'category': 'dbt', 'action': 'invocation', 'label': 'end', 'context': [<snowplow_tracker.self_describing_json.SelfDescribingJson object at 0x7f95ac5d0550>, <snowplow_tracker.self_describing_json.SelfDescribingJson object at 0x7f95abcf62c0>, <snowplow_tracker.self_describing_json.SelfDescribingJson object at 0x7f95ace5bfa0>]}
[0m18:01:12.261932 [debug] [MainThread]: Flushing usage events
[0m18:01:12.854718 [debug] [MainThread]: An error was encountered while trying to flush usage events
[0m18:01:31.746818 [debug] [MainThread]: Sending event: {'category': 'dbt', 'action': 'invocation', 'label': 'start', 'context': [<snowplow_tracker.self_describing_json.SelfDescribingJson object at 0x7fbca05bc580>, <snowplow_tracker.self_describing_json.SelfDescribingJson object at 0x7fbca20b5210>, <snowplow_tracker.self_describing_json.SelfDescribingJson object at 0x7fbca20b4b20>]}


============================== 18:01:31.755616 | 81bf1bd6-ef75-4749-a7ca-27dba6a9d40e ==============================
[0m18:01:31.755616 [info ] [MainThread]: Running with dbt=1.10.13
[0m18:01:31.756671 [debug] [MainThread]: running dbt with arguments {'empty': 'False', 'profiles_dir': '/Users/macbook/Desktop/Enpal/Take-Home-Assessment/REPO/dbt_enpal_assessment', 'log_cache_events': 'False', 'use_colors': 'True', 'warn_error': 'None', 'target_path': 'None', 'partial_parse': 'True', 'printer_width': '80', 'write_json': 'True', 'version_check': 'True', 'warn_error_options': 'WarnErrorOptionsV2(error=[], warn=[], silence=[])', 'invocation_command': 'dbt run --select rep_sales_funnel_monthly --full-refresh', 'send_anonymous_usage_stats': 'True', 'quiet': 'False', 'no_print': 'None', 'introspect': 'True', 'log_format': 'default', 'indirect_selection': 'eager', 'log_path': '/Users/macbook/Desktop/ENPAL/Take-Home-Assessment/REPO/dbt_enpal_assessment/logs', 'cache_selected_only': 'False', 'debug': 'False', 'use_experimental_parser': 'False', 'static_parser': 'True', 'fail_fast': 'False'}
[0m18:01:32.113435 [debug] [MainThread]: Sending event: {'category': 'dbt', 'action': 'project_id', 'label': '81bf1bd6-ef75-4749-a7ca-27dba6a9d40e', 'context': [<snowplow_tracker.self_describing_json.SelfDescribingJson object at 0x7fbca22a4cd0>]}
[0m18:01:32.195949 [debug] [MainThread]: Sending event: {'category': 'dbt', 'action': 'adapter_info', 'label': '81bf1bd6-ef75-4749-a7ca-27dba6a9d40e', 'context': [<snowplow_tracker.self_describing_json.SelfDescribingJson object at 0x7fbca20a7460>]}
[0m18:01:32.198797 [info ] [MainThread]: Registered adapter: postgres=1.9.1
[0m18:01:32.439647 [debug] [MainThread]: checksum: 9f0c81e2574b4ff463f3d16d080df83c6982fc0372c9feeacae0504ac9ea3ffe, vars: {}, profile: , target: , version: 1.10.13
[0m18:01:32.709640 [debug] [MainThread]: Partial parsing enabled: 0 files deleted, 0 files added, 0 files changed.
[0m18:01:32.710342 [debug] [MainThread]: Partial parsing enabled, no changes found, skipping parsing
[0m18:01:32.782328 [debug] [MainThread]: Sending event: {'category': 'dbt', 'action': 'load_project', 'label': '81bf1bd6-ef75-4749-a7ca-27dba6a9d40e', 'context': [<snowplow_tracker.self_describing_json.SelfDescribingJson object at 0x7fbca289c130>]}
[0m18:01:33.026234 [debug] [MainThread]: Wrote artifact WritableManifest to /Users/macbook/Desktop/ENPAL/Take-Home-Assessment/REPO/dbt_enpal_assessment/target/manifest.json
[0m18:01:33.029310 [debug] [MainThread]: Wrote artifact SemanticManifest to /Users/macbook/Desktop/ENPAL/Take-Home-Assessment/REPO/dbt_enpal_assessment/target/semantic_manifest.json
[0m18:01:33.066006 [debug] [MainThread]: Sending event: {'category': 'dbt', 'action': 'resource_counts', 'label': '81bf1bd6-ef75-4749-a7ca-27dba6a9d40e', 'context': [<snowplow_tracker.self_describing_json.SelfDescribingJson object at 0x7fbca284e560>]}
[0m18:01:33.066777 [info ] [MainThread]: Found 9 models, 19 data tests, 6 sources, 447 macros
[0m18:01:33.067299 [debug] [MainThread]: Sending event: {'category': 'dbt', 'action': 'runnable_timing', 'label': '81bf1bd6-ef75-4749-a7ca-27dba6a9d40e', 'context': [<snowplow_tracker.self_describing_json.SelfDescribingJson object at 0x7fbca2889f60>]}
[0m18:01:33.069074 [warn ] [MainThread]: Nothing to do. Try checking your model configs and model specification args
[0m18:01:33.071464 [debug] [MainThread]: Command end result
[0m18:01:33.102028 [debug] [MainThread]: Wrote artifact WritableManifest to /Users/macbook/Desktop/ENPAL/Take-Home-Assessment/REPO/dbt_enpal_assessment/target/manifest.json
[0m18:01:33.104175 [debug] [MainThread]: Wrote artifact SemanticManifest to /Users/macbook/Desktop/ENPAL/Take-Home-Assessment/REPO/dbt_enpal_assessment/target/semantic_manifest.json
[0m18:01:33.108455 [debug] [MainThread]: Wrote artifact RunExecutionResult to /Users/macbook/Desktop/ENPAL/Take-Home-Assessment/REPO/dbt_enpal_assessment/target/run_results.json
[0m18:01:33.111447 [debug] [MainThread]: Resource report: {"command_name": "run", "command_success": true, "command_wall_clock_time": 1.4667488, "process_in_blocks": "0", "process_kernel_time": 0.544846, "process_mem_max_rss": "110788608", "process_out_blocks": "0", "process_user_time": 2.817377}
[0m18:01:33.112220 [debug] [MainThread]: Command `dbt run` succeeded at 18:01:33.112082 after 1.47 seconds
[0m18:01:33.112901 [debug] [MainThread]: Sending event: {'category': 'dbt', 'action': 'invocation', 'label': 'end', 'context': [<snowplow_tracker.self_describing_json.SelfDescribingJson object at 0x7fbca05bc580>, <snowplow_tracker.self_describing_json.SelfDescribingJson object at 0x7fbca0680940>, <snowplow_tracker.self_describing_json.SelfDescribingJson object at 0x7fbca20a7760>]}
[0m18:01:33.113456 [debug] [MainThread]: Flushing usage events
[0m18:01:33.894437 [debug] [MainThread]: An error was encountered while trying to flush usage events
[0m18:01:36.293844 [debug] [MainThread]: Sending event: {'category': 'dbt', 'action': 'invocation', 'label': 'start', 'context': [<snowplow_tracker.self_describing_json.SelfDescribingJson object at 0x7fb6a0c34550>, <snowplow_tracker.self_describing_json.SelfDescribingJson object at 0x7fb6a289dc60>, <snowplow_tracker.self_describing_json.SelfDescribingJson object at 0x7fb6a289d570>]}


============================== 18:01:36.300691 | 616cd2e0-f4c3-4587-a93c-3c27354b4bdd ==============================
[0m18:01:36.300691 [info ] [MainThread]: Running with dbt=1.10.13
[0m18:01:36.301466 [debug] [MainThread]: running dbt with arguments {'printer_width': '80', 'warn_error': 'None', 'fail_fast': 'False', 'cache_selected_only': 'False', 'write_json': 'True', 'profiles_dir': '/Users/macbook/Desktop/Enpal/Take-Home-Assessment/REPO/dbt_enpal_assessment', 'no_print': 'None', 'static_parser': 'True', 'introspect': 'True', 'log_path': '/Users/macbook/Desktop/ENPAL/Take-Home-Assessment/REPO/dbt_enpal_assessment/logs', 'use_experimental_parser': 'False', 'invocation_command': 'dbt test --select rep_sales_funnel_monthly', 'warn_error_options': 'WarnErrorOptionsV2(error=[], warn=[], silence=[])', 'use_colors': 'True', 'empty': 'None', 'log_format': 'default', 'log_cache_events': 'False', 'partial_parse': 'True', 'indirect_selection': 'eager', 'quiet': 'False', 'send_anonymous_usage_stats': 'True', 'target_path': 'None', 'debug': 'False', 'version_check': 'True'}
[0m18:01:36.576850 [debug] [MainThread]: Sending event: {'category': 'dbt', 'action': 'project_id', 'label': '616cd2e0-f4c3-4587-a93c-3c27354b4bdd', 'context': [<snowplow_tracker.self_describing_json.SelfDescribingJson object at 0x7fb6a0e6aef0>]}
[0m18:01:36.682043 [debug] [MainThread]: Sending event: {'category': 'dbt', 'action': 'adapter_info', 'label': '616cd2e0-f4c3-4587-a93c-3c27354b4bdd', 'context': [<snowplow_tracker.self_describing_json.SelfDescribingJson object at 0x7fb6a1d59570>]}
[0m18:01:36.683147 [info ] [MainThread]: Registered adapter: postgres=1.9.1
[0m18:01:36.880394 [debug] [MainThread]: checksum: 9f0c81e2574b4ff463f3d16d080df83c6982fc0372c9feeacae0504ac9ea3ffe, vars: {}, profile: , target: , version: 1.10.13
[0m18:01:37.074115 [debug] [MainThread]: Partial parsing enabled: 0 files deleted, 0 files added, 0 files changed.
[0m18:01:37.074652 [debug] [MainThread]: Partial parsing enabled, no changes found, skipping parsing
[0m18:01:37.171521 [debug] [MainThread]: Sending event: {'category': 'dbt', 'action': 'load_project', 'label': '616cd2e0-f4c3-4587-a93c-3c27354b4bdd', 'context': [<snowplow_tracker.self_describing_json.SelfDescribingJson object at 0x7fb6a3808130>]}
[0m18:01:37.384629 [debug] [MainThread]: Wrote artifact WritableManifest to /Users/macbook/Desktop/ENPAL/Take-Home-Assessment/REPO/dbt_enpal_assessment/target/manifest.json
[0m18:01:37.387121 [debug] [MainThread]: Wrote artifact SemanticManifest to /Users/macbook/Desktop/ENPAL/Take-Home-Assessment/REPO/dbt_enpal_assessment/target/semantic_manifest.json
[0m18:01:37.415827 [debug] [MainThread]: Sending event: {'category': 'dbt', 'action': 'resource_counts', 'label': '616cd2e0-f4c3-4587-a93c-3c27354b4bdd', 'context': [<snowplow_tracker.self_describing_json.SelfDescribingJson object at 0x7fb6a382a3b0>]}
[0m18:01:37.416782 [info ] [MainThread]: Found 9 models, 19 data tests, 6 sources, 447 macros
[0m18:01:37.417410 [debug] [MainThread]: Sending event: {'category': 'dbt', 'action': 'runnable_timing', 'label': '616cd2e0-f4c3-4587-a93c-3c27354b4bdd', 'context': [<snowplow_tracker.self_describing_json.SelfDescribingJson object at 0x7fb6a380fc10>]}
[0m18:01:37.419411 [warn ] [MainThread]: Nothing to do. Try checking your model configs and model specification args
[0m18:01:37.422239 [debug] [MainThread]: Command end result
[0m18:01:37.457346 [debug] [MainThread]: Wrote artifact WritableManifest to /Users/macbook/Desktop/ENPAL/Take-Home-Assessment/REPO/dbt_enpal_assessment/target/manifest.json
[0m18:01:37.459971 [debug] [MainThread]: Wrote artifact SemanticManifest to /Users/macbook/Desktop/ENPAL/Take-Home-Assessment/REPO/dbt_enpal_assessment/target/semantic_manifest.json
[0m18:01:37.464378 [debug] [MainThread]: Wrote artifact RunExecutionResult to /Users/macbook/Desktop/ENPAL/Take-Home-Assessment/REPO/dbt_enpal_assessment/target/run_results.json
[0m18:01:37.466032 [debug] [MainThread]: Resource report: {"command_name": "test", "command_success": true, "command_wall_clock_time": 1.3112894, "process_in_blocks": "0", "process_kernel_time": 0.393827, "process_mem_max_rss": "111554560", "process_out_blocks": "0", "process_user_time": 2.655535}
[0m18:01:37.466711 [debug] [MainThread]: Command `dbt test` succeeded at 18:01:37.466585 after 1.31 seconds
[0m18:01:37.467220 [debug] [MainThread]: Sending event: {'category': 'dbt', 'action': 'invocation', 'label': 'end', 'context': [<snowplow_tracker.self_describing_json.SelfDescribingJson object at 0x7fb6a0c34550>, <snowplow_tracker.self_describing_json.SelfDescribingJson object at 0x7fb6a0e6aef0>, <snowplow_tracker.self_describing_json.SelfDescribingJson object at 0x7fb6a384b670>]}
[0m18:01:37.467835 [debug] [MainThread]: Flushing usage events
[0m18:01:38.049090 [debug] [MainThread]: An error was encountered while trying to flush usage events
[0m18:03:15.989253 [debug] [MainThread]: Sending event: {'category': 'dbt', 'action': 'invocation', 'label': 'start', 'context': [<snowplow_tracker.self_describing_json.SelfDescribingJson object at 0x7fe73bda45b0>, <snowplow_tracker.self_describing_json.SelfDescribingJson object at 0x7fe73d895210>, <snowplow_tracker.self_describing_json.SelfDescribingJson object at 0x7fe73d894b20>]}


============================== 18:03:15.996586 | df9d6f7e-dc11-4463-b858-8e726cef50b2 ==============================
[0m18:03:15.996586 [info ] [MainThread]: Running with dbt=1.10.13
[0m18:03:15.997957 [debug] [MainThread]: running dbt with arguments {'fail_fast': 'False', 'send_anonymous_usage_stats': 'True', 'warn_error_options': 'WarnErrorOptionsV2(error=[], warn=[], silence=[])', 'printer_width': '80', 'use_experimental_parser': 'False', 'cache_selected_only': 'False', 'static_parser': 'True', 'debug': 'False', 'target_path': 'None', 'version_check': 'True', 'invocation_command': 'dbt run --select rep_sales_funnel_monthly --full-refresh', 'write_json': 'True', 'log_cache_events': 'False', 'quiet': 'False', 'log_path': '/Users/macbook/Desktop/ENPAL/Take-Home-Assessment/REPO/dbt_enpal_assessment/logs', 'no_print': 'None', 'introspect': 'True', 'profiles_dir': '/Users/macbook/Desktop/Enpal/Take-Home-Assessment/REPO/dbt_enpal_assessment', 'partial_parse': 'True', 'log_format': 'default', 'empty': 'False', 'warn_error': 'None', 'indirect_selection': 'eager', 'use_colors': 'True'}
[0m18:03:16.507176 [debug] [MainThread]: Sending event: {'category': 'dbt', 'action': 'project_id', 'label': 'df9d6f7e-dc11-4463-b858-8e726cef50b2', 'context': [<snowplow_tracker.self_describing_json.SelfDescribingJson object at 0x7fe73d984a30>]}
[0m18:03:16.589574 [debug] [MainThread]: Sending event: {'category': 'dbt', 'action': 'adapter_info', 'label': 'df9d6f7e-dc11-4463-b858-8e726cef50b2', 'context': [<snowplow_tracker.self_describing_json.SelfDescribingJson object at 0x7fe73d967f10>]}
[0m18:03:16.592603 [info ] [MainThread]: Registered adapter: postgres=1.9.1
[0m18:03:16.797967 [debug] [MainThread]: checksum: 9f0c81e2574b4ff463f3d16d080df83c6982fc0372c9feeacae0504ac9ea3ffe, vars: {}, profile: , target: , version: 1.10.13
[0m18:03:17.079939 [debug] [MainThread]: Partial parsing enabled: 0 files deleted, 0 files added, 0 files changed.
[0m18:03:17.080528 [debug] [MainThread]: Partial parsing enabled, no changes found, skipping parsing
[0m18:03:17.151814 [debug] [MainThread]: Sending event: {'category': 'dbt', 'action': 'load_project', 'label': 'df9d6f7e-dc11-4463-b858-8e726cef50b2', 'context': [<snowplow_tracker.self_describing_json.SelfDescribingJson object at 0x7fe73dff8130>]}
[0m18:03:17.343303 [debug] [MainThread]: Wrote artifact WritableManifest to /Users/macbook/Desktop/ENPAL/Take-Home-Assessment/REPO/dbt_enpal_assessment/target/manifest.json
[0m18:03:17.349092 [debug] [MainThread]: Wrote artifact SemanticManifest to /Users/macbook/Desktop/ENPAL/Take-Home-Assessment/REPO/dbt_enpal_assessment/target/semantic_manifest.json
[0m18:03:17.394539 [debug] [MainThread]: Sending event: {'category': 'dbt', 'action': 'resource_counts', 'label': 'df9d6f7e-dc11-4463-b858-8e726cef50b2', 'context': [<snowplow_tracker.self_describing_json.SelfDescribingJson object at 0x7fe73dfad1b0>]}
[0m18:03:17.395525 [info ] [MainThread]: Found 9 models, 19 data tests, 6 sources, 447 macros
[0m18:03:17.396152 [debug] [MainThread]: Sending event: {'category': 'dbt', 'action': 'runnable_timing', 'label': 'df9d6f7e-dc11-4463-b858-8e726cef50b2', 'context': [<snowplow_tracker.self_describing_json.SelfDescribingJson object at 0x7fe73df6c3d0>]}
[0m18:03:17.398207 [warn ] [MainThread]: Nothing to do. Try checking your model configs and model specification args
[0m18:03:17.401121 [debug] [MainThread]: Command end result
[0m18:03:17.432427 [debug] [MainThread]: Wrote artifact WritableManifest to /Users/macbook/Desktop/ENPAL/Take-Home-Assessment/REPO/dbt_enpal_assessment/target/manifest.json
[0m18:03:17.436507 [debug] [MainThread]: Wrote artifact SemanticManifest to /Users/macbook/Desktop/ENPAL/Take-Home-Assessment/REPO/dbt_enpal_assessment/target/semantic_manifest.json
[0m18:03:17.442445 [debug] [MainThread]: Wrote artifact RunExecutionResult to /Users/macbook/Desktop/ENPAL/Take-Home-Assessment/REPO/dbt_enpal_assessment/target/run_results.json
[0m18:03:17.445381 [debug] [MainThread]: Resource report: {"command_name": "run", "command_success": true, "command_wall_clock_time": 1.5602778, "process_in_blocks": "0", "process_kernel_time": 0.845573, "process_mem_max_rss": "110370816", "process_out_blocks": "0", "process_user_time": 3.13793}
[0m18:03:17.446081 [debug] [MainThread]: Command `dbt run` succeeded at 18:03:17.445954 after 1.56 seconds
[0m18:03:17.446586 [debug] [MainThread]: Sending event: {'category': 'dbt', 'action': 'invocation', 'label': 'end', 'context': [<snowplow_tracker.self_describing_json.SelfDescribingJson object at 0x7fe73bda45b0>, <snowplow_tracker.self_describing_json.SelfDescribingJson object at 0x7fe73dff8be0>, <snowplow_tracker.self_describing_json.SelfDescribingJson object at 0x7fe73d967c40>]}
[0m18:03:17.447071 [debug] [MainThread]: Flushing usage events
[0m18:03:19.593668 [debug] [MainThread]: An error was encountered while trying to flush usage events
[0m18:06:52.062245 [debug] [MainThread]: Sending event: {'category': 'dbt', 'action': 'invocation', 'label': 'start', 'context': [<snowplow_tracker.self_describing_json.SelfDescribingJson object at 0x7f8c715b84f0>, <snowplow_tracker.self_describing_json.SelfDescribingJson object at 0x7f8c731a5210>, <snowplow_tracker.self_describing_json.SelfDescribingJson object at 0x7f8c731a4b20>]}


============================== 18:06:52.069831 | b03615fe-9f15-42b2-b8a5-1b385039320b ==============================
[0m18:06:52.069831 [info ] [MainThread]: Running with dbt=1.10.13
[0m18:06:52.070898 [debug] [MainThread]: running dbt with arguments {'debug': 'False', 'printer_width': '80', 'no_print': 'None', 'log_format': 'default', 'version_check': 'True', 'send_anonymous_usage_stats': 'True', 'target_path': 'None', 'invocation_command': 'dbt run --select int_stage_transitions --full-refresh', 'empty': 'False', 'introspect': 'True', 'fail_fast': 'False', 'partial_parse': 'True', 'use_experimental_parser': 'False', 'warn_error': 'None', 'profiles_dir': '/Users/macbook/Desktop/Enpal/Take-Home-Assessment/REPO/dbt_enpal_assessment', 'log_cache_events': 'False', 'cache_selected_only': 'False', 'warn_error_options': 'WarnErrorOptionsV2(error=[], warn=[], silence=[])', 'indirect_selection': 'eager', 'quiet': 'False', 'static_parser': 'True', 'log_path': '/Users/macbook/Desktop/ENPAL/Take-Home-Assessment/REPO/dbt_enpal_assessment/logs', 'write_json': 'True', 'use_colors': 'True'}
[0m18:06:52.589225 [debug] [MainThread]: Sending event: {'category': 'dbt', 'action': 'project_id', 'label': 'b03615fe-9f15-42b2-b8a5-1b385039320b', 'context': [<snowplow_tracker.self_describing_json.SelfDescribingJson object at 0x7f8c6fbe7e80>]}
[0m18:06:52.671607 [debug] [MainThread]: Sending event: {'category': 'dbt', 'action': 'adapter_info', 'label': 'b03615fe-9f15-42b2-b8a5-1b385039320b', 'context': [<snowplow_tracker.self_describing_json.SelfDescribingJson object at 0x7f8c71e8a8c0>]}
[0m18:06:52.674440 [info ] [MainThread]: Registered adapter: postgres=1.9.1
[0m18:06:52.888949 [debug] [MainThread]: checksum: 9f0c81e2574b4ff463f3d16d080df83c6982fc0372c9feeacae0504ac9ea3ffe, vars: {}, profile: , target: , version: 1.10.13
[0m18:06:53.221534 [debug] [MainThread]: Partial parsing enabled: 0 files deleted, 0 files added, 0 files changed.
[0m18:06:53.222157 [debug] [MainThread]: Partial parsing enabled, no changes found, skipping parsing
[0m18:06:53.292208 [debug] [MainThread]: Sending event: {'category': 'dbt', 'action': 'load_project', 'label': 'b03615fe-9f15-42b2-b8a5-1b385039320b', 'context': [<snowplow_tracker.self_describing_json.SelfDescribingJson object at 0x7f8c7398c130>]}
[0m18:06:53.546645 [debug] [MainThread]: Wrote artifact WritableManifest to /Users/macbook/Desktop/ENPAL/Take-Home-Assessment/REPO/dbt_enpal_assessment/target/manifest.json
[0m18:06:53.550648 [debug] [MainThread]: Wrote artifact SemanticManifest to /Users/macbook/Desktop/ENPAL/Take-Home-Assessment/REPO/dbt_enpal_assessment/target/semantic_manifest.json
[0m18:06:53.638779 [debug] [MainThread]: Sending event: {'category': 'dbt', 'action': 'resource_counts', 'label': 'b03615fe-9f15-42b2-b8a5-1b385039320b', 'context': [<snowplow_tracker.self_describing_json.SelfDescribingJson object at 0x7f8c738a0eb0>]}
[0m18:06:53.639549 [info ] [MainThread]: Found 9 models, 19 data tests, 6 sources, 447 macros
[0m18:06:53.640404 [debug] [MainThread]: Sending event: {'category': 'dbt', 'action': 'runnable_timing', 'label': 'b03615fe-9f15-42b2-b8a5-1b385039320b', 'context': [<snowplow_tracker.self_describing_json.SelfDescribingJson object at 0x7f8c738fc3a0>]}
[0m18:06:53.643146 [warn ] [MainThread]: Nothing to do. Try checking your model configs and model specification args
[0m18:06:53.648043 [debug] [MainThread]: Command end result
[0m18:06:53.683488 [debug] [MainThread]: Wrote artifact WritableManifest to /Users/macbook/Desktop/ENPAL/Take-Home-Assessment/REPO/dbt_enpal_assessment/target/manifest.json
[0m18:06:53.686766 [debug] [MainThread]: Wrote artifact SemanticManifest to /Users/macbook/Desktop/ENPAL/Take-Home-Assessment/REPO/dbt_enpal_assessment/target/semantic_manifest.json
[0m18:06:53.692446 [debug] [MainThread]: Wrote artifact RunExecutionResult to /Users/macbook/Desktop/ENPAL/Take-Home-Assessment/REPO/dbt_enpal_assessment/target/run_results.json
[0m18:06:53.696614 [debug] [MainThread]: Resource report: {"command_name": "run", "command_success": true, "command_wall_clock_time": 1.7379104, "process_in_blocks": "0", "process_kernel_time": 0.817129, "process_mem_max_rss": "110854144", "process_out_blocks": "0", "process_user_time": 3.059774}
[0m18:06:53.698295 [debug] [MainThread]: Command `dbt run` succeeded at 18:06:53.698049 after 1.74 seconds
[0m18:06:53.699096 [debug] [MainThread]: Sending event: {'category': 'dbt', 'action': 'invocation', 'label': 'end', 'context': [<snowplow_tracker.self_describing_json.SelfDescribingJson object at 0x7f8c715b84f0>, <snowplow_tracker.self_describing_json.SelfDescribingJson object at 0x7f8c731975e0>, <snowplow_tracker.self_describing_json.SelfDescribingJson object at 0x7f8c7177db70>]}
[0m18:06:53.699747 [debug] [MainThread]: Flushing usage events
[0m18:06:54.333520 [debug] [MainThread]: An error was encountered while trying to flush usage events
[0m18:07:29.536649 [debug] [MainThread]: Sending event: {'category': 'dbt', 'action': 'invocation', 'label': 'start', 'context': [<snowplow_tracker.self_describing_json.SelfDescribingJson object at 0x7fa0b2db44f0>, <snowplow_tracker.self_describing_json.SelfDescribingJson object at 0x7fa0b4ab5210>, <snowplow_tracker.self_describing_json.SelfDescribingJson object at 0x7fa0b4ab4b20>]}


============================== 18:07:29.544960 | 2d52d9bc-6228-45c3-a7bc-98630c894b4d ==============================
[0m18:07:29.544960 [info ] [MainThread]: Running with dbt=1.10.13
[0m18:07:29.546039 [debug] [MainThread]: running dbt with arguments {'version_check': 'True', 'write_json': 'True', 'send_anonymous_usage_stats': 'True', 'indirect_selection': 'eager', 'target_path': 'None', 'introspect': 'True', 'cache_selected_only': 'False', 'log_cache_events': 'False', 'use_colors': 'True', 'warn_error_options': 'WarnErrorOptionsV2(error=[], warn=[], silence=[])', 'empty': 'False', 'no_print': 'None', 'partial_parse': 'True', 'profiles_dir': '/Users/macbook/Desktop/Enpal/Take-Home-Assessment/REPO/dbt_enpal_assessment', 'log_format': 'default', 'use_experimental_parser': 'False', 'debug': 'False', 'invocation_command': 'dbt run --select intermediate --full-refresh', 'static_parser': 'True', 'quiet': 'False', 'printer_width': '80', 'warn_error': 'None', 'log_path': '/Users/macbook/Desktop/ENPAL/Take-Home-Assessment/REPO/dbt_enpal_assessment/logs', 'fail_fast': 'False'}
[0m18:07:29.857124 [debug] [MainThread]: Sending event: {'category': 'dbt', 'action': 'project_id', 'label': '2d52d9bc-6228-45c3-a7bc-98630c894b4d', 'context': [<snowplow_tracker.self_describing_json.SelfDescribingJson object at 0x7fa0b13ebe80>]}
[0m18:07:29.937815 [debug] [MainThread]: Sending event: {'category': 'dbt', 'action': 'adapter_info', 'label': '2d52d9bc-6228-45c3-a7bc-98630c894b4d', 'context': [<snowplow_tracker.self_describing_json.SelfDescribingJson object at 0x7fa0b36a28c0>]}
[0m18:07:29.940742 [info ] [MainThread]: Registered adapter: postgres=1.9.1
[0m18:07:30.148510 [debug] [MainThread]: checksum: 9f0c81e2574b4ff463f3d16d080df83c6982fc0372c9feeacae0504ac9ea3ffe, vars: {}, profile: , target: , version: 1.10.13
[0m18:07:30.400939 [debug] [MainThread]: Partial parsing enabled: 0 files deleted, 0 files added, 0 files changed.
[0m18:07:30.401548 [debug] [MainThread]: Partial parsing enabled, no changes found, skipping parsing
[0m18:07:30.471536 [debug] [MainThread]: Sending event: {'category': 'dbt', 'action': 'load_project', 'label': '2d52d9bc-6228-45c3-a7bc-98630c894b4d', 'context': [<snowplow_tracker.self_describing_json.SelfDescribingJson object at 0x7fa0b5218130>]}
[0m18:07:30.663600 [debug] [MainThread]: Wrote artifact WritableManifest to /Users/macbook/Desktop/ENPAL/Take-Home-Assessment/REPO/dbt_enpal_assessment/target/manifest.json
[0m18:07:30.667308 [debug] [MainThread]: Wrote artifact SemanticManifest to /Users/macbook/Desktop/ENPAL/Take-Home-Assessment/REPO/dbt_enpal_assessment/target/semantic_manifest.json
[0m18:07:30.707757 [debug] [MainThread]: Sending event: {'category': 'dbt', 'action': 'resource_counts', 'label': '2d52d9bc-6228-45c3-a7bc-98630c894b4d', 'context': [<snowplow_tracker.self_describing_json.SelfDescribingJson object at 0x7fa0b5030eb0>]}
[0m18:07:30.708555 [info ] [MainThread]: Found 9 models, 19 data tests, 6 sources, 447 macros
[0m18:07:30.709129 [debug] [MainThread]: Sending event: {'category': 'dbt', 'action': 'runnable_timing', 'label': '2d52d9bc-6228-45c3-a7bc-98630c894b4d', 'context': [<snowplow_tracker.self_describing_json.SelfDescribingJson object at 0x7fa0b508c3a0>]}
[0m18:07:30.711323 [info ] [MainThread]: 
[0m18:07:30.711942 [info ] [MainThread]: Concurrency: 1 threads (target='dev')
[0m18:07:30.712396 [info ] [MainThread]: 
[0m18:07:30.713056 [debug] [MainThread]: Acquiring new postgres connection 'master'
[0m18:07:30.714049 [debug] [ThreadPool]: Acquiring new postgres connection 'list_postgres'
[0m18:07:30.872407 [debug] [ThreadPool]: Using postgres connection "list_postgres"
[0m18:07:30.873063 [debug] [ThreadPool]: On list_postgres: /* {"app": "dbt", "dbt_version": "1.10.13", "profile_name": "enpal_assessment_project", "target_name": "dev", "connection_name": "list_postgres"} */

    select distinct nspname from pg_namespace
  
[0m18:07:30.873535 [debug] [ThreadPool]: Opening a new connection, currently in state init
[0m18:07:30.955018 [debug] [ThreadPool]: SQL status: SELECT 5 in 0.081 seconds
[0m18:07:30.956771 [debug] [ThreadPool]: On list_postgres: Close
[0m18:07:30.963338 [debug] [ThreadPool]: Re-using an available connection from the pool (formerly list_postgres, now list_postgres_public_pipedrive_analytics)
[0m18:07:30.970544 [debug] [ThreadPool]: Using postgres connection "list_postgres_public_pipedrive_analytics"
[0m18:07:30.971076 [debug] [ThreadPool]: On list_postgres_public_pipedrive_analytics: BEGIN
[0m18:07:30.971457 [debug] [ThreadPool]: Opening a new connection, currently in state closed
[0m18:07:30.987235 [debug] [ThreadPool]: SQL status: BEGIN in 0.016 seconds
[0m18:07:30.988121 [debug] [ThreadPool]: Using postgres connection "list_postgres_public_pipedrive_analytics"
[0m18:07:30.989258 [debug] [ThreadPool]: On list_postgres_public_pipedrive_analytics: /* {"app": "dbt", "dbt_version": "1.10.13", "profile_name": "enpal_assessment_project", "target_name": "dev", "connection_name": "list_postgres_public_pipedrive_analytics"} */
select
      'postgres' as database,
      tablename as name,
      schemaname as schema,
      'table' as type
    from pg_tables
    where schemaname ilike 'public_pipedrive_analytics'
    union all
    select
      'postgres' as database,
      viewname as name,
      schemaname as schema,
      'view' as type
    from pg_views
    where schemaname ilike 'public_pipedrive_analytics'
    union all
    select
      'postgres' as database,
      matviewname as name,
      schemaname as schema,
      'materialized_view' as type
    from pg_matviews
    where schemaname ilike 'public_pipedrive_analytics'
  
[0m18:07:30.993252 [debug] [ThreadPool]: SQL status: SELECT 8 in 0.003 seconds
[0m18:07:30.994985 [debug] [ThreadPool]: On list_postgres_public_pipedrive_analytics: ROLLBACK
[0m18:07:30.996147 [debug] [ThreadPool]: On list_postgres_public_pipedrive_analytics: Close
[0m18:07:31.004074 [debug] [MainThread]: Using postgres connection "master"
[0m18:07:31.004603 [debug] [MainThread]: On master: BEGIN
[0m18:07:31.004984 [debug] [MainThread]: Opening a new connection, currently in state init
[0m18:07:31.020663 [debug] [MainThread]: SQL status: BEGIN in 0.015 seconds
[0m18:07:31.021820 [debug] [MainThread]: Using postgres connection "master"
[0m18:07:31.022800 [debug] [MainThread]: On master: /* {"app": "dbt", "dbt_version": "1.10.13", "profile_name": "enpal_assessment_project", "target_name": "dev", "connection_name": "master"} */
select distinct
        dependent_namespace.nspname as dependent_schema,
        dependent_class.relname as dependent_name,
        referenced_namespace.nspname as referenced_schema,
        referenced_class.relname as referenced_name

    -- Query for views: views are entries in pg_class with an entry in pg_rewrite, but we avoid
    -- a seq scan on pg_rewrite by leveraging the fact there is an "internal" row in pg_depend for
    -- the view...
    from pg_class as dependent_class
    join pg_namespace as dependent_namespace on dependent_namespace.oid = dependent_class.relnamespace
    join pg_depend as dependent_depend on dependent_depend.refobjid = dependent_class.oid
        and dependent_depend.classid = 'pg_rewrite'::regclass
        and dependent_depend.refclassid = 'pg_class'::regclass
        and dependent_depend.deptype = 'i'

    -- ... and via pg_depend (that has a row per column, hence the need for "distinct" above, and
    -- making sure to exclude the internal row to avoid a view appearing to depend on itself)...
    join pg_depend as joining_depend on joining_depend.objid = dependent_depend.objid
        and joining_depend.classid = 'pg_rewrite'::regclass
        and joining_depend.refclassid = 'pg_class'::regclass
        and joining_depend.refobjid != dependent_depend.refobjid

    -- ... we can find the tables they query from in pg_class, but excluding system tables. Note we
    -- don't need need to exclude _dependent_ system tables, because they only query from other
    -- system tables, and so are automatically excluded by excluding _referenced_ system tables
    join pg_class as referenced_class on referenced_class.oid = joining_depend.refobjid
    join pg_namespace as referenced_namespace on referenced_namespace.oid = referenced_class.relnamespace
        and referenced_namespace.nspname != 'information_schema'
        and referenced_namespace.nspname not like 'pg\_%'

    order by
        dependent_schema, dependent_name, referenced_schema, referenced_name;
[0m18:07:31.028404 [debug] [MainThread]: SQL status: SELECT 8 in 0.005 seconds
[0m18:07:31.030739 [debug] [MainThread]: Sending event: {'category': 'dbt', 'action': 'runnable_timing', 'label': '2d52d9bc-6228-45c3-a7bc-98630c894b4d', 'context': [<snowplow_tracker.self_describing_json.SelfDescribingJson object at 0x7fa0b50b3790>]}
[0m18:07:31.031737 [debug] [MainThread]: On master: ROLLBACK
[0m18:07:31.033279 [debug] [MainThread]: Using postgres connection "master"
[0m18:07:31.033873 [debug] [MainThread]: On master: BEGIN
[0m18:07:31.035973 [debug] [MainThread]: SQL status: BEGIN in 0.001 seconds
[0m18:07:31.037472 [debug] [MainThread]: On master: COMMIT
[0m18:07:31.038042 [debug] [MainThread]: Using postgres connection "master"
[0m18:07:31.038460 [debug] [MainThread]: On master: COMMIT
[0m18:07:31.039661 [debug] [MainThread]: SQL status: COMMIT in 0.001 seconds
[0m18:07:31.040249 [debug] [MainThread]: On master: Close
[0m18:07:31.045303 [debug] [Thread-1 (]: Began running node model.enpal_assessment_project.int_activity_events
[0m18:07:31.046064 [info ] [Thread-1 (]: 1 of 1 START sql view model public_pipedrive_analytics.int_activity_events ..... [RUN]
[0m18:07:31.046736 [debug] [Thread-1 (]: Re-using an available connection from the pool (formerly list_postgres_public_pipedrive_analytics, now model.enpal_assessment_project.int_activity_events)
[0m18:07:31.047255 [debug] [Thread-1 (]: Began compiling node model.enpal_assessment_project.int_activity_events
[0m18:07:31.057656 [debug] [Thread-1 (]: Writing injected SQL for node "model.enpal_assessment_project.int_activity_events"
[0m18:07:31.059939 [debug] [Thread-1 (]: Began executing node model.enpal_assessment_project.int_activity_events
[0m18:07:31.107407 [debug] [Thread-1 (]: Writing runtime sql for node "model.enpal_assessment_project.int_activity_events"
[0m18:07:31.109253 [debug] [Thread-1 (]: Using postgres connection "model.enpal_assessment_project.int_activity_events"
[0m18:07:31.110026 [debug] [Thread-1 (]: On model.enpal_assessment_project.int_activity_events: BEGIN
[0m18:07:31.110557 [debug] [Thread-1 (]: Opening a new connection, currently in state closed
[0m18:07:31.127299 [debug] [Thread-1 (]: SQL status: BEGIN in 0.016 seconds
[0m18:07:31.128830 [debug] [Thread-1 (]: Using postgres connection "model.enpal_assessment_project.int_activity_events"
[0m18:07:31.130017 [debug] [Thread-1 (]: On model.enpal_assessment_project.int_activity_events: /* {"app": "dbt", "dbt_version": "1.10.13", "profile_name": "enpal_assessment_project", "target_name": "dev", "node_id": "model.enpal_assessment_project.int_activity_events"} */

  create view "postgres"."public_pipedrive_analytics"."int_activity_events__dbt_tmp"
    
    
  as (
    

select
  a.deal_id,
  a.due_to::timestamp as activity_date,
  at.activity_type_name,
  at.activity_type_key,
  a.is_done as is_completed
from "postgres"."public_pipedrive_analytics"."stg_activity" a
left join "postgres"."public_pipedrive_analytics"."stg_activity_types" at
  on a.activity_type_key = at.activity_type_key
where a.deal_id is not null
  );
[0m18:07:31.139561 [debug] [Thread-1 (]: SQL status: CREATE VIEW in 0.009 seconds
[0m18:07:31.148524 [debug] [Thread-1 (]: Using postgres connection "model.enpal_assessment_project.int_activity_events"
[0m18:07:31.149278 [debug] [Thread-1 (]: On model.enpal_assessment_project.int_activity_events: /* {"app": "dbt", "dbt_version": "1.10.13", "profile_name": "enpal_assessment_project", "target_name": "dev", "node_id": "model.enpal_assessment_project.int_activity_events"} */
alter table "postgres"."public_pipedrive_analytics"."int_activity_events" rename to "int_activity_events__dbt_backup"
[0m18:07:31.151425 [debug] [Thread-1 (]: SQL status: ALTER TABLE in 0.001 seconds
[0m18:07:31.155544 [debug] [Thread-1 (]: Using postgres connection "model.enpal_assessment_project.int_activity_events"
[0m18:07:31.156134 [debug] [Thread-1 (]: On model.enpal_assessment_project.int_activity_events: /* {"app": "dbt", "dbt_version": "1.10.13", "profile_name": "enpal_assessment_project", "target_name": "dev", "node_id": "model.enpal_assessment_project.int_activity_events"} */
alter table "postgres"."public_pipedrive_analytics"."int_activity_events__dbt_tmp" rename to "int_activity_events"
[0m18:07:31.157615 [debug] [Thread-1 (]: SQL status: ALTER TABLE in 0.001 seconds
[0m18:07:31.178045 [debug] [Thread-1 (]: On model.enpal_assessment_project.int_activity_events: COMMIT
[0m18:07:31.178666 [debug] [Thread-1 (]: Using postgres connection "model.enpal_assessment_project.int_activity_events"
[0m18:07:31.179136 [debug] [Thread-1 (]: On model.enpal_assessment_project.int_activity_events: COMMIT
[0m18:07:31.183502 [debug] [Thread-1 (]: SQL status: COMMIT in 0.004 seconds
[0m18:07:31.191541 [debug] [Thread-1 (]: Applying DROP to: "postgres"."public_pipedrive_analytics"."int_activity_events__dbt_backup"
[0m18:07:31.196636 [debug] [Thread-1 (]: Using postgres connection "model.enpal_assessment_project.int_activity_events"
[0m18:07:31.197271 [debug] [Thread-1 (]: On model.enpal_assessment_project.int_activity_events: /* {"app": "dbt", "dbt_version": "1.10.13", "profile_name": "enpal_assessment_project", "target_name": "dev", "node_id": "model.enpal_assessment_project.int_activity_events"} */
drop view if exists "postgres"."public_pipedrive_analytics"."int_activity_events__dbt_backup" cascade
[0m18:07:31.200373 [debug] [Thread-1 (]: SQL status: DROP VIEW in 0.002 seconds
[0m18:07:31.203453 [debug] [Thread-1 (]: On model.enpal_assessment_project.int_activity_events: Close
[0m18:07:31.206344 [debug] [Thread-1 (]: Sending event: {'category': 'dbt', 'action': 'run_model', 'label': '2d52d9bc-6228-45c3-a7bc-98630c894b4d', 'context': [<snowplow_tracker.self_describing_json.SelfDescribingJson object at 0x7fa0b52527d0>]}
[0m18:07:31.207541 [info ] [Thread-1 (]: 1 of 1 OK created sql view model public_pipedrive_analytics.int_activity_events  [[32mCREATE VIEW[0m in 0.16s]
[0m18:07:31.208452 [debug] [Thread-1 (]: Finished running node model.enpal_assessment_project.int_activity_events
[0m18:07:31.209867 [debug] [MainThread]: Using postgres connection "master"
[0m18:07:31.210359 [debug] [MainThread]: On master: BEGIN
[0m18:07:31.210746 [debug] [MainThread]: Opening a new connection, currently in state closed
[0m18:07:31.226337 [debug] [MainThread]: SQL status: BEGIN in 0.015 seconds
[0m18:07:31.227557 [debug] [MainThread]: On master: COMMIT
[0m18:07:31.228342 [debug] [MainThread]: Using postgres connection "master"
[0m18:07:31.228785 [debug] [MainThread]: On master: COMMIT
[0m18:07:31.229974 [debug] [MainThread]: SQL status: COMMIT in 0.001 seconds
[0m18:07:31.230513 [debug] [MainThread]: On master: Close
[0m18:07:31.231100 [debug] [MainThread]: Connection 'master' was properly closed.
[0m18:07:31.231755 [debug] [MainThread]: Connection 'model.enpal_assessment_project.int_activity_events' was properly closed.
[0m18:07:31.232238 [info ] [MainThread]: 
[0m18:07:31.232832 [info ] [MainThread]: Finished running 1 view model in 0 hours 0 minutes and 0.52 seconds (0.52s).
[0m18:07:31.234120 [debug] [MainThread]: Command end result
[0m18:07:31.271496 [debug] [MainThread]: Wrote artifact WritableManifest to /Users/macbook/Desktop/ENPAL/Take-Home-Assessment/REPO/dbt_enpal_assessment/target/manifest.json
[0m18:07:31.274093 [debug] [MainThread]: Wrote artifact SemanticManifest to /Users/macbook/Desktop/ENPAL/Take-Home-Assessment/REPO/dbt_enpal_assessment/target/semantic_manifest.json
[0m18:07:31.283366 [debug] [MainThread]: Wrote artifact RunExecutionResult to /Users/macbook/Desktop/ENPAL/Take-Home-Assessment/REPO/dbt_enpal_assessment/target/run_results.json
[0m18:07:31.283929 [info ] [MainThread]: 
[0m18:07:31.284481 [info ] [MainThread]: [32mCompleted successfully[0m
[0m18:07:31.284923 [info ] [MainThread]: 
[0m18:07:31.285395 [info ] [MainThread]: Done. PASS=1 WARN=0 ERROR=0 SKIP=0 NO-OP=0 TOTAL=1
[0m18:07:31.287801 [debug] [MainThread]: Resource report: {"command_name": "run", "command_success": true, "command_wall_clock_time": 1.8486056, "process_in_blocks": "0", "process_kernel_time": 0.747295, "process_mem_max_rss": "120700928", "process_out_blocks": "0", "process_user_time": 3.263797}
[0m18:07:31.288593 [debug] [MainThread]: Command `dbt run` succeeded at 18:07:31.288455 after 1.85 seconds
[0m18:07:31.289102 [debug] [MainThread]: Sending event: {'category': 'dbt', 'action': 'invocation', 'label': 'end', 'context': [<snowplow_tracker.self_describing_json.SelfDescribingJson object at 0x7fa0b2db44f0>, <snowplow_tracker.self_describing_json.SelfDescribingJson object at 0x7fa0b4d46050>, <snowplow_tracker.self_describing_json.SelfDescribingJson object at 0x7fa0b24e6200>]}
[0m18:07:31.289589 [debug] [MainThread]: Flushing usage events
[0m18:07:31.816608 [debug] [MainThread]: An error was encountered while trying to flush usage events
[0m18:09:29.770134 [debug] [MainThread]: Sending event: {'category': 'dbt', 'action': 'invocation', 'label': 'start', 'context': [<snowplow_tracker.self_describing_json.SelfDescribingJson object at 0x7fdee1dc4520>, <snowplow_tracker.self_describing_json.SelfDescribingJson object at 0x7fdee39b51e0>, <snowplow_tracker.self_describing_json.SelfDescribingJson object at 0x7fdee39b4af0>]}


============================== 18:09:29.777988 | 955f8ae5-fbcb-45db-92e8-1b4afdb59e89 ==============================
[0m18:09:29.777988 [info ] [MainThread]: Running with dbt=1.10.13
[0m18:09:29.779363 [debug] [MainThread]: running dbt with arguments {'introspect': 'True', 'fail_fast': 'False', 'partial_parse': 'True', 'empty': 'False', 'send_anonymous_usage_stats': 'True', 'quiet': 'False', 'use_experimental_parser': 'False', 'cache_selected_only': 'False', 'log_format': 'default', 'version_check': 'True', 'target_path': 'None', 'invocation_command': 'dbt run --select int_stage_transitions --full-refresh', 'printer_width': '80', 'log_cache_events': 'False', 'no_print': 'None', 'log_path': '/Users/macbook/Desktop/ENPAL/Take-Home-Assessment/REPO/dbt_enpal_assessment/logs', 'write_json': 'True', 'profiles_dir': '/Users/macbook/Desktop/Enpal/Take-Home-Assessment/REPO/dbt_enpal_assessment', 'debug': 'False', 'indirect_selection': 'eager', 'use_colors': 'True', 'warn_error': 'None', 'static_parser': 'True', 'warn_error_options': 'WarnErrorOptionsV2(error=[], warn=[], silence=[])'}
[0m18:09:30.262445 [debug] [MainThread]: Sending event: {'category': 'dbt', 'action': 'project_id', 'label': '955f8ae5-fbcb-45db-92e8-1b4afdb59e89', 'context': [<snowplow_tracker.self_describing_json.SelfDescribingJson object at 0x7fdee1e8c460>]}
[0m18:09:30.343629 [debug] [MainThread]: Sending event: {'category': 'dbt', 'action': 'adapter_info', 'label': '955f8ae5-fbcb-45db-92e8-1b4afdb59e89', 'context': [<snowplow_tracker.self_describing_json.SelfDescribingJson object at 0x7fdee3a8c2b0>]}
[0m18:09:30.346555 [info ] [MainThread]: Registered adapter: postgres=1.9.1
[0m18:09:30.556560 [debug] [MainThread]: checksum: 9f0c81e2574b4ff463f3d16d080df83c6982fc0372c9feeacae0504ac9ea3ffe, vars: {}, profile: , target: , version: 1.10.13
[0m18:09:30.832733 [debug] [MainThread]: Partial parsing enabled: 0 files deleted, 0 files added, 0 files changed.
[0m18:09:30.833324 [debug] [MainThread]: Partial parsing enabled, no changes found, skipping parsing
[0m18:09:30.905684 [debug] [MainThread]: Sending event: {'category': 'dbt', 'action': 'load_project', 'label': '955f8ae5-fbcb-45db-92e8-1b4afdb59e89', 'context': [<snowplow_tracker.self_describing_json.SelfDescribingJson object at 0x7fdee4120130>]}
[0m18:09:31.096786 [debug] [MainThread]: Wrote artifact WritableManifest to /Users/macbook/Desktop/ENPAL/Take-Home-Assessment/REPO/dbt_enpal_assessment/target/manifest.json
[0m18:09:31.100481 [debug] [MainThread]: Wrote artifact SemanticManifest to /Users/macbook/Desktop/ENPAL/Take-Home-Assessment/REPO/dbt_enpal_assessment/target/semantic_manifest.json
[0m18:09:31.143030 [debug] [MainThread]: Sending event: {'category': 'dbt', 'action': 'resource_counts', 'label': '955f8ae5-fbcb-45db-92e8-1b4afdb59e89', 'context': [<snowplow_tracker.self_describing_json.SelfDescribingJson object at 0x7fdee410dd20>]}
[0m18:09:31.143916 [info ] [MainThread]: Found 9 models, 19 data tests, 6 sources, 447 macros
[0m18:09:31.144523 [debug] [MainThread]: Sending event: {'category': 'dbt', 'action': 'runnable_timing', 'label': '955f8ae5-fbcb-45db-92e8-1b4afdb59e89', 'context': [<snowplow_tracker.self_describing_json.SelfDescribingJson object at 0x7fdee403be20>]}
[0m18:09:31.146955 [warn ] [MainThread]: Nothing to do. Try checking your model configs and model specification args
[0m18:09:31.150017 [debug] [MainThread]: Command end result
[0m18:09:31.182279 [debug] [MainThread]: Wrote artifact WritableManifest to /Users/macbook/Desktop/ENPAL/Take-Home-Assessment/REPO/dbt_enpal_assessment/target/manifest.json
[0m18:09:31.184935 [debug] [MainThread]: Wrote artifact SemanticManifest to /Users/macbook/Desktop/ENPAL/Take-Home-Assessment/REPO/dbt_enpal_assessment/target/semantic_manifest.json
[0m18:09:31.190148 [debug] [MainThread]: Wrote artifact RunExecutionResult to /Users/macbook/Desktop/ENPAL/Take-Home-Assessment/REPO/dbt_enpal_assessment/target/run_results.json
[0m18:09:31.192855 [debug] [MainThread]: Resource report: {"command_name": "run", "command_success": true, "command_wall_clock_time": 1.5289305, "process_in_blocks": "0", "process_kernel_time": 0.799306, "process_mem_max_rss": "111427584", "process_out_blocks": "0", "process_user_time": 3.025564}
[0m18:09:31.193729 [debug] [MainThread]: Command `dbt run` succeeded at 18:09:31.193544 after 1.53 seconds
[0m18:09:31.194491 [debug] [MainThread]: Sending event: {'category': 'dbt', 'action': 'invocation', 'label': 'end', 'context': [<snowplow_tracker.self_describing_json.SelfDescribingJson object at 0x7fdee1dc4520>, <snowplow_tracker.self_describing_json.SelfDescribingJson object at 0x7fdee1e8a320>, <snowplow_tracker.self_describing_json.SelfDescribingJson object at 0x7fdee27520b0>]}
[0m18:09:31.195344 [debug] [MainThread]: Flushing usage events
[0m18:09:31.762618 [debug] [MainThread]: An error was encountered while trying to flush usage events
[0m18:14:07.893385 [debug] [MainThread]: Sending event: {'category': 'dbt', 'action': 'invocation', 'label': 'start', 'context': [<snowplow_tracker.self_describing_json.SelfDescribingJson object at 0x7faeb05ac4f0>, <snowplow_tracker.self_describing_json.SelfDescribingJson object at 0x7faeb21a9240>, <snowplow_tracker.self_describing_json.SelfDescribingJson object at 0x7faeb21a8b50>]}


============================== 18:14:07.900947 | fdd66d42-33dd-4e57-a56b-2dae45a1a8b5 ==============================
[0m18:14:07.900947 [info ] [MainThread]: Running with dbt=1.10.13
[0m18:14:07.901837 [debug] [MainThread]: running dbt with arguments {'warn_error': 'None', 'printer_width': '80', 'no_print': 'None', 'debug': 'False', 'invocation_command': 'dbt clean', 'static_parser': 'True', 'log_format': 'default', 'fail_fast': 'False', 'version_check': 'True', 'cache_selected_only': 'False', 'use_experimental_parser': 'False', 'partial_parse': 'True', 'quiet': 'False', 'warn_error_options': 'WarnErrorOptionsV2(error=[], warn=[], silence=[])', 'write_json': 'True', 'log_path': '/Users/macbook/Desktop/ENPAL/Take-Home-Assessment/REPO/dbt_enpal_assessment/logs', 'profiles_dir': '/Users/macbook/Desktop/Enpal/Take-Home-Assessment/REPO/dbt_enpal_assessment', 'empty': 'None', 'log_cache_events': 'False', 'indirect_selection': 'eager', 'send_anonymous_usage_stats': 'True', 'target_path': 'None', 'introspect': 'True', 'use_colors': 'True'}
[0m18:14:08.235965 [debug] [MainThread]: Sending event: {'category': 'dbt', 'action': 'project_id', 'label': 'fdd66d42-33dd-4e57-a56b-2dae45a1a8b5', 'context': [<snowplow_tracker.self_describing_json.SelfDescribingJson object at 0x7faeb219fc70>]}
[0m18:14:08.272326 [debug] [MainThread]: Resource report: {"command_name": "clean", "command_success": true, "command_wall_clock_time": 0.4866547, "process_in_blocks": "0", "process_kernel_time": 0.633723, "process_mem_max_rss": "99155968", "process_out_blocks": "0", "process_user_time": 2.275098}
[0m18:14:08.273084 [debug] [MainThread]: Command `dbt clean` succeeded at 18:14:08.272947 after 0.49 seconds
[0m18:14:08.273583 [debug] [MainThread]: Sending event: {'category': 'dbt', 'action': 'invocation', 'label': 'end', 'context': [<snowplow_tracker.self_describing_json.SelfDescribingJson object at 0x7faeb05ac4f0>, <snowplow_tracker.self_describing_json.SelfDescribingJson object at 0x7faeaebebe80>, <snowplow_tracker.self_describing_json.SelfDescribingJson object at 0x7faeb242baf0>]}
[0m18:14:08.274082 [debug] [MainThread]: Flushing usage events
[0m18:14:08.865926 [debug] [MainThread]: An error was encountered while trying to flush usage events
[0m18:14:11.238022 [debug] [MainThread]: Sending event: {'category': 'dbt', 'action': 'invocation', 'label': 'start', 'context': [<snowplow_tracker.self_describing_json.SelfDescribingJson object at 0x7fd6fbdc0520>, <snowplow_tracker.self_describing_json.SelfDescribingJson object at 0x7fd6fd8b1240>, <snowplow_tracker.self_describing_json.SelfDescribingJson object at 0x7fd6fd8b0b50>]}


============================== 18:14:11.243105 | 605f9d51-0427-42d8-92e7-174579c963d1 ==============================
[0m18:14:11.243105 [info ] [MainThread]: Running with dbt=1.10.13
[0m18:14:11.243945 [debug] [MainThread]: running dbt with arguments {'indirect_selection': 'eager', 'printer_width': '80', 'static_parser': 'True', 'use_colors': 'True', 'no_print': 'None', 'empty': 'None', 'fail_fast': 'False', 'profiles_dir': '/Users/macbook/Desktop/Enpal/Take-Home-Assessment/REPO/dbt_enpal_assessment', 'version_check': 'True', 'invocation_command': 'dbt deps', 'partial_parse': 'True', 'quiet': 'False', 'write_json': 'True', 'log_path': '/Users/macbook/Desktop/ENPAL/Take-Home-Assessment/REPO/dbt_enpal_assessment/logs', 'warn_error_options': 'WarnErrorOptionsV2(error=[], warn=[], silence=[])', 'debug': 'False', 'log_cache_events': 'False', 'send_anonymous_usage_stats': 'True', 'introspect': 'True', 'target_path': 'None', 'warn_error': 'None', 'cache_selected_only': 'False', 'log_format': 'default', 'use_experimental_parser': 'False'}
[0m18:14:11.424991 [debug] [MainThread]: Sending event: {'category': 'dbt', 'action': 'project_id', 'label': '605f9d51-0427-42d8-92e7-174579c963d1', 'context': [<snowplow_tracker.self_describing_json.SelfDescribingJson object at 0x7fd6fd9cad40>]}
[0m18:14:11.449944 [info ] [MainThread]: Warning: No packages were found in packages.yml
[0m18:14:11.451130 [info ] [MainThread]: Warning: No packages were found in packages.yml
[0m18:14:11.452984 [debug] [MainThread]: Resource report: {"command_name": "deps", "command_success": true, "command_wall_clock_time": 0.30903065, "process_in_blocks": "0", "process_kernel_time": 0.247461, "process_mem_max_rss": "99209216", "process_out_blocks": "0", "process_user_time": 1.813965}
[0m18:14:11.453667 [debug] [MainThread]: Command `dbt deps` succeeded at 18:14:11.453533 after 0.31 seconds
[0m18:14:11.454149 [debug] [MainThread]: Sending event: {'category': 'dbt', 'action': 'invocation', 'label': 'end', 'context': [<snowplow_tracker.self_describing_json.SelfDescribingJson object at 0x7fd6fbdc0520>, <snowplow_tracker.self_describing_json.SelfDescribingJson object at 0x7fd6fd9ca050>, <snowplow_tracker.self_describing_json.SelfDescribingJson object at 0x7fd6fdabcd60>]}
[0m18:14:11.454630 [debug] [MainThread]: Flushing usage events
[0m18:14:11.942340 [debug] [MainThread]: An error was encountered while trying to flush usage events
[0m18:14:14.357834 [debug] [MainThread]: Sending event: {'category': 'dbt', 'action': 'invocation', 'label': 'start', 'context': [<snowplow_tracker.self_describing_json.SelfDescribingJson object at 0x7f7d4d4bc4c0>, <snowplow_tracker.self_describing_json.SelfDescribingJson object at 0x7f7d4ef3d240>, <snowplow_tracker.self_describing_json.SelfDescribingJson object at 0x7f7d4ef3cb50>]}


============================== 18:14:14.363473 | 98fc17bd-041a-4b2d-b281-90f1d0e838bc ==============================
[0m18:14:14.363473 [info ] [MainThread]: Running with dbt=1.10.13
[0m18:14:14.364297 [debug] [MainThread]: running dbt with arguments {'quiet': 'False', 'write_json': 'True', 'warn_error': 'None', 'version_check': 'True', 'printer_width': '80', 'introspect': 'True', 'fail_fast': 'False', 'send_anonymous_usage_stats': 'True', 'use_colors': 'True', 'target_path': 'None', 'debug': 'False', 'indirect_selection': 'eager', 'log_cache_events': 'False', 'use_experimental_parser': 'False', 'profiles_dir': '/Users/macbook/Desktop/Enpal/Take-Home-Assessment/REPO/dbt_enpal_assessment', 'log_format': 'default', 'no_print': 'None', 'cache_selected_only': 'False', 'partial_parse': 'True', 'invocation_command': 'dbt compile', 'static_parser': 'True', 'log_path': '/Users/macbook/Desktop/ENPAL/Take-Home-Assessment/REPO/dbt_enpal_assessment/logs', 'warn_error_options': 'WarnErrorOptionsV2(error=[], warn=[], silence=[])', 'empty': 'False'}
[0m18:14:14.682788 [debug] [MainThread]: Sending event: {'category': 'dbt', 'action': 'project_id', 'label': '98fc17bd-041a-4b2d-b281-90f1d0e838bc', 'context': [<snowplow_tracker.self_describing_json.SelfDescribingJson object at 0x7f7d4f041300>]}
[0m18:14:14.764376 [debug] [MainThread]: Sending event: {'category': 'dbt', 'action': 'adapter_info', 'label': '98fc17bd-041a-4b2d-b281-90f1d0e838bc', 'context': [<snowplow_tracker.self_describing_json.SelfDescribingJson object at 0x7f7d4de4ab90>]}
[0m18:14:14.767028 [info ] [MainThread]: Registered adapter: postgres=1.9.1
[0m18:14:14.990716 [debug] [MainThread]: checksum: 9f0c81e2574b4ff463f3d16d080df83c6982fc0372c9feeacae0504ac9ea3ffe, vars: {}, profile: , target: , version: 1.10.13
[0m18:14:14.991869 [info ] [MainThread]: Unable to do partial parsing because saved manifest not found. Starting full parse.
[0m18:14:14.992578 [debug] [MainThread]: Sending event: {'category': 'dbt', 'action': 'partial_parser', 'label': '98fc17bd-041a-4b2d-b281-90f1d0e838bc', 'context': [<snowplow_tracker.self_describing_json.SelfDescribingJson object at 0x7f7d4f3463b0>]}
[0m18:14:16.826959 [debug] [MainThread]: Sending event: {'category': 'dbt', 'action': 'load_project', 'label': '98fc17bd-041a-4b2d-b281-90f1d0e838bc', 'context': [<snowplow_tracker.self_describing_json.SelfDescribingJson object at 0x7f7d4fcb8640>]}
[0m18:14:17.027686 [debug] [MainThread]: Wrote artifact WritableManifest to /Users/macbook/Desktop/ENPAL/Take-Home-Assessment/REPO/dbt_enpal_assessment/target/manifest.json
[0m18:14:17.031945 [debug] [MainThread]: Wrote artifact SemanticManifest to /Users/macbook/Desktop/ENPAL/Take-Home-Assessment/REPO/dbt_enpal_assessment/target/semantic_manifest.json
[0m18:14:17.056081 [debug] [MainThread]: Sending event: {'category': 'dbt', 'action': 'resource_counts', 'label': '98fc17bd-041a-4b2d-b281-90f1d0e838bc', 'context': [<snowplow_tracker.self_describing_json.SelfDescribingJson object at 0x7f7d4fa26350>]}
[0m18:14:17.056895 [info ] [MainThread]: Found 9 models, 19 data tests, 6 sources, 447 macros
[0m18:14:17.057528 [debug] [MainThread]: Sending event: {'category': 'dbt', 'action': 'runnable_timing', 'label': '98fc17bd-041a-4b2d-b281-90f1d0e838bc', 'context': [<snowplow_tracker.self_describing_json.SelfDescribingJson object at 0x7f7d4fcb88e0>]}
[0m18:14:17.061362 [info ] [MainThread]: 
[0m18:14:17.062023 [info ] [MainThread]: Concurrency: 1 threads (target='dev')
[0m18:14:17.062507 [info ] [MainThread]: 
[0m18:14:17.063252 [debug] [MainThread]: Acquiring new postgres connection 'master'
[0m18:14:17.070215 [debug] [ThreadPool]: Acquiring new postgres connection 'list_postgres_public_pipedrive_analytics'
[0m18:14:17.224598 [debug] [ThreadPool]: Using postgres connection "list_postgres_public_pipedrive_analytics"
[0m18:14:17.225265 [debug] [ThreadPool]: On list_postgres_public_pipedrive_analytics: BEGIN
[0m18:14:17.225795 [debug] [ThreadPool]: Opening a new connection, currently in state init
[0m18:14:17.325404 [debug] [ThreadPool]: SQL status: BEGIN in 0.099 seconds
[0m18:14:17.327209 [debug] [ThreadPool]: Using postgres connection "list_postgres_public_pipedrive_analytics"
[0m18:14:17.327860 [debug] [ThreadPool]: On list_postgres_public_pipedrive_analytics: /* {"app": "dbt", "dbt_version": "1.10.13", "profile_name": "enpal_assessment_project", "target_name": "dev", "connection_name": "list_postgres_public_pipedrive_analytics"} */
select
      'postgres' as database,
      tablename as name,
      schemaname as schema,
      'table' as type
    from pg_tables
    where schemaname ilike 'public_pipedrive_analytics'
    union all
    select
      'postgres' as database,
      viewname as name,
      schemaname as schema,
      'view' as type
    from pg_views
    where schemaname ilike 'public_pipedrive_analytics'
    union all
    select
      'postgres' as database,
      matviewname as name,
      schemaname as schema,
      'materialized_view' as type
    from pg_matviews
    where schemaname ilike 'public_pipedrive_analytics'
  
[0m18:14:17.332256 [debug] [ThreadPool]: SQL status: SELECT 8 in 0.004 seconds
[0m18:14:17.334082 [debug] [ThreadPool]: On list_postgres_public_pipedrive_analytics: ROLLBACK
[0m18:14:17.335301 [debug] [ThreadPool]: On list_postgres_public_pipedrive_analytics: Close
[0m18:14:17.343379 [debug] [MainThread]: Using postgres connection "master"
[0m18:14:17.343919 [debug] [MainThread]: On master: BEGIN
[0m18:14:17.344305 [debug] [MainThread]: Opening a new connection, currently in state init
[0m18:14:17.359435 [debug] [MainThread]: SQL status: BEGIN in 0.015 seconds
[0m18:14:17.360604 [debug] [MainThread]: Using postgres connection "master"
[0m18:14:17.362465 [debug] [MainThread]: On master: /* {"app": "dbt", "dbt_version": "1.10.13", "profile_name": "enpal_assessment_project", "target_name": "dev", "connection_name": "master"} */
select distinct
        dependent_namespace.nspname as dependent_schema,
        dependent_class.relname as dependent_name,
        referenced_namespace.nspname as referenced_schema,
        referenced_class.relname as referenced_name

    -- Query for views: views are entries in pg_class with an entry in pg_rewrite, but we avoid
    -- a seq scan on pg_rewrite by leveraging the fact there is an "internal" row in pg_depend for
    -- the view...
    from pg_class as dependent_class
    join pg_namespace as dependent_namespace on dependent_namespace.oid = dependent_class.relnamespace
    join pg_depend as dependent_depend on dependent_depend.refobjid = dependent_class.oid
        and dependent_depend.classid = 'pg_rewrite'::regclass
        and dependent_depend.refclassid = 'pg_class'::regclass
        and dependent_depend.deptype = 'i'

    -- ... and via pg_depend (that has a row per column, hence the need for "distinct" above, and
    -- making sure to exclude the internal row to avoid a view appearing to depend on itself)...
    join pg_depend as joining_depend on joining_depend.objid = dependent_depend.objid
        and joining_depend.classid = 'pg_rewrite'::regclass
        and joining_depend.refclassid = 'pg_class'::regclass
        and joining_depend.refobjid != dependent_depend.refobjid

    -- ... we can find the tables they query from in pg_class, but excluding system tables. Note we
    -- don't need need to exclude _dependent_ system tables, because they only query from other
    -- system tables, and so are automatically excluded by excluding _referenced_ system tables
    join pg_class as referenced_class on referenced_class.oid = joining_depend.refobjid
    join pg_namespace as referenced_namespace on referenced_namespace.oid = referenced_class.relnamespace
        and referenced_namespace.nspname != 'information_schema'
        and referenced_namespace.nspname not like 'pg\_%'

    order by
        dependent_schema, dependent_name, referenced_schema, referenced_name;
[0m18:14:17.372051 [debug] [MainThread]: SQL status: SELECT 8 in 0.009 seconds
[0m18:14:17.376673 [debug] [MainThread]: Sending event: {'category': 'dbt', 'action': 'runnable_timing', 'label': '98fc17bd-041a-4b2d-b281-90f1d0e838bc', 'context': [<snowplow_tracker.self_describing_json.SelfDescribingJson object at 0x7f7d4bbd1ba0>]}
[0m18:14:17.377367 [debug] [MainThread]: On master: ROLLBACK
[0m18:14:17.378594 [debug] [MainThread]: On master: Close
[0m18:14:17.382409 [debug] [Thread-1 (]: Began running node model.enpal_assessment_project.stg_activity
[0m18:14:17.383111 [debug] [Thread-1 (]: Re-using an available connection from the pool (formerly list_postgres_public_pipedrive_analytics, now model.enpal_assessment_project.stg_activity)
[0m18:14:17.383607 [debug] [Thread-1 (]: Began compiling node model.enpal_assessment_project.stg_activity
[0m18:14:17.393668 [debug] [Thread-1 (]: Writing injected SQL for node "model.enpal_assessment_project.stg_activity"
[0m18:14:17.395218 [debug] [Thread-1 (]: Began executing node model.enpal_assessment_project.stg_activity
[0m18:14:17.396249 [debug] [Thread-1 (]: Finished running node model.enpal_assessment_project.stg_activity
[0m18:14:17.396789 [debug] [Thread-1 (]: Began running node model.enpal_assessment_project.stg_activity_types
[0m18:14:17.397565 [debug] [Thread-1 (]: Re-using an available connection from the pool (formerly model.enpal_assessment_project.stg_activity, now model.enpal_assessment_project.stg_activity_types)
[0m18:14:17.398098 [debug] [Thread-1 (]: Began compiling node model.enpal_assessment_project.stg_activity_types
[0m18:14:17.404682 [debug] [Thread-1 (]: Writing injected SQL for node "model.enpal_assessment_project.stg_activity_types"
[0m18:14:17.408201 [debug] [Thread-1 (]: Began executing node model.enpal_assessment_project.stg_activity_types
[0m18:14:17.416923 [debug] [Thread-1 (]: Finished running node model.enpal_assessment_project.stg_activity_types
[0m18:14:17.420690 [debug] [Thread-1 (]: Began running node model.enpal_assessment_project.stg_deal_changes
[0m18:14:17.423639 [debug] [Thread-1 (]: Re-using an available connection from the pool (formerly model.enpal_assessment_project.stg_activity_types, now model.enpal_assessment_project.stg_deal_changes)
[0m18:14:17.425013 [debug] [Thread-1 (]: Began compiling node model.enpal_assessment_project.stg_deal_changes
[0m18:14:17.432632 [debug] [Thread-1 (]: Writing injected SQL for node "model.enpal_assessment_project.stg_deal_changes"
[0m18:14:17.433802 [debug] [Thread-1 (]: Began executing node model.enpal_assessment_project.stg_deal_changes
[0m18:14:17.434806 [debug] [Thread-1 (]: Finished running node model.enpal_assessment_project.stg_deal_changes
[0m18:14:17.435395 [debug] [Thread-1 (]: Began running node model.enpal_assessment_project.stg_fields
[0m18:14:17.436214 [debug] [Thread-1 (]: Re-using an available connection from the pool (formerly model.enpal_assessment_project.stg_deal_changes, now model.enpal_assessment_project.stg_fields)
[0m18:14:17.436749 [debug] [Thread-1 (]: Began compiling node model.enpal_assessment_project.stg_fields
[0m18:14:17.441252 [debug] [Thread-1 (]: Writing injected SQL for node "model.enpal_assessment_project.stg_fields"
[0m18:14:17.445239 [debug] [Thread-1 (]: Began executing node model.enpal_assessment_project.stg_fields
[0m18:14:17.447517 [debug] [Thread-1 (]: Finished running node model.enpal_assessment_project.stg_fields
[0m18:14:17.448512 [debug] [Thread-1 (]: Began running node model.enpal_assessment_project.stg_stages
[0m18:14:17.452112 [debug] [Thread-1 (]: Re-using an available connection from the pool (formerly model.enpal_assessment_project.stg_fields, now model.enpal_assessment_project.stg_stages)
[0m18:14:17.453586 [debug] [Thread-1 (]: Began compiling node model.enpal_assessment_project.stg_stages
[0m18:14:17.458674 [debug] [Thread-1 (]: Writing injected SQL for node "model.enpal_assessment_project.stg_stages"
[0m18:14:17.459915 [debug] [Thread-1 (]: Began executing node model.enpal_assessment_project.stg_stages
[0m18:14:17.461405 [debug] [Thread-1 (]: Finished running node model.enpal_assessment_project.stg_stages
[0m18:14:17.464335 [debug] [Thread-1 (]: Began running node model.enpal_assessment_project.stg_users
[0m18:14:17.466898 [debug] [Thread-1 (]: Re-using an available connection from the pool (formerly model.enpal_assessment_project.stg_stages, now model.enpal_assessment_project.stg_users)
[0m18:14:17.467815 [debug] [Thread-1 (]: Began compiling node model.enpal_assessment_project.stg_users
[0m18:14:17.473838 [debug] [Thread-1 (]: Writing injected SQL for node "model.enpal_assessment_project.stg_users"
[0m18:14:17.475017 [debug] [Thread-1 (]: Began executing node model.enpal_assessment_project.stg_users
[0m18:14:17.476454 [debug] [Thread-1 (]: Finished running node model.enpal_assessment_project.stg_users
[0m18:14:17.477308 [debug] [Thread-1 (]: Began running node test.enpal_assessment_project.not_null_stg_activity_activity_id.a68836e3e5
[0m18:14:17.478498 [debug] [Thread-1 (]: Re-using an available connection from the pool (formerly model.enpal_assessment_project.stg_users, now test.enpal_assessment_project.not_null_stg_activity_activity_id.a68836e3e5)
[0m18:14:17.480941 [debug] [Thread-1 (]: Began compiling node test.enpal_assessment_project.not_null_stg_activity_activity_id.a68836e3e5
[0m18:14:17.500903 [debug] [Thread-1 (]: Writing injected SQL for node "test.enpal_assessment_project.not_null_stg_activity_activity_id.a68836e3e5"
[0m18:14:17.501959 [debug] [Thread-1 (]: Began executing node test.enpal_assessment_project.not_null_stg_activity_activity_id.a68836e3e5
[0m18:14:17.502837 [debug] [Thread-1 (]: Finished running node test.enpal_assessment_project.not_null_stg_activity_activity_id.a68836e3e5
[0m18:14:17.503339 [debug] [Thread-1 (]: Began running node test.enpal_assessment_project.not_null_stg_activity_add_time.67d7f7721c
[0m18:14:17.503904 [debug] [Thread-1 (]: Re-using an available connection from the pool (formerly test.enpal_assessment_project.not_null_stg_activity_activity_id.a68836e3e5, now test.enpal_assessment_project.not_null_stg_activity_add_time.67d7f7721c)
[0m18:14:17.504385 [debug] [Thread-1 (]: Began compiling node test.enpal_assessment_project.not_null_stg_activity_add_time.67d7f7721c
[0m18:14:17.512018 [debug] [Thread-1 (]: Writing injected SQL for node "test.enpal_assessment_project.not_null_stg_activity_add_time.67d7f7721c"
[0m18:14:17.514357 [debug] [Thread-1 (]: Began executing node test.enpal_assessment_project.not_null_stg_activity_add_time.67d7f7721c
[0m18:14:17.515636 [debug] [Thread-1 (]: Finished running node test.enpal_assessment_project.not_null_stg_activity_add_time.67d7f7721c
[0m18:14:17.516222 [debug] [Thread-1 (]: Began running node test.enpal_assessment_project.not_null_stg_activity_deal_id.f78c16f252
[0m18:14:17.516800 [debug] [Thread-1 (]: Re-using an available connection from the pool (formerly test.enpal_assessment_project.not_null_stg_activity_add_time.67d7f7721c, now test.enpal_assessment_project.not_null_stg_activity_deal_id.f78c16f252)
[0m18:14:17.517289 [debug] [Thread-1 (]: Began compiling node test.enpal_assessment_project.not_null_stg_activity_deal_id.f78c16f252
[0m18:14:17.521882 [debug] [Thread-1 (]: Writing injected SQL for node "test.enpal_assessment_project.not_null_stg_activity_deal_id.f78c16f252"
[0m18:14:17.522807 [debug] [Thread-1 (]: Began executing node test.enpal_assessment_project.not_null_stg_activity_deal_id.f78c16f252
[0m18:14:17.523688 [debug] [Thread-1 (]: Finished running node test.enpal_assessment_project.not_null_stg_activity_deal_id.f78c16f252
[0m18:14:17.524340 [debug] [Thread-1 (]: Began running node test.enpal_assessment_project.unique_stg_activity_activity_id.6483ff34a9
[0m18:14:17.525071 [debug] [Thread-1 (]: Re-using an available connection from the pool (formerly test.enpal_assessment_project.not_null_stg_activity_deal_id.f78c16f252, now test.enpal_assessment_project.unique_stg_activity_activity_id.6483ff34a9)
[0m18:14:17.526135 [debug] [Thread-1 (]: Began compiling node test.enpal_assessment_project.unique_stg_activity_activity_id.6483ff34a9
[0m18:14:17.535735 [debug] [Thread-1 (]: Writing injected SQL for node "test.enpal_assessment_project.unique_stg_activity_activity_id.6483ff34a9"
[0m18:14:17.536642 [debug] [Thread-1 (]: Began executing node test.enpal_assessment_project.unique_stg_activity_activity_id.6483ff34a9
[0m18:14:17.537518 [debug] [Thread-1 (]: Finished running node test.enpal_assessment_project.unique_stg_activity_activity_id.6483ff34a9
[0m18:14:17.538027 [debug] [Thread-1 (]: Began running node model.enpal_assessment_project.int_activity_events
[0m18:14:17.538588 [debug] [Thread-1 (]: Re-using an available connection from the pool (formerly test.enpal_assessment_project.unique_stg_activity_activity_id.6483ff34a9, now model.enpal_assessment_project.int_activity_events)
[0m18:14:17.539081 [debug] [Thread-1 (]: Began compiling node model.enpal_assessment_project.int_activity_events
[0m18:14:17.543032 [debug] [Thread-1 (]: Writing injected SQL for node "model.enpal_assessment_project.int_activity_events"
[0m18:14:17.544287 [debug] [Thread-1 (]: Began executing node model.enpal_assessment_project.int_activity_events
[0m18:14:17.545289 [debug] [Thread-1 (]: Finished running node model.enpal_assessment_project.int_activity_events
[0m18:14:17.545807 [debug] [Thread-1 (]: Began running node test.enpal_assessment_project.not_null_stg_activity_types_activity_type_id.10b3776169
[0m18:14:17.546666 [debug] [Thread-1 (]: Re-using an available connection from the pool (formerly model.enpal_assessment_project.int_activity_events, now test.enpal_assessment_project.not_null_stg_activity_types_activity_type_id.10b3776169)
[0m18:14:17.547719 [debug] [Thread-1 (]: Began compiling node test.enpal_assessment_project.not_null_stg_activity_types_activity_type_id.10b3776169
[0m18:14:17.555913 [debug] [Thread-1 (]: Writing injected SQL for node "test.enpal_assessment_project.not_null_stg_activity_types_activity_type_id.10b3776169"
[0m18:14:17.557190 [debug] [Thread-1 (]: Began executing node test.enpal_assessment_project.not_null_stg_activity_types_activity_type_id.10b3776169
[0m18:14:17.558443 [debug] [Thread-1 (]: Finished running node test.enpal_assessment_project.not_null_stg_activity_types_activity_type_id.10b3776169
[0m18:14:17.559501 [debug] [Thread-1 (]: Began running node test.enpal_assessment_project.not_null_stg_activity_types_activity_type_name.1c8fca70c5
[0m18:14:17.560608 [debug] [Thread-1 (]: Re-using an available connection from the pool (formerly test.enpal_assessment_project.not_null_stg_activity_types_activity_type_id.10b3776169, now test.enpal_assessment_project.not_null_stg_activity_types_activity_type_name.1c8fca70c5)
[0m18:14:17.561605 [debug] [Thread-1 (]: Began compiling node test.enpal_assessment_project.not_null_stg_activity_types_activity_type_name.1c8fca70c5
[0m18:14:17.569825 [debug] [Thread-1 (]: Writing injected SQL for node "test.enpal_assessment_project.not_null_stg_activity_types_activity_type_name.1c8fca70c5"
[0m18:14:17.571344 [debug] [Thread-1 (]: Began executing node test.enpal_assessment_project.not_null_stg_activity_types_activity_type_name.1c8fca70c5
[0m18:14:17.572861 [debug] [Thread-1 (]: Finished running node test.enpal_assessment_project.not_null_stg_activity_types_activity_type_name.1c8fca70c5
[0m18:14:17.573723 [debug] [Thread-1 (]: Began running node test.enpal_assessment_project.unique_stg_activity_types_activity_type_id.065efcc0bd
[0m18:14:17.574492 [debug] [Thread-1 (]: Re-using an available connection from the pool (formerly test.enpal_assessment_project.not_null_stg_activity_types_activity_type_name.1c8fca70c5, now test.enpal_assessment_project.unique_stg_activity_types_activity_type_id.065efcc0bd)
[0m18:14:17.575061 [debug] [Thread-1 (]: Began compiling node test.enpal_assessment_project.unique_stg_activity_types_activity_type_id.065efcc0bd
[0m18:14:17.583668 [debug] [Thread-1 (]: Writing injected SQL for node "test.enpal_assessment_project.unique_stg_activity_types_activity_type_id.065efcc0bd"
[0m18:14:17.586422 [debug] [Thread-1 (]: Began executing node test.enpal_assessment_project.unique_stg_activity_types_activity_type_id.065efcc0bd
[0m18:14:17.588319 [debug] [Thread-1 (]: Finished running node test.enpal_assessment_project.unique_stg_activity_types_activity_type_id.065efcc0bd
[0m18:14:17.589563 [debug] [Thread-1 (]: Began running node test.enpal_assessment_project.not_null_stg_deal_changes_change_time.d739b89f9d
[0m18:14:17.590585 [debug] [Thread-1 (]: Re-using an available connection from the pool (formerly test.enpal_assessment_project.unique_stg_activity_types_activity_type_id.065efcc0bd, now test.enpal_assessment_project.not_null_stg_deal_changes_change_time.d739b89f9d)
[0m18:14:17.591174 [debug] [Thread-1 (]: Began compiling node test.enpal_assessment_project.not_null_stg_deal_changes_change_time.d739b89f9d
[0m18:14:17.600913 [debug] [Thread-1 (]: Writing injected SQL for node "test.enpal_assessment_project.not_null_stg_deal_changes_change_time.d739b89f9d"
[0m18:14:17.602337 [debug] [Thread-1 (]: Began executing node test.enpal_assessment_project.not_null_stg_deal_changes_change_time.d739b89f9d
[0m18:14:17.603766 [debug] [Thread-1 (]: Finished running node test.enpal_assessment_project.not_null_stg_deal_changes_change_time.d739b89f9d
[0m18:14:17.604630 [debug] [Thread-1 (]: Began running node test.enpal_assessment_project.not_null_stg_deal_changes_changed_field_key.bd8a8a5b1f
[0m18:14:17.605540 [debug] [Thread-1 (]: Re-using an available connection from the pool (formerly test.enpal_assessment_project.not_null_stg_deal_changes_change_time.d739b89f9d, now test.enpal_assessment_project.not_null_stg_deal_changes_changed_field_key.bd8a8a5b1f)
[0m18:14:17.606304 [debug] [Thread-1 (]: Began compiling node test.enpal_assessment_project.not_null_stg_deal_changes_changed_field_key.bd8a8a5b1f
[0m18:14:17.614052 [debug] [Thread-1 (]: Writing injected SQL for node "test.enpal_assessment_project.not_null_stg_deal_changes_changed_field_key.bd8a8a5b1f"
[0m18:14:17.615804 [debug] [Thread-1 (]: Began executing node test.enpal_assessment_project.not_null_stg_deal_changes_changed_field_key.bd8a8a5b1f
[0m18:14:17.617337 [debug] [Thread-1 (]: Finished running node test.enpal_assessment_project.not_null_stg_deal_changes_changed_field_key.bd8a8a5b1f
[0m18:14:17.618200 [debug] [Thread-1 (]: Began running node test.enpal_assessment_project.not_null_stg_deal_changes_deal_id.32d7e9b75e
[0m18:14:17.619175 [debug] [Thread-1 (]: Re-using an available connection from the pool (formerly test.enpal_assessment_project.not_null_stg_deal_changes_changed_field_key.bd8a8a5b1f, now test.enpal_assessment_project.not_null_stg_deal_changes_deal_id.32d7e9b75e)
[0m18:14:17.620145 [debug] [Thread-1 (]: Began compiling node test.enpal_assessment_project.not_null_stg_deal_changes_deal_id.32d7e9b75e
[0m18:14:17.629573 [debug] [Thread-1 (]: Writing injected SQL for node "test.enpal_assessment_project.not_null_stg_deal_changes_deal_id.32d7e9b75e"
[0m18:14:17.630987 [debug] [Thread-1 (]: Began executing node test.enpal_assessment_project.not_null_stg_deal_changes_deal_id.32d7e9b75e
[0m18:14:17.632603 [debug] [Thread-1 (]: Finished running node test.enpal_assessment_project.not_null_stg_deal_changes_deal_id.32d7e9b75e
[0m18:14:17.633561 [debug] [Thread-1 (]: Began running node test.enpal_assessment_project.not_null_stg_fields_field_key.f981d3affe
[0m18:14:17.634588 [debug] [Thread-1 (]: Re-using an available connection from the pool (formerly test.enpal_assessment_project.not_null_stg_deal_changes_deal_id.32d7e9b75e, now test.enpal_assessment_project.not_null_stg_fields_field_key.f981d3affe)
[0m18:14:17.635505 [debug] [Thread-1 (]: Began compiling node test.enpal_assessment_project.not_null_stg_fields_field_key.f981d3affe
[0m18:14:17.644012 [debug] [Thread-1 (]: Writing injected SQL for node "test.enpal_assessment_project.not_null_stg_fields_field_key.f981d3affe"
[0m18:14:17.645440 [debug] [Thread-1 (]: Began executing node test.enpal_assessment_project.not_null_stg_fields_field_key.f981d3affe
[0m18:14:17.647094 [debug] [Thread-1 (]: Finished running node test.enpal_assessment_project.not_null_stg_fields_field_key.f981d3affe
[0m18:14:17.647958 [debug] [Thread-1 (]: Began running node test.enpal_assessment_project.not_null_stg_fields_field_name.0230fcaacd
[0m18:14:17.648961 [debug] [Thread-1 (]: Re-using an available connection from the pool (formerly test.enpal_assessment_project.not_null_stg_fields_field_key.f981d3affe, now test.enpal_assessment_project.not_null_stg_fields_field_name.0230fcaacd)
[0m18:14:17.649787 [debug] [Thread-1 (]: Began compiling node test.enpal_assessment_project.not_null_stg_fields_field_name.0230fcaacd
[0m18:14:17.658434 [debug] [Thread-1 (]: Writing injected SQL for node "test.enpal_assessment_project.not_null_stg_fields_field_name.0230fcaacd"
[0m18:14:17.659821 [debug] [Thread-1 (]: Began executing node test.enpal_assessment_project.not_null_stg_fields_field_name.0230fcaacd
[0m18:14:17.661441 [debug] [Thread-1 (]: Finished running node test.enpal_assessment_project.not_null_stg_fields_field_name.0230fcaacd
[0m18:14:17.662434 [debug] [Thread-1 (]: Began running node test.enpal_assessment_project.unique_stg_fields_field_key.ea1d2437a4
[0m18:14:17.663399 [debug] [Thread-1 (]: Re-using an available connection from the pool (formerly test.enpal_assessment_project.not_null_stg_fields_field_name.0230fcaacd, now test.enpal_assessment_project.unique_stg_fields_field_key.ea1d2437a4)
[0m18:14:17.664334 [debug] [Thread-1 (]: Began compiling node test.enpal_assessment_project.unique_stg_fields_field_key.ea1d2437a4
[0m18:14:17.672248 [debug] [Thread-1 (]: Writing injected SQL for node "test.enpal_assessment_project.unique_stg_fields_field_key.ea1d2437a4"
[0m18:14:17.673660 [debug] [Thread-1 (]: Began executing node test.enpal_assessment_project.unique_stg_fields_field_key.ea1d2437a4
[0m18:14:17.675608 [debug] [Thread-1 (]: Finished running node test.enpal_assessment_project.unique_stg_fields_field_key.ea1d2437a4
[0m18:14:17.676592 [debug] [Thread-1 (]: Began running node test.enpal_assessment_project.not_null_stg_stages_stage_id.6a7c0c8378
[0m18:14:17.677497 [debug] [Thread-1 (]: Re-using an available connection from the pool (formerly test.enpal_assessment_project.unique_stg_fields_field_key.ea1d2437a4, now test.enpal_assessment_project.not_null_stg_stages_stage_id.6a7c0c8378)
[0m18:14:17.678296 [debug] [Thread-1 (]: Began compiling node test.enpal_assessment_project.not_null_stg_stages_stage_id.6a7c0c8378
[0m18:14:17.686254 [debug] [Thread-1 (]: Writing injected SQL for node "test.enpal_assessment_project.not_null_stg_stages_stage_id.6a7c0c8378"
[0m18:14:17.688401 [debug] [Thread-1 (]: Began executing node test.enpal_assessment_project.not_null_stg_stages_stage_id.6a7c0c8378
[0m18:14:17.689828 [debug] [Thread-1 (]: Finished running node test.enpal_assessment_project.not_null_stg_stages_stage_id.6a7c0c8378
[0m18:14:17.690768 [debug] [Thread-1 (]: Began running node test.enpal_assessment_project.not_null_stg_stages_stage_name.d8c326ee25
[0m18:14:17.691752 [debug] [Thread-1 (]: Re-using an available connection from the pool (formerly test.enpal_assessment_project.not_null_stg_stages_stage_id.6a7c0c8378, now test.enpal_assessment_project.not_null_stg_stages_stage_name.d8c326ee25)
[0m18:14:17.694565 [debug] [Thread-1 (]: Began compiling node test.enpal_assessment_project.not_null_stg_stages_stage_name.d8c326ee25
[0m18:14:17.709906 [debug] [Thread-1 (]: Writing injected SQL for node "test.enpal_assessment_project.not_null_stg_stages_stage_name.d8c326ee25"
[0m18:14:17.711256 [debug] [Thread-1 (]: Began executing node test.enpal_assessment_project.not_null_stg_stages_stage_name.d8c326ee25
[0m18:14:17.712856 [debug] [Thread-1 (]: Finished running node test.enpal_assessment_project.not_null_stg_stages_stage_name.d8c326ee25
[0m18:14:17.713871 [debug] [Thread-1 (]: Began running node test.enpal_assessment_project.unique_stg_stages_stage_id.7d330989f3
[0m18:14:17.714824 [debug] [Thread-1 (]: Re-using an available connection from the pool (formerly test.enpal_assessment_project.not_null_stg_stages_stage_name.d8c326ee25, now test.enpal_assessment_project.unique_stg_stages_stage_id.7d330989f3)
[0m18:14:17.715792 [debug] [Thread-1 (]: Began compiling node test.enpal_assessment_project.unique_stg_stages_stage_id.7d330989f3
[0m18:14:17.724536 [debug] [Thread-1 (]: Writing injected SQL for node "test.enpal_assessment_project.unique_stg_stages_stage_id.7d330989f3"
[0m18:14:17.726261 [debug] [Thread-1 (]: Began executing node test.enpal_assessment_project.unique_stg_stages_stage_id.7d330989f3
[0m18:14:17.727900 [debug] [Thread-1 (]: Finished running node test.enpal_assessment_project.unique_stg_stages_stage_id.7d330989f3
[0m18:14:17.728879 [debug] [Thread-1 (]: Began running node test.enpal_assessment_project.not_null_stg_users_user_id.980dfc1b77
[0m18:14:17.729897 [debug] [Thread-1 (]: Re-using an available connection from the pool (formerly test.enpal_assessment_project.unique_stg_stages_stage_id.7d330989f3, now test.enpal_assessment_project.not_null_stg_users_user_id.980dfc1b77)
[0m18:14:17.730838 [debug] [Thread-1 (]: Began compiling node test.enpal_assessment_project.not_null_stg_users_user_id.980dfc1b77
[0m18:14:17.739334 [debug] [Thread-1 (]: Writing injected SQL for node "test.enpal_assessment_project.not_null_stg_users_user_id.980dfc1b77"
[0m18:14:17.740786 [debug] [Thread-1 (]: Began executing node test.enpal_assessment_project.not_null_stg_users_user_id.980dfc1b77
[0m18:14:17.742387 [debug] [Thread-1 (]: Finished running node test.enpal_assessment_project.not_null_stg_users_user_id.980dfc1b77
[0m18:14:17.743272 [debug] [Thread-1 (]: Began running node test.enpal_assessment_project.not_null_stg_users_user_name.226879cc53
[0m18:14:17.744394 [debug] [Thread-1 (]: Re-using an available connection from the pool (formerly test.enpal_assessment_project.not_null_stg_users_user_id.980dfc1b77, now test.enpal_assessment_project.not_null_stg_users_user_name.226879cc53)
[0m18:14:17.745450 [debug] [Thread-1 (]: Began compiling node test.enpal_assessment_project.not_null_stg_users_user_name.226879cc53
[0m18:14:17.753526 [debug] [Thread-1 (]: Writing injected SQL for node "test.enpal_assessment_project.not_null_stg_users_user_name.226879cc53"
[0m18:14:17.755743 [debug] [Thread-1 (]: Began executing node test.enpal_assessment_project.not_null_stg_users_user_name.226879cc53
[0m18:14:17.757517 [debug] [Thread-1 (]: Finished running node test.enpal_assessment_project.not_null_stg_users_user_name.226879cc53
[0m18:14:17.758408 [debug] [Thread-1 (]: Began running node test.enpal_assessment_project.unique_stg_users_user_id.c2ff477e6b
[0m18:14:17.760894 [debug] [Thread-1 (]: Re-using an available connection from the pool (formerly test.enpal_assessment_project.not_null_stg_users_user_name.226879cc53, now test.enpal_assessment_project.unique_stg_users_user_id.c2ff477e6b)
[0m18:14:17.761891 [debug] [Thread-1 (]: Began compiling node test.enpal_assessment_project.unique_stg_users_user_id.c2ff477e6b
[0m18:14:17.769817 [debug] [Thread-1 (]: Writing injected SQL for node "test.enpal_assessment_project.unique_stg_users_user_id.c2ff477e6b"
[0m18:14:17.771154 [debug] [Thread-1 (]: Began executing node test.enpal_assessment_project.unique_stg_users_user_id.c2ff477e6b
[0m18:14:17.772617 [debug] [Thread-1 (]: Finished running node test.enpal_assessment_project.unique_stg_users_user_id.c2ff477e6b
[0m18:14:17.774239 [debug] [MainThread]: Connection 'master' was properly closed.
[0m18:14:17.774916 [debug] [MainThread]: Connection 'test.enpal_assessment_project.unique_stg_users_user_id.c2ff477e6b' was properly closed.
[0m18:14:17.783334 [debug] [MainThread]: Command end result
[0m18:14:17.855318 [debug] [MainThread]: Wrote artifact WritableManifest to /Users/macbook/Desktop/ENPAL/Take-Home-Assessment/REPO/dbt_enpal_assessment/target/manifest.json
[0m18:14:17.858691 [debug] [MainThread]: Wrote artifact SemanticManifest to /Users/macbook/Desktop/ENPAL/Take-Home-Assessment/REPO/dbt_enpal_assessment/target/semantic_manifest.json
[0m18:14:17.875621 [debug] [MainThread]: Wrote artifact RunExecutionResult to /Users/macbook/Desktop/ENPAL/Take-Home-Assessment/REPO/dbt_enpal_assessment/target/run_results.json
[0m18:14:17.878073 [debug] [MainThread]: Resource report: {"command_name": "compile", "command_success": true, "command_wall_clock_time": 3.6171694, "process_in_blocks": "0", "process_kernel_time": 0.528313, "process_mem_max_rss": "127041536", "process_out_blocks": "0", "process_user_time": 4.580275}
[0m18:14:17.879125 [debug] [MainThread]: Command `dbt compile` succeeded at 18:14:17.878944 after 3.62 seconds
[0m18:14:17.880288 [debug] [MainThread]: Sending event: {'category': 'dbt', 'action': 'invocation', 'label': 'end', 'context': [<snowplow_tracker.self_describing_json.SelfDescribingJson object at 0x7f7d4d4bc4c0>, <snowplow_tracker.self_describing_json.SelfDescribingJson object at 0x7f7d4fa257b0>, <snowplow_tracker.self_describing_json.SelfDescribingJson object at 0x7f7d4fa25420>]}
[0m18:14:17.881063 [debug] [MainThread]: Flushing usage events
[0m18:14:18.366834 [debug] [MainThread]: An error was encountered while trying to flush usage events
[0m18:14:23.008010 [debug] [MainThread]: Sending event: {'category': 'dbt', 'action': 'invocation', 'label': 'start', 'context': [<snowplow_tracker.self_describing_json.SelfDescribingJson object at 0x7fb4ddcd0550>, <snowplow_tracker.self_describing_json.SelfDescribingJson object at 0x7fb4df1a5db0>, <snowplow_tracker.self_describing_json.SelfDescribingJson object at 0x7fb4df1a56c0>]}


============================== 18:14:23.013346 | 03dcf3f3-950d-4de6-8337-bee4cd1148c8 ==============================
[0m18:14:23.013346 [info ] [MainThread]: Running with dbt=1.10.13
[0m18:14:23.014225 [debug] [MainThread]: running dbt with arguments {'profiles_dir': '/Users/macbook/Desktop/Enpal/Take-Home-Assessment/REPO/dbt_enpal_assessment', 'introspect': 'True', 'log_cache_events': 'False', 'warn_error': 'None', 'empty': 'None', 'static_parser': 'True', 'warn_error_options': 'WarnErrorOptionsV2(error=[], warn=[], silence=[])', 'debug': 'False', 'cache_selected_only': 'False', 'indirect_selection': 'eager', 'printer_width': '80', 'invocation_command': 'dbt ls --select intermediate', 'version_check': 'True', 'send_anonymous_usage_stats': 'True', 'target_path': 'None', 'log_format': 'default', 'no_print': 'None', 'write_json': 'True', 'use_experimental_parser': 'False', 'use_colors': 'True', 'quiet': 'False', 'log_path': '/Users/macbook/Desktop/ENPAL/Take-Home-Assessment/REPO/dbt_enpal_assessment/logs', 'fail_fast': 'False', 'partial_parse': 'True'}
[0m18:14:23.316767 [debug] [MainThread]: Sending event: {'category': 'dbt', 'action': 'project_id', 'label': '03dcf3f3-950d-4de6-8337-bee4cd1148c8', 'context': [<snowplow_tracker.self_describing_json.SelfDescribingJson object at 0x7fb4ddf80490>]}
[0m18:14:23.401025 [debug] [MainThread]: Sending event: {'category': 'dbt', 'action': 'adapter_info', 'label': '03dcf3f3-950d-4de6-8337-bee4cd1148c8', 'context': [<snowplow_tracker.self_describing_json.SelfDescribingJson object at 0x7fb4defdcd30>]}
[0m18:14:23.402092 [info ] [MainThread]: Registered adapter: postgres=1.9.1
[0m18:14:23.585596 [debug] [MainThread]: checksum: 9f0c81e2574b4ff463f3d16d080df83c6982fc0372c9feeacae0504ac9ea3ffe, vars: {}, profile: , target: , version: 1.10.13
[0m18:14:23.768457 [debug] [MainThread]: Partial parsing enabled: 0 files deleted, 0 files added, 0 files changed.
[0m18:14:23.768983 [debug] [MainThread]: Partial parsing enabled, no changes found, skipping parsing
[0m18:14:23.844262 [debug] [MainThread]: Sending event: {'category': 'dbt', 'action': 'load_project', 'label': '03dcf3f3-950d-4de6-8337-bee4cd1148c8', 'context': [<snowplow_tracker.self_describing_json.SelfDescribingJson object at 0x7fb4e0a08100>]}
[0m18:14:24.033383 [debug] [MainThread]: Wrote artifact WritableManifest to /Users/macbook/Desktop/ENPAL/Take-Home-Assessment/REPO/dbt_enpal_assessment/target/manifest.json
[0m18:14:24.036326 [debug] [MainThread]: Wrote artifact SemanticManifest to /Users/macbook/Desktop/ENPAL/Take-Home-Assessment/REPO/dbt_enpal_assessment/target/semantic_manifest.json
[0m18:14:24.052575 [debug] [MainThread]: Sending event: {'category': 'dbt', 'action': 'resource_counts', 'label': '03dcf3f3-950d-4de6-8337-bee4cd1148c8', 'context': [<snowplow_tracker.self_describing_json.SelfDescribingJson object at 0x7fb4e09e9150>]}
[0m18:14:24.053296 [info ] [MainThread]: Found 9 models, 19 data tests, 6 sources, 447 macros
[0m18:14:24.053783 [debug] [MainThread]: Sending event: {'category': 'dbt', 'action': 'runnable_timing', 'label': '03dcf3f3-950d-4de6-8337-bee4cd1148c8', 'context': [<snowplow_tracker.self_describing_json.SelfDescribingJson object at 0x7fb4e09e8d90>]}
[0m18:14:24.054723 [info ] [MainThread]: enpal_assessment_project.intermediate.int_activity_events
[0m18:14:24.055522 [info ] [MainThread]: enpal_assessment_project.intermediate.int_stage_transitions
[0m18:14:24.057774 [debug] [MainThread]: Resource report: {"command_name": "list", "command_success": true, "command_wall_clock_time": 1.1380446, "process_in_blocks": "0", "process_kernel_time": 0.340992, "process_mem_max_rss": "110387200", "process_out_blocks": "0", "process_user_time": 2.466562}
[0m18:14:24.058479 [debug] [MainThread]: Command `dbt ls` succeeded at 18:14:24.058349 after 1.14 seconds
[0m18:14:24.058983 [debug] [MainThread]: Sending event: {'category': 'dbt', 'action': 'invocation', 'label': 'end', 'context': [<snowplow_tracker.self_describing_json.SelfDescribingJson object at 0x7fb4ddcd0550>, <snowplow_tracker.self_describing_json.SelfDescribingJson object at 0x7fb4e0a086d0>, <snowplow_tracker.self_describing_json.SelfDescribingJson object at 0x7fb4e09e9150>]}
[0m18:14:24.059466 [debug] [MainThread]: Flushing usage events
[0m18:14:24.670444 [debug] [MainThread]: An error was encountered while trying to flush usage events
[0m18:14:34.454058 [debug] [MainThread]: Sending event: {'category': 'dbt', 'action': 'invocation', 'label': 'start', 'context': [<snowplow_tracker.self_describing_json.SelfDescribingJson object at 0x7f9f33dc05e0>, <snowplow_tracker.self_describing_json.SelfDescribingJson object at 0x7f9f357551e0>, <snowplow_tracker.self_describing_json.SelfDescribingJson object at 0x7f9f35754af0>]}


============================== 18:14:34.459421 | 5730bb5f-1649-40c8-8f3a-776a862e0484 ==============================
[0m18:14:34.459421 [info ] [MainThread]: Running with dbt=1.10.13
[0m18:14:34.460183 [debug] [MainThread]: running dbt with arguments {'cache_selected_only': 'False', 'log_path': '/Users/macbook/Desktop/ENPAL/Take-Home-Assessment/REPO/dbt_enpal_assessment/logs', 'debug': 'False', 'write_json': 'True', 'empty': 'False', 'profiles_dir': '/Users/macbook/Desktop/Enpal/Take-Home-Assessment/REPO/dbt_enpal_assessment', 'log_cache_events': 'False', 'partial_parse': 'True', 'log_format': 'default', 'fail_fast': 'False', 'no_print': 'None', 'use_experimental_parser': 'False', 'version_check': 'True', 'target_path': 'None', 'printer_width': '80', 'indirect_selection': 'eager', 'use_colors': 'True', 'invocation_command': 'dbt run --select int_stage_transitions --full-refresh', 'warn_error': 'None', 'static_parser': 'True', 'warn_error_options': 'WarnErrorOptionsV2(error=[], warn=[], silence=[])', 'introspect': 'True', 'quiet': 'False', 'send_anonymous_usage_stats': 'True'}
[0m18:14:34.707182 [debug] [MainThread]: Sending event: {'category': 'dbt', 'action': 'project_id', 'label': '5730bb5f-1649-40c8-8f3a-776a862e0484', 'context': [<snowplow_tracker.self_describing_json.SelfDescribingJson object at 0x7f9f33e868f0>]}
[0m18:14:34.797757 [debug] [MainThread]: Sending event: {'category': 'dbt', 'action': 'adapter_info', 'label': '5730bb5f-1649-40c8-8f3a-776a862e0484', 'context': [<snowplow_tracker.self_describing_json.SelfDescribingJson object at 0x7f9f35993190>]}
[0m18:14:34.799813 [info ] [MainThread]: Registered adapter: postgres=1.9.1
[0m18:14:34.999778 [debug] [MainThread]: checksum: 9f0c81e2574b4ff463f3d16d080df83c6982fc0372c9feeacae0504ac9ea3ffe, vars: {}, profile: , target: , version: 1.10.13
[0m18:14:35.247530 [debug] [MainThread]: Partial parsing enabled: 0 files deleted, 0 files added, 0 files changed.
[0m18:14:35.248110 [debug] [MainThread]: Partial parsing enabled, no changes found, skipping parsing
[0m18:14:35.322198 [debug] [MainThread]: Sending event: {'category': 'dbt', 'action': 'load_project', 'label': '5730bb5f-1649-40c8-8f3a-776a862e0484', 'context': [<snowplow_tracker.self_describing_json.SelfDescribingJson object at 0x7f9f360a8130>]}
[0m18:14:35.513477 [debug] [MainThread]: Wrote artifact WritableManifest to /Users/macbook/Desktop/ENPAL/Take-Home-Assessment/REPO/dbt_enpal_assessment/target/manifest.json
[0m18:14:35.516904 [debug] [MainThread]: Wrote artifact SemanticManifest to /Users/macbook/Desktop/ENPAL/Take-Home-Assessment/REPO/dbt_enpal_assessment/target/semantic_manifest.json
[0m18:14:35.562183 [debug] [MainThread]: Sending event: {'category': 'dbt', 'action': 'resource_counts', 'label': '5730bb5f-1649-40c8-8f3a-776a862e0484', 'context': [<snowplow_tracker.self_describing_json.SelfDescribingJson object at 0x7f9f3609a200>]}
[0m18:14:35.563270 [info ] [MainThread]: Found 9 models, 19 data tests, 6 sources, 447 macros
[0m18:14:35.563967 [debug] [MainThread]: Sending event: {'category': 'dbt', 'action': 'runnable_timing', 'label': '5730bb5f-1649-40c8-8f3a-776a862e0484', 'context': [<snowplow_tracker.self_describing_json.SelfDescribingJson object at 0x7f9f360186a0>]}
[0m18:14:35.566186 [warn ] [MainThread]: Nothing to do. Try checking your model configs and model specification args
[0m18:14:35.569296 [debug] [MainThread]: Command end result
[0m18:14:35.603656 [debug] [MainThread]: Wrote artifact WritableManifest to /Users/macbook/Desktop/ENPAL/Take-Home-Assessment/REPO/dbt_enpal_assessment/target/manifest.json
[0m18:14:35.607251 [debug] [MainThread]: Wrote artifact SemanticManifest to /Users/macbook/Desktop/ENPAL/Take-Home-Assessment/REPO/dbt_enpal_assessment/target/semantic_manifest.json
[0m18:14:35.612797 [debug] [MainThread]: Wrote artifact RunExecutionResult to /Users/macbook/Desktop/ENPAL/Take-Home-Assessment/REPO/dbt_enpal_assessment/target/run_results.json
[0m18:14:35.614734 [debug] [MainThread]: Resource report: {"command_name": "run", "command_success": true, "command_wall_clock_time": 1.2491511, "process_in_blocks": "0", "process_kernel_time": 0.372409, "process_mem_max_rss": "110706688", "process_out_blocks": "0", "process_user_time": 2.550974}
[0m18:14:35.615445 [debug] [MainThread]: Command `dbt run` succeeded at 18:14:35.615313 after 1.25 seconds
[0m18:14:35.615980 [debug] [MainThread]: Sending event: {'category': 'dbt', 'action': 'invocation', 'label': 'end', 'context': [<snowplow_tracker.self_describing_json.SelfDescribingJson object at 0x7f9f33dc05e0>, <snowplow_tracker.self_describing_json.SelfDescribingJson object at 0x7f9f360a8250>, <snowplow_tracker.self_describing_json.SelfDescribingJson object at 0x7f9f3571a950>]}
[0m18:14:35.616475 [debug] [MainThread]: Flushing usage events
[0m18:14:36.097347 [debug] [MainThread]: An error was encountered while trying to flush usage events
[0m18:16:08.741618 [debug] [MainThread]: Sending event: {'category': 'dbt', 'action': 'invocation', 'label': 'start', 'context': [<snowplow_tracker.self_describing_json.SelfDescribingJson object at 0x7fca54da0580>, <snowplow_tracker.self_describing_json.SelfDescribingJson object at 0x7fca56899240>, <snowplow_tracker.self_describing_json.SelfDescribingJson object at 0x7fca56898b50>]}


============================== 18:16:08.750436 | cca643d5-faf7-4246-b167-4c322b86601b ==============================
[0m18:16:08.750436 [info ] [MainThread]: Running with dbt=1.10.13
[0m18:16:08.751843 [debug] [MainThread]: running dbt with arguments {'printer_width': '80', 'use_experimental_parser': 'False', 'partial_parse': 'True', 'no_print': 'None', 'send_anonymous_usage_stats': 'True', 'debug': 'False', 'fail_fast': 'False', 'version_check': 'True', 'use_colors': 'True', 'indirect_selection': 'eager', 'quiet': 'False', 'introspect': 'True', 'log_cache_events': 'False', 'warn_error': 'None', 'cache_selected_only': 'False', 'invocation_command': 'dbt run --select int_stage_transitions --full-refresh', 'static_parser': 'True', 'profiles_dir': '/Users/macbook/Desktop/Enpal/Take-Home-Assessment/REPO/dbt_enpal_assessment', 'log_format': 'default', 'log_path': '/Users/macbook/Desktop/ENPAL/Take-Home-Assessment/REPO/dbt_enpal_assessment/logs', 'warn_error_options': 'WarnErrorOptionsV2(error=[], warn=[], silence=[])', 'empty': 'False', 'write_json': 'True', 'target_path': 'None'}
[0m18:16:09.090308 [debug] [MainThread]: Sending event: {'category': 'dbt', 'action': 'project_id', 'label': 'cca643d5-faf7-4246-b167-4c322b86601b', 'context': [<snowplow_tracker.self_describing_json.SelfDescribingJson object at 0x7fca56a7ece0>]}
[0m18:16:09.174745 [debug] [MainThread]: Sending event: {'category': 'dbt', 'action': 'adapter_info', 'label': 'cca643d5-faf7-4246-b167-4c322b86601b', 'context': [<snowplow_tracker.self_describing_json.SelfDescribingJson object at 0x7fca56a68430>]}
[0m18:16:09.177556 [info ] [MainThread]: Registered adapter: postgres=1.9.1
[0m18:16:09.432875 [debug] [MainThread]: checksum: 9f0c81e2574b4ff463f3d16d080df83c6982fc0372c9feeacae0504ac9ea3ffe, vars: {}, profile: , target: , version: 1.10.13
[0m18:16:09.693211 [debug] [MainThread]: Partial parsing enabled: 0 files deleted, 0 files added, 1 files changed.
[0m18:16:09.694143 [debug] [MainThread]: Partial parsing: updated file: enpal_assessment_project://models/intermediate/int_stage_transitions.sql
[0m18:16:10.135140 [debug] [MainThread]: Sending event: {'category': 'dbt', 'action': 'load_project', 'label': 'cca643d5-faf7-4246-b167-4c322b86601b', 'context': [<snowplow_tracker.self_describing_json.SelfDescribingJson object at 0x7fca5718e140>]}
[0m18:16:10.266539 [debug] [MainThread]: Wrote artifact WritableManifest to /Users/macbook/Desktop/ENPAL/Take-Home-Assessment/REPO/dbt_enpal_assessment/target/manifest.json
[0m18:16:10.269648 [debug] [MainThread]: Wrote artifact SemanticManifest to /Users/macbook/Desktop/ENPAL/Take-Home-Assessment/REPO/dbt_enpal_assessment/target/semantic_manifest.json
[0m18:16:10.311078 [debug] [MainThread]: Sending event: {'category': 'dbt', 'action': 'resource_counts', 'label': 'cca643d5-faf7-4246-b167-4c322b86601b', 'context': [<snowplow_tracker.self_describing_json.SelfDescribingJson object at 0x7fca5718e020>]}
[0m18:16:10.311878 [info ] [MainThread]: Found 9 models, 19 data tests, 6 sources, 447 macros
[0m18:16:10.312431 [debug] [MainThread]: Sending event: {'category': 'dbt', 'action': 'runnable_timing', 'label': 'cca643d5-faf7-4246-b167-4c322b86601b', 'context': [<snowplow_tracker.self_describing_json.SelfDescribingJson object at 0x7fca5718c0d0>]}
[0m18:16:10.314393 [info ] [MainThread]: 
[0m18:16:10.314962 [info ] [MainThread]: Concurrency: 1 threads (target='dev')
[0m18:16:10.315436 [info ] [MainThread]: 
[0m18:16:10.316091 [debug] [MainThread]: Acquiring new postgres connection 'master'
[0m18:16:10.317080 [debug] [ThreadPool]: Acquiring new postgres connection 'list_postgres'
[0m18:16:10.406710 [debug] [ThreadPool]: Using postgres connection "list_postgres"
[0m18:16:10.407452 [debug] [ThreadPool]: On list_postgres: /* {"app": "dbt", "dbt_version": "1.10.13", "profile_name": "enpal_assessment_project", "target_name": "dev", "connection_name": "list_postgres"} */

    select distinct nspname from pg_namespace
  
[0m18:16:10.407956 [debug] [ThreadPool]: Opening a new connection, currently in state init
[0m18:16:10.497097 [debug] [ThreadPool]: SQL status: SELECT 5 in 0.089 seconds
[0m18:16:10.498775 [debug] [ThreadPool]: On list_postgres: Close
[0m18:16:10.505965 [debug] [ThreadPool]: Re-using an available connection from the pool (formerly list_postgres, now list_postgres_public_pipedrive_analytics)
[0m18:16:10.512909 [debug] [ThreadPool]: Using postgres connection "list_postgres_public_pipedrive_analytics"
[0m18:16:10.513477 [debug] [ThreadPool]: On list_postgres_public_pipedrive_analytics: BEGIN
[0m18:16:10.513869 [debug] [ThreadPool]: Opening a new connection, currently in state closed
[0m18:16:10.528872 [debug] [ThreadPool]: SQL status: BEGIN in 0.015 seconds
[0m18:16:10.529992 [debug] [ThreadPool]: Using postgres connection "list_postgres_public_pipedrive_analytics"
[0m18:16:10.531017 [debug] [ThreadPool]: On list_postgres_public_pipedrive_analytics: /* {"app": "dbt", "dbt_version": "1.10.13", "profile_name": "enpal_assessment_project", "target_name": "dev", "connection_name": "list_postgres_public_pipedrive_analytics"} */
select
      'postgres' as database,
      tablename as name,
      schemaname as schema,
      'table' as type
    from pg_tables
    where schemaname ilike 'public_pipedrive_analytics'
    union all
    select
      'postgres' as database,
      viewname as name,
      schemaname as schema,
      'view' as type
    from pg_views
    where schemaname ilike 'public_pipedrive_analytics'
    union all
    select
      'postgres' as database,
      matviewname as name,
      schemaname as schema,
      'materialized_view' as type
    from pg_matviews
    where schemaname ilike 'public_pipedrive_analytics'
  
[0m18:16:10.534934 [debug] [ThreadPool]: SQL status: SELECT 8 in 0.003 seconds
[0m18:16:10.536945 [debug] [ThreadPool]: On list_postgres_public_pipedrive_analytics: ROLLBACK
[0m18:16:10.538281 [debug] [ThreadPool]: On list_postgres_public_pipedrive_analytics: Close
[0m18:16:10.545881 [debug] [MainThread]: Using postgres connection "master"
[0m18:16:10.546412 [debug] [MainThread]: On master: BEGIN
[0m18:16:10.546795 [debug] [MainThread]: Opening a new connection, currently in state init
[0m18:16:10.563082 [debug] [MainThread]: SQL status: BEGIN in 0.016 seconds
[0m18:16:10.564638 [debug] [MainThread]: Using postgres connection "master"
[0m18:16:10.565226 [debug] [MainThread]: On master: /* {"app": "dbt", "dbt_version": "1.10.13", "profile_name": "enpal_assessment_project", "target_name": "dev", "connection_name": "master"} */
select distinct
        dependent_namespace.nspname as dependent_schema,
        dependent_class.relname as dependent_name,
        referenced_namespace.nspname as referenced_schema,
        referenced_class.relname as referenced_name

    -- Query for views: views are entries in pg_class with an entry in pg_rewrite, but we avoid
    -- a seq scan on pg_rewrite by leveraging the fact there is an "internal" row in pg_depend for
    -- the view...
    from pg_class as dependent_class
    join pg_namespace as dependent_namespace on dependent_namespace.oid = dependent_class.relnamespace
    join pg_depend as dependent_depend on dependent_depend.refobjid = dependent_class.oid
        and dependent_depend.classid = 'pg_rewrite'::regclass
        and dependent_depend.refclassid = 'pg_class'::regclass
        and dependent_depend.deptype = 'i'

    -- ... and via pg_depend (that has a row per column, hence the need for "distinct" above, and
    -- making sure to exclude the internal row to avoid a view appearing to depend on itself)...
    join pg_depend as joining_depend on joining_depend.objid = dependent_depend.objid
        and joining_depend.classid = 'pg_rewrite'::regclass
        and joining_depend.refclassid = 'pg_class'::regclass
        and joining_depend.refobjid != dependent_depend.refobjid

    -- ... we can find the tables they query from in pg_class, but excluding system tables. Note we
    -- don't need need to exclude _dependent_ system tables, because they only query from other
    -- system tables, and so are automatically excluded by excluding _referenced_ system tables
    join pg_class as referenced_class on referenced_class.oid = joining_depend.refobjid
    join pg_namespace as referenced_namespace on referenced_namespace.oid = referenced_class.relnamespace
        and referenced_namespace.nspname != 'information_schema'
        and referenced_namespace.nspname not like 'pg\_%'

    order by
        dependent_schema, dependent_name, referenced_schema, referenced_name;
[0m18:16:10.570978 [debug] [MainThread]: SQL status: SELECT 8 in 0.005 seconds
[0m18:16:10.573301 [debug] [MainThread]: Sending event: {'category': 'dbt', 'action': 'runnable_timing', 'label': 'cca643d5-faf7-4246-b167-4c322b86601b', 'context': [<snowplow_tracker.self_describing_json.SelfDescribingJson object at 0x7fca533cf040>]}
[0m18:16:10.574152 [debug] [MainThread]: On master: ROLLBACK
[0m18:16:10.575895 [debug] [MainThread]: Using postgres connection "master"
[0m18:16:10.576438 [debug] [MainThread]: On master: BEGIN
[0m18:16:10.578247 [debug] [MainThread]: SQL status: BEGIN in 0.001 seconds
[0m18:16:10.579832 [debug] [MainThread]: On master: COMMIT
[0m18:16:10.580387 [debug] [MainThread]: Using postgres connection "master"
[0m18:16:10.580784 [debug] [MainThread]: On master: COMMIT
[0m18:16:10.581921 [debug] [MainThread]: SQL status: COMMIT in 0.001 seconds
[0m18:16:10.582460 [debug] [MainThread]: On master: Close
[0m18:16:10.586813 [debug] [Thread-1 (]: Began running node model.enpal_assessment_project.int_stage_transitions
[0m18:16:10.587627 [info ] [Thread-1 (]: 1 of 1 START sql view model public_pipedrive_analytics.int_stage_transitions ... [RUN]
[0m18:16:10.588320 [debug] [Thread-1 (]: Re-using an available connection from the pool (formerly list_postgres_public_pipedrive_analytics, now model.enpal_assessment_project.int_stage_transitions)
[0m18:16:10.588844 [debug] [Thread-1 (]: Began compiling node model.enpal_assessment_project.int_stage_transitions
[0m18:16:10.598774 [debug] [Thread-1 (]: Writing injected SQL for node "model.enpal_assessment_project.int_stage_transitions"
[0m18:16:10.599736 [debug] [Thread-1 (]: Began executing node model.enpal_assessment_project.int_stage_transitions
[0m18:16:10.663133 [debug] [Thread-1 (]: Writing runtime sql for node "model.enpal_assessment_project.int_stage_transitions"
[0m18:16:10.664511 [debug] [Thread-1 (]: Using postgres connection "model.enpal_assessment_project.int_stage_transitions"
[0m18:16:10.665146 [debug] [Thread-1 (]: On model.enpal_assessment_project.int_stage_transitions: BEGIN
[0m18:16:10.665615 [debug] [Thread-1 (]: Opening a new connection, currently in state closed
[0m18:16:10.681304 [debug] [Thread-1 (]: SQL status: BEGIN in 0.015 seconds
[0m18:16:10.682699 [debug] [Thread-1 (]: Using postgres connection "model.enpal_assessment_project.int_stage_transitions"
[0m18:16:10.683342 [debug] [Thread-1 (]: On model.enpal_assessment_project.int_stage_transitions: /* {"app": "dbt", "dbt_version": "1.10.13", "profile_name": "enpal_assessment_project", "target_name": "dev", "node_id": "model.enpal_assessment_project.int_stage_transitions"} */

  create view "postgres"."public_pipedrive_analytics"."int_stage_transitions__dbt_tmp"
    
    
  as (
    

select
  dc.deal_id,
  dc.change_time::timestamp as change_time,
  dc.new_value::int as stage_id,
  s.stage_name
from "postgres"."public_pipedrive_analytics"."stg_deal_changes" dc
left join "postgres"."public_pipedrive_analytics"."stg_stages" s
  on dc.new_value::int = s.stage_id
where dc.changed_field_key = 'stage_id'
  );
[0m18:16:10.696270 [debug] [Thread-1 (]: SQL status: CREATE VIEW in 0.012 seconds
[0m18:16:10.705321 [debug] [Thread-1 (]: Using postgres connection "model.enpal_assessment_project.int_stage_transitions"
[0m18:16:10.705906 [debug] [Thread-1 (]: On model.enpal_assessment_project.int_stage_transitions: /* {"app": "dbt", "dbt_version": "1.10.13", "profile_name": "enpal_assessment_project", "target_name": "dev", "node_id": "model.enpal_assessment_project.int_stage_transitions"} */
alter table "postgres"."public_pipedrive_analytics"."int_stage_transitions__dbt_tmp" rename to "int_stage_transitions"
[0m18:16:10.707361 [debug] [Thread-1 (]: SQL status: ALTER TABLE in 0.001 seconds
[0m18:16:10.724763 [debug] [Thread-1 (]: On model.enpal_assessment_project.int_stage_transitions: COMMIT
[0m18:16:10.725445 [debug] [Thread-1 (]: Using postgres connection "model.enpal_assessment_project.int_stage_transitions"
[0m18:16:10.726068 [debug] [Thread-1 (]: On model.enpal_assessment_project.int_stage_transitions: COMMIT
[0m18:16:10.730812 [debug] [Thread-1 (]: SQL status: COMMIT in 0.004 seconds
[0m18:16:10.739702 [debug] [Thread-1 (]: Applying DROP to: "postgres"."public_pipedrive_analytics"."int_stage_transitions__dbt_backup"
[0m18:16:10.753384 [debug] [Thread-1 (]: Using postgres connection "model.enpal_assessment_project.int_stage_transitions"
[0m18:16:10.754033 [debug] [Thread-1 (]: On model.enpal_assessment_project.int_stage_transitions: /* {"app": "dbt", "dbt_version": "1.10.13", "profile_name": "enpal_assessment_project", "target_name": "dev", "node_id": "model.enpal_assessment_project.int_stage_transitions"} */
drop view if exists "postgres"."public_pipedrive_analytics"."int_stage_transitions__dbt_backup" cascade
[0m18:16:10.755517 [debug] [Thread-1 (]: SQL status: DROP VIEW in 0.001 seconds
[0m18:16:10.758542 [debug] [Thread-1 (]: On model.enpal_assessment_project.int_stage_transitions: Close
[0m18:16:10.761456 [debug] [Thread-1 (]: Sending event: {'category': 'dbt', 'action': 'run_model', 'label': 'cca643d5-faf7-4246-b167-4c322b86601b', 'context': [<snowplow_tracker.self_describing_json.SelfDescribingJson object at 0x7fca576dabf0>]}
[0m18:16:10.762412 [info ] [Thread-1 (]: 1 of 1 OK created sql view model public_pipedrive_analytics.int_stage_transitions  [[32mCREATE VIEW[0m in 0.17s]
[0m18:16:10.763265 [debug] [Thread-1 (]: Finished running node model.enpal_assessment_project.int_stage_transitions
[0m18:16:10.764686 [debug] [MainThread]: Using postgres connection "master"
[0m18:16:10.765144 [debug] [MainThread]: On master: BEGIN
[0m18:16:10.765533 [debug] [MainThread]: Opening a new connection, currently in state closed
[0m18:16:10.780332 [debug] [MainThread]: SQL status: BEGIN in 0.015 seconds
[0m18:16:10.781845 [debug] [MainThread]: On master: COMMIT
[0m18:16:10.782528 [debug] [MainThread]: Using postgres connection "master"
[0m18:16:10.782927 [debug] [MainThread]: On master: COMMIT
[0m18:16:10.784108 [debug] [MainThread]: SQL status: COMMIT in 0.001 seconds
[0m18:16:10.784698 [debug] [MainThread]: On master: Close
[0m18:16:10.785425 [debug] [MainThread]: Connection 'master' was properly closed.
[0m18:16:10.785895 [debug] [MainThread]: Connection 'model.enpal_assessment_project.int_stage_transitions' was properly closed.
[0m18:16:10.786333 [info ] [MainThread]: 
[0m18:16:10.786964 [info ] [MainThread]: Finished running 1 view model in 0 hours 0 minutes and 0.47 seconds (0.47s).
[0m18:16:10.788226 [debug] [MainThread]: Command end result
[0m18:16:10.823168 [debug] [MainThread]: Wrote artifact WritableManifest to /Users/macbook/Desktop/ENPAL/Take-Home-Assessment/REPO/dbt_enpal_assessment/target/manifest.json
[0m18:16:10.825548 [debug] [MainThread]: Wrote artifact SemanticManifest to /Users/macbook/Desktop/ENPAL/Take-Home-Assessment/REPO/dbt_enpal_assessment/target/semantic_manifest.json
[0m18:16:10.833587 [debug] [MainThread]: Wrote artifact RunExecutionResult to /Users/macbook/Desktop/ENPAL/Take-Home-Assessment/REPO/dbt_enpal_assessment/target/run_results.json
[0m18:16:10.834232 [info ] [MainThread]: 
[0m18:16:10.835117 [info ] [MainThread]: [32mCompleted successfully[0m
[0m18:16:10.836333 [info ] [MainThread]: 
[0m18:16:10.838514 [info ] [MainThread]: Done. PASS=1 WARN=0 ERROR=0 SKIP=0 NO-OP=0 TOTAL=1
[0m18:16:10.842182 [debug] [MainThread]: Resource report: {"command_name": "run", "command_success": true, "command_wall_clock_time": 2.2000055, "process_in_blocks": "0", "process_kernel_time": 0.769758, "process_mem_max_rss": "123117568", "process_out_blocks": "0", "process_user_time": 3.512343}
[0m18:16:10.843586 [debug] [MainThread]: Command `dbt run` succeeded at 18:16:10.843207 after 2.20 seconds
[0m18:16:10.845542 [debug] [MainThread]: Sending event: {'category': 'dbt', 'action': 'invocation', 'label': 'end', 'context': [<snowplow_tracker.self_describing_json.SelfDescribingJson object at 0x7fca54da0580>, <snowplow_tracker.self_describing_json.SelfDescribingJson object at 0x7fca56a68430>, <snowplow_tracker.self_describing_json.SelfDescribingJson object at 0x7fca570a0f10>]}
[0m18:16:10.846397 [debug] [MainThread]: Flushing usage events
[0m18:16:11.577440 [debug] [MainThread]: An error was encountered while trying to flush usage events
[0m18:17:40.104903 [debug] [MainThread]: Sending event: {'category': 'dbt', 'action': 'invocation', 'label': 'start', 'context': [<snowplow_tracker.self_describing_json.SelfDescribingJson object at 0x7fb545da4520>, <snowplow_tracker.self_describing_json.SelfDescribingJson object at 0x7fb54788d240>, <snowplow_tracker.self_describing_json.SelfDescribingJson object at 0x7fb54788cb50>]}


============================== 18:17:40.113513 | 61e2c447-2c21-4603-9edd-897b6f44b32d ==============================
[0m18:17:40.113513 [info ] [MainThread]: Running with dbt=1.10.13
[0m18:17:40.115268 [debug] [MainThread]: running dbt with arguments {'write_json': 'True', 'use_colors': 'True', 'quiet': 'False', 'printer_width': '80', 'warn_error': 'None', 'cache_selected_only': 'False', 'invocation_command': 'dbt docs generate', 'indirect_selection': 'eager', 'use_experimental_parser': 'False', 'target_path': 'None', 'warn_error_options': 'WarnErrorOptionsV2(error=[], warn=[], silence=[])', 'static_parser': 'True', 'log_format': 'default', 'version_check': 'True', 'debug': 'False', 'empty': 'None', 'fail_fast': 'False', 'introspect': 'True', 'log_cache_events': 'False', 'send_anonymous_usage_stats': 'True', 'no_print': 'None', 'partial_parse': 'True', 'log_path': '/Users/macbook/Desktop/ENPAL/Take-Home-Assessment/REPO/dbt_enpal_assessment/logs', 'profiles_dir': '/Users/macbook/Desktop/Enpal/Take-Home-Assessment/REPO/dbt_enpal_assessment'}
[0m18:17:40.669194 [debug] [MainThread]: Sending event: {'category': 'dbt', 'action': 'project_id', 'label': '61e2c447-2c21-4603-9edd-897b6f44b32d', 'context': [<snowplow_tracker.self_describing_json.SelfDescribingJson object at 0x7fb547978a60>]}
[0m18:17:40.752300 [debug] [MainThread]: Sending event: {'category': 'dbt', 'action': 'adapter_info', 'label': '61e2c447-2c21-4603-9edd-897b6f44b32d', 'context': [<snowplow_tracker.self_describing_json.SelfDescribingJson object at 0x7fb547967f40>]}
[0m18:17:40.755004 [info ] [MainThread]: Registered adapter: postgres=1.9.1
[0m18:17:41.019104 [debug] [MainThread]: checksum: 9f0c81e2574b4ff463f3d16d080df83c6982fc0372c9feeacae0504ac9ea3ffe, vars: {}, profile: , target: , version: 1.10.13
[0m18:17:41.325120 [debug] [MainThread]: Partial parsing enabled: 0 files deleted, 0 files added, 1 files changed.
[0m18:17:41.326130 [debug] [MainThread]: Partial parsing: updated file: enpal_assessment_project://models/intermediate/intermediate.yml
[0m18:17:41.628701 [debug] [MainThread]: Sending event: {'category': 'dbt', 'action': 'load_project', 'label': '61e2c447-2c21-4603-9edd-897b6f44b32d', 'context': [<snowplow_tracker.self_describing_json.SelfDescribingJson object at 0x7fb547fcdb10>]}
[0m18:17:41.678369 [debug] [MainThread]: Sending event: {'category': 'dbt', 'action': 'resource_counts', 'label': '61e2c447-2c21-4603-9edd-897b6f44b32d', 'context': [<snowplow_tracker.self_describing_json.SelfDescribingJson object at 0x7fb547fcc460>]}
[0m18:17:41.679393 [info ] [MainThread]: Found 9 models, 19 data tests, 6 sources, 447 macros
[0m18:17:41.680028 [debug] [MainThread]: Sending event: {'category': 'dbt', 'action': 'runnable_timing', 'label': '61e2c447-2c21-4603-9edd-897b6f44b32d', 'context': [<snowplow_tracker.self_describing_json.SelfDescribingJson object at 0x7fb547fcc3d0>]}
[0m18:17:41.683501 [info ] [MainThread]: 
[0m18:17:41.684330 [info ] [MainThread]: Concurrency: 1 threads (target='dev')
[0m18:17:41.684906 [info ] [MainThread]: 
[0m18:17:41.685671 [debug] [MainThread]: Acquiring new postgres connection 'master'
[0m18:17:41.692260 [debug] [ThreadPool]: Acquiring new postgres connection 'list_postgres_public_pipedrive_analytics'
[0m18:17:41.864991 [debug] [ThreadPool]: Using postgres connection "list_postgres_public_pipedrive_analytics"
[0m18:17:41.865630 [debug] [ThreadPool]: On list_postgres_public_pipedrive_analytics: BEGIN
[0m18:17:41.866017 [debug] [ThreadPool]: Opening a new connection, currently in state init
[0m18:17:41.957990 [debug] [ThreadPool]: SQL status: BEGIN in 0.092 seconds
[0m18:17:41.959190 [debug] [ThreadPool]: Using postgres connection "list_postgres_public_pipedrive_analytics"
[0m18:17:41.960256 [debug] [ThreadPool]: On list_postgres_public_pipedrive_analytics: /* {"app": "dbt", "dbt_version": "1.10.13", "profile_name": "enpal_assessment_project", "target_name": "dev", "connection_name": "list_postgres_public_pipedrive_analytics"} */
select
      'postgres' as database,
      tablename as name,
      schemaname as schema,
      'table' as type
    from pg_tables
    where schemaname ilike 'public_pipedrive_analytics'
    union all
    select
      'postgres' as database,
      viewname as name,
      schemaname as schema,
      'view' as type
    from pg_views
    where schemaname ilike 'public_pipedrive_analytics'
    union all
    select
      'postgres' as database,
      matviewname as name,
      schemaname as schema,
      'materialized_view' as type
    from pg_matviews
    where schemaname ilike 'public_pipedrive_analytics'
  
[0m18:17:41.964458 [debug] [ThreadPool]: SQL status: SELECT 9 in 0.004 seconds
[0m18:17:41.966329 [debug] [ThreadPool]: On list_postgres_public_pipedrive_analytics: ROLLBACK
[0m18:17:41.967587 [debug] [ThreadPool]: On list_postgres_public_pipedrive_analytics: Close
[0m18:17:41.975558 [debug] [MainThread]: Using postgres connection "master"
[0m18:17:41.976163 [debug] [MainThread]: On master: BEGIN
[0m18:17:41.976900 [debug] [MainThread]: Opening a new connection, currently in state init
[0m18:17:41.997031 [debug] [MainThread]: SQL status: BEGIN in 0.020 seconds
[0m18:17:41.997988 [debug] [MainThread]: Using postgres connection "master"
[0m18:17:41.999576 [debug] [MainThread]: On master: /* {"app": "dbt", "dbt_version": "1.10.13", "profile_name": "enpal_assessment_project", "target_name": "dev", "connection_name": "master"} */
select distinct
        dependent_namespace.nspname as dependent_schema,
        dependent_class.relname as dependent_name,
        referenced_namespace.nspname as referenced_schema,
        referenced_class.relname as referenced_name

    -- Query for views: views are entries in pg_class with an entry in pg_rewrite, but we avoid
    -- a seq scan on pg_rewrite by leveraging the fact there is an "internal" row in pg_depend for
    -- the view...
    from pg_class as dependent_class
    join pg_namespace as dependent_namespace on dependent_namespace.oid = dependent_class.relnamespace
    join pg_depend as dependent_depend on dependent_depend.refobjid = dependent_class.oid
        and dependent_depend.classid = 'pg_rewrite'::regclass
        and dependent_depend.refclassid = 'pg_class'::regclass
        and dependent_depend.deptype = 'i'

    -- ... and via pg_depend (that has a row per column, hence the need for "distinct" above, and
    -- making sure to exclude the internal row to avoid a view appearing to depend on itself)...
    join pg_depend as joining_depend on joining_depend.objid = dependent_depend.objid
        and joining_depend.classid = 'pg_rewrite'::regclass
        and joining_depend.refclassid = 'pg_class'::regclass
        and joining_depend.refobjid != dependent_depend.refobjid

    -- ... we can find the tables they query from in pg_class, but excluding system tables. Note we
    -- don't need need to exclude _dependent_ system tables, because they only query from other
    -- system tables, and so are automatically excluded by excluding _referenced_ system tables
    join pg_class as referenced_class on referenced_class.oid = joining_depend.refobjid
    join pg_namespace as referenced_namespace on referenced_namespace.oid = referenced_class.relnamespace
        and referenced_namespace.nspname != 'information_schema'
        and referenced_namespace.nspname not like 'pg\_%'

    order by
        dependent_schema, dependent_name, referenced_schema, referenced_name;
[0m18:17:42.011748 [debug] [MainThread]: SQL status: SELECT 10 in 0.011 seconds
[0m18:17:42.014810 [debug] [MainThread]: Sending event: {'category': 'dbt', 'action': 'runnable_timing', 'label': '61e2c447-2c21-4603-9edd-897b6f44b32d', 'context': [<snowplow_tracker.self_describing_json.SelfDescribingJson object at 0x7fb54437ba30>]}
[0m18:17:42.015572 [debug] [MainThread]: On master: ROLLBACK
[0m18:17:42.016888 [debug] [MainThread]: On master: Close
[0m18:17:42.022221 [debug] [Thread-1 (]: Began running node model.enpal_assessment_project.rep_sales_funnel_monthly
[0m18:17:42.023021 [debug] [Thread-1 (]: Re-using an available connection from the pool (formerly list_postgres_public_pipedrive_analytics, now model.enpal_assessment_project.rep_sales_funnel_monthly)
[0m18:17:42.023682 [debug] [Thread-1 (]: Began compiling node model.enpal_assessment_project.rep_sales_funnel_monthly
[0m18:17:42.033649 [debug] [Thread-1 (]: Writing injected SQL for node "model.enpal_assessment_project.rep_sales_funnel_monthly"
[0m18:17:42.034269 [debug] [Thread-1 (]: Began executing node model.enpal_assessment_project.rep_sales_funnel_monthly
[0m18:17:42.035256 [debug] [Thread-1 (]: Finished running node model.enpal_assessment_project.rep_sales_funnel_monthly
[0m18:17:42.035783 [debug] [Thread-1 (]: Began running node model.enpal_assessment_project.stg_activity
[0m18:17:42.036372 [debug] [Thread-1 (]: Re-using an available connection from the pool (formerly model.enpal_assessment_project.rep_sales_funnel_monthly, now model.enpal_assessment_project.stg_activity)
[0m18:17:42.036956 [debug] [Thread-1 (]: Began compiling node model.enpal_assessment_project.stg_activity
[0m18:17:42.042581 [debug] [Thread-1 (]: Writing injected SQL for node "model.enpal_assessment_project.stg_activity"
[0m18:17:42.044634 [debug] [Thread-1 (]: Began executing node model.enpal_assessment_project.stg_activity
[0m18:17:42.045785 [debug] [Thread-1 (]: Finished running node model.enpal_assessment_project.stg_activity
[0m18:17:42.046385 [debug] [Thread-1 (]: Began running node model.enpal_assessment_project.stg_activity_types
[0m18:17:42.047288 [debug] [Thread-1 (]: Re-using an available connection from the pool (formerly model.enpal_assessment_project.stg_activity, now model.enpal_assessment_project.stg_activity_types)
[0m18:17:42.047928 [debug] [Thread-1 (]: Began compiling node model.enpal_assessment_project.stg_activity_types
[0m18:17:42.052148 [debug] [Thread-1 (]: Writing injected SQL for node "model.enpal_assessment_project.stg_activity_types"
[0m18:17:42.053355 [debug] [Thread-1 (]: Began executing node model.enpal_assessment_project.stg_activity_types
[0m18:17:42.054740 [debug] [Thread-1 (]: Finished running node model.enpal_assessment_project.stg_activity_types
[0m18:17:42.055489 [debug] [Thread-1 (]: Began running node model.enpal_assessment_project.stg_deal_changes
[0m18:17:42.056296 [debug] [Thread-1 (]: Re-using an available connection from the pool (formerly model.enpal_assessment_project.stg_activity_types, now model.enpal_assessment_project.stg_deal_changes)
[0m18:17:42.056814 [debug] [Thread-1 (]: Began compiling node model.enpal_assessment_project.stg_deal_changes
[0m18:17:42.060806 [debug] [Thread-1 (]: Writing injected SQL for node "model.enpal_assessment_project.stg_deal_changes"
[0m18:17:42.063479 [debug] [Thread-1 (]: Began executing node model.enpal_assessment_project.stg_deal_changes
[0m18:17:42.064939 [debug] [Thread-1 (]: Finished running node model.enpal_assessment_project.stg_deal_changes
[0m18:17:42.065707 [debug] [Thread-1 (]: Began running node model.enpal_assessment_project.stg_fields
[0m18:17:42.066603 [debug] [Thread-1 (]: Re-using an available connection from the pool (formerly model.enpal_assessment_project.stg_deal_changes, now model.enpal_assessment_project.stg_fields)
[0m18:17:42.067235 [debug] [Thread-1 (]: Began compiling node model.enpal_assessment_project.stg_fields
[0m18:17:42.072491 [debug] [Thread-1 (]: Writing injected SQL for node "model.enpal_assessment_project.stg_fields"
[0m18:17:42.074780 [debug] [Thread-1 (]: Began executing node model.enpal_assessment_project.stg_fields
[0m18:17:42.076217 [debug] [Thread-1 (]: Finished running node model.enpal_assessment_project.stg_fields
[0m18:17:42.076862 [debug] [Thread-1 (]: Began running node model.enpal_assessment_project.stg_stages
[0m18:17:42.077451 [debug] [Thread-1 (]: Re-using an available connection from the pool (formerly model.enpal_assessment_project.stg_fields, now model.enpal_assessment_project.stg_stages)
[0m18:17:42.077988 [debug] [Thread-1 (]: Began compiling node model.enpal_assessment_project.stg_stages
[0m18:17:42.081977 [debug] [Thread-1 (]: Writing injected SQL for node "model.enpal_assessment_project.stg_stages"
[0m18:17:42.084344 [debug] [Thread-1 (]: Began executing node model.enpal_assessment_project.stg_stages
[0m18:17:42.087329 [debug] [Thread-1 (]: Finished running node model.enpal_assessment_project.stg_stages
[0m18:17:42.088336 [debug] [Thread-1 (]: Began running node model.enpal_assessment_project.stg_users
[0m18:17:42.089437 [debug] [Thread-1 (]: Re-using an available connection from the pool (formerly model.enpal_assessment_project.stg_stages, now model.enpal_assessment_project.stg_users)
[0m18:17:42.090120 [debug] [Thread-1 (]: Began compiling node model.enpal_assessment_project.stg_users
[0m18:17:42.094516 [debug] [Thread-1 (]: Writing injected SQL for node "model.enpal_assessment_project.stg_users"
[0m18:17:42.096469 [debug] [Thread-1 (]: Began executing node model.enpal_assessment_project.stg_users
[0m18:17:42.098034 [debug] [Thread-1 (]: Finished running node model.enpal_assessment_project.stg_users
[0m18:17:42.098686 [debug] [Thread-1 (]: Began running node test.enpal_assessment_project.not_null_stg_activity_activity_id.a68836e3e5
[0m18:17:42.099498 [debug] [Thread-1 (]: Re-using an available connection from the pool (formerly model.enpal_assessment_project.stg_users, now test.enpal_assessment_project.not_null_stg_activity_activity_id.a68836e3e5)
[0m18:17:42.100097 [debug] [Thread-1 (]: Began compiling node test.enpal_assessment_project.not_null_stg_activity_activity_id.a68836e3e5
[0m18:17:42.120219 [debug] [Thread-1 (]: Writing injected SQL for node "test.enpal_assessment_project.not_null_stg_activity_activity_id.a68836e3e5"
[0m18:17:42.122766 [debug] [Thread-1 (]: Began executing node test.enpal_assessment_project.not_null_stg_activity_activity_id.a68836e3e5
[0m18:17:42.124049 [debug] [Thread-1 (]: Finished running node test.enpal_assessment_project.not_null_stg_activity_activity_id.a68836e3e5
[0m18:17:42.125011 [debug] [Thread-1 (]: Began running node test.enpal_assessment_project.not_null_stg_activity_add_time.67d7f7721c
[0m18:17:42.126084 [debug] [Thread-1 (]: Re-using an available connection from the pool (formerly test.enpal_assessment_project.not_null_stg_activity_activity_id.a68836e3e5, now test.enpal_assessment_project.not_null_stg_activity_add_time.67d7f7721c)
[0m18:17:42.126851 [debug] [Thread-1 (]: Began compiling node test.enpal_assessment_project.not_null_stg_activity_add_time.67d7f7721c
[0m18:17:42.133310 [debug] [Thread-1 (]: Writing injected SQL for node "test.enpal_assessment_project.not_null_stg_activity_add_time.67d7f7721c"
[0m18:17:42.136777 [debug] [Thread-1 (]: Began executing node test.enpal_assessment_project.not_null_stg_activity_add_time.67d7f7721c
[0m18:17:42.137780 [debug] [Thread-1 (]: Finished running node test.enpal_assessment_project.not_null_stg_activity_add_time.67d7f7721c
[0m18:17:42.138291 [debug] [Thread-1 (]: Began running node test.enpal_assessment_project.not_null_stg_activity_deal_id.f78c16f252
[0m18:17:42.138884 [debug] [Thread-1 (]: Re-using an available connection from the pool (formerly test.enpal_assessment_project.not_null_stg_activity_add_time.67d7f7721c, now test.enpal_assessment_project.not_null_stg_activity_deal_id.f78c16f252)
[0m18:17:42.139373 [debug] [Thread-1 (]: Began compiling node test.enpal_assessment_project.not_null_stg_activity_deal_id.f78c16f252
[0m18:17:42.144899 [debug] [Thread-1 (]: Writing injected SQL for node "test.enpal_assessment_project.not_null_stg_activity_deal_id.f78c16f252"
[0m18:17:42.146328 [debug] [Thread-1 (]: Began executing node test.enpal_assessment_project.not_null_stg_activity_deal_id.f78c16f252
[0m18:17:42.147237 [debug] [Thread-1 (]: Finished running node test.enpal_assessment_project.not_null_stg_activity_deal_id.f78c16f252
[0m18:17:42.148030 [debug] [Thread-1 (]: Began running node test.enpal_assessment_project.unique_stg_activity_activity_id.6483ff34a9
[0m18:17:42.150164 [debug] [Thread-1 (]: Re-using an available connection from the pool (formerly test.enpal_assessment_project.not_null_stg_activity_deal_id.f78c16f252, now test.enpal_assessment_project.unique_stg_activity_activity_id.6483ff34a9)
[0m18:17:42.151366 [debug] [Thread-1 (]: Began compiling node test.enpal_assessment_project.unique_stg_activity_activity_id.6483ff34a9
[0m18:17:42.161459 [debug] [Thread-1 (]: Writing injected SQL for node "test.enpal_assessment_project.unique_stg_activity_activity_id.6483ff34a9"
[0m18:17:42.163555 [debug] [Thread-1 (]: Began executing node test.enpal_assessment_project.unique_stg_activity_activity_id.6483ff34a9
[0m18:17:42.166908 [debug] [Thread-1 (]: Finished running node test.enpal_assessment_project.unique_stg_activity_activity_id.6483ff34a9
[0m18:17:42.167874 [debug] [Thread-1 (]: Began running node model.enpal_assessment_project.int_activity_events
[0m18:17:42.168848 [debug] [Thread-1 (]: Re-using an available connection from the pool (formerly test.enpal_assessment_project.unique_stg_activity_activity_id.6483ff34a9, now model.enpal_assessment_project.int_activity_events)
[0m18:17:42.169380 [debug] [Thread-1 (]: Began compiling node model.enpal_assessment_project.int_activity_events
[0m18:17:42.174197 [debug] [Thread-1 (]: Writing injected SQL for node "model.enpal_assessment_project.int_activity_events"
[0m18:17:42.175964 [debug] [Thread-1 (]: Began executing node model.enpal_assessment_project.int_activity_events
[0m18:17:42.176960 [debug] [Thread-1 (]: Finished running node model.enpal_assessment_project.int_activity_events
[0m18:17:42.177483 [debug] [Thread-1 (]: Began running node test.enpal_assessment_project.not_null_stg_activity_types_activity_type_id.10b3776169
[0m18:17:42.178074 [debug] [Thread-1 (]: Re-using an available connection from the pool (formerly model.enpal_assessment_project.int_activity_events, now test.enpal_assessment_project.not_null_stg_activity_types_activity_type_id.10b3776169)
[0m18:17:42.178581 [debug] [Thread-1 (]: Began compiling node test.enpal_assessment_project.not_null_stg_activity_types_activity_type_id.10b3776169
[0m18:17:42.185421 [debug] [Thread-1 (]: Writing injected SQL for node "test.enpal_assessment_project.not_null_stg_activity_types_activity_type_id.10b3776169"
[0m18:17:42.187803 [debug] [Thread-1 (]: Began executing node test.enpal_assessment_project.not_null_stg_activity_types_activity_type_id.10b3776169
[0m18:17:42.189934 [debug] [Thread-1 (]: Finished running node test.enpal_assessment_project.not_null_stg_activity_types_activity_type_id.10b3776169
[0m18:17:42.190592 [debug] [Thread-1 (]: Began running node test.enpal_assessment_project.not_null_stg_activity_types_activity_type_name.1c8fca70c5
[0m18:17:42.191377 [debug] [Thread-1 (]: Re-using an available connection from the pool (formerly test.enpal_assessment_project.not_null_stg_activity_types_activity_type_id.10b3776169, now test.enpal_assessment_project.not_null_stg_activity_types_activity_type_name.1c8fca70c5)
[0m18:17:42.191867 [debug] [Thread-1 (]: Began compiling node test.enpal_assessment_project.not_null_stg_activity_types_activity_type_name.1c8fca70c5
[0m18:17:42.196830 [debug] [Thread-1 (]: Writing injected SQL for node "test.enpal_assessment_project.not_null_stg_activity_types_activity_type_name.1c8fca70c5"
[0m18:17:42.201585 [debug] [Thread-1 (]: Began executing node test.enpal_assessment_project.not_null_stg_activity_types_activity_type_name.1c8fca70c5
[0m18:17:42.203632 [debug] [Thread-1 (]: Finished running node test.enpal_assessment_project.not_null_stg_activity_types_activity_type_name.1c8fca70c5
[0m18:17:42.205162 [debug] [Thread-1 (]: Began running node test.enpal_assessment_project.unique_stg_activity_types_activity_type_id.065efcc0bd
[0m18:17:42.206047 [debug] [Thread-1 (]: Re-using an available connection from the pool (formerly test.enpal_assessment_project.not_null_stg_activity_types_activity_type_name.1c8fca70c5, now test.enpal_assessment_project.unique_stg_activity_types_activity_type_id.065efcc0bd)
[0m18:17:42.206570 [debug] [Thread-1 (]: Began compiling node test.enpal_assessment_project.unique_stg_activity_types_activity_type_id.065efcc0bd
[0m18:17:42.211364 [debug] [Thread-1 (]: Writing injected SQL for node "test.enpal_assessment_project.unique_stg_activity_types_activity_type_id.065efcc0bd"
[0m18:17:42.213153 [debug] [Thread-1 (]: Began executing node test.enpal_assessment_project.unique_stg_activity_types_activity_type_id.065efcc0bd
[0m18:17:42.214522 [debug] [Thread-1 (]: Finished running node test.enpal_assessment_project.unique_stg_activity_types_activity_type_id.065efcc0bd
[0m18:17:42.215132 [debug] [Thread-1 (]: Began running node test.enpal_assessment_project.not_null_stg_deal_changes_change_time.d739b89f9d
[0m18:17:42.215745 [debug] [Thread-1 (]: Re-using an available connection from the pool (formerly test.enpal_assessment_project.unique_stg_activity_types_activity_type_id.065efcc0bd, now test.enpal_assessment_project.not_null_stg_deal_changes_change_time.d739b89f9d)
[0m18:17:42.216231 [debug] [Thread-1 (]: Began compiling node test.enpal_assessment_project.not_null_stg_deal_changes_change_time.d739b89f9d
[0m18:17:42.222209 [debug] [Thread-1 (]: Writing injected SQL for node "test.enpal_assessment_project.not_null_stg_deal_changes_change_time.d739b89f9d"
[0m18:17:42.223924 [debug] [Thread-1 (]: Began executing node test.enpal_assessment_project.not_null_stg_deal_changes_change_time.d739b89f9d
[0m18:17:42.225181 [debug] [Thread-1 (]: Finished running node test.enpal_assessment_project.not_null_stg_deal_changes_change_time.d739b89f9d
[0m18:17:42.225796 [debug] [Thread-1 (]: Began running node test.enpal_assessment_project.not_null_stg_deal_changes_changed_field_key.bd8a8a5b1f
[0m18:17:42.226455 [debug] [Thread-1 (]: Re-using an available connection from the pool (formerly test.enpal_assessment_project.not_null_stg_deal_changes_change_time.d739b89f9d, now test.enpal_assessment_project.not_null_stg_deal_changes_changed_field_key.bd8a8a5b1f)
[0m18:17:42.227122 [debug] [Thread-1 (]: Began compiling node test.enpal_assessment_project.not_null_stg_deal_changes_changed_field_key.bd8a8a5b1f
[0m18:17:42.232785 [debug] [Thread-1 (]: Writing injected SQL for node "test.enpal_assessment_project.not_null_stg_deal_changes_changed_field_key.bd8a8a5b1f"
[0m18:17:42.234438 [debug] [Thread-1 (]: Began executing node test.enpal_assessment_project.not_null_stg_deal_changes_changed_field_key.bd8a8a5b1f
[0m18:17:42.235889 [debug] [Thread-1 (]: Finished running node test.enpal_assessment_project.not_null_stg_deal_changes_changed_field_key.bd8a8a5b1f
[0m18:17:42.237111 [debug] [Thread-1 (]: Began running node test.enpal_assessment_project.not_null_stg_deal_changes_deal_id.32d7e9b75e
[0m18:17:42.237951 [debug] [Thread-1 (]: Re-using an available connection from the pool (formerly test.enpal_assessment_project.not_null_stg_deal_changes_changed_field_key.bd8a8a5b1f, now test.enpal_assessment_project.not_null_stg_deal_changes_deal_id.32d7e9b75e)
[0m18:17:42.238452 [debug] [Thread-1 (]: Began compiling node test.enpal_assessment_project.not_null_stg_deal_changes_deal_id.32d7e9b75e
[0m18:17:42.245139 [debug] [Thread-1 (]: Writing injected SQL for node "test.enpal_assessment_project.not_null_stg_deal_changes_deal_id.32d7e9b75e"
[0m18:17:42.246618 [debug] [Thread-1 (]: Began executing node test.enpal_assessment_project.not_null_stg_deal_changes_deal_id.32d7e9b75e
[0m18:17:42.247654 [debug] [Thread-1 (]: Finished running node test.enpal_assessment_project.not_null_stg_deal_changes_deal_id.32d7e9b75e
[0m18:17:42.248489 [debug] [Thread-1 (]: Began running node test.enpal_assessment_project.not_null_stg_fields_field_key.f981d3affe
[0m18:17:42.249163 [debug] [Thread-1 (]: Re-using an available connection from the pool (formerly test.enpal_assessment_project.not_null_stg_deal_changes_deal_id.32d7e9b75e, now test.enpal_assessment_project.not_null_stg_fields_field_key.f981d3affe)
[0m18:17:42.249679 [debug] [Thread-1 (]: Began compiling node test.enpal_assessment_project.not_null_stg_fields_field_key.f981d3affe
[0m18:17:42.255172 [debug] [Thread-1 (]: Writing injected SQL for node "test.enpal_assessment_project.not_null_stg_fields_field_key.f981d3affe"
[0m18:17:42.256063 [debug] [Thread-1 (]: Began executing node test.enpal_assessment_project.not_null_stg_fields_field_key.f981d3affe
[0m18:17:42.256926 [debug] [Thread-1 (]: Finished running node test.enpal_assessment_project.not_null_stg_fields_field_key.f981d3affe
[0m18:17:42.257527 [debug] [Thread-1 (]: Began running node test.enpal_assessment_project.not_null_stg_fields_field_name.0230fcaacd
[0m18:17:42.258163 [debug] [Thread-1 (]: Re-using an available connection from the pool (formerly test.enpal_assessment_project.not_null_stg_fields_field_key.f981d3affe, now test.enpal_assessment_project.not_null_stg_fields_field_name.0230fcaacd)
[0m18:17:42.258840 [debug] [Thread-1 (]: Began compiling node test.enpal_assessment_project.not_null_stg_fields_field_name.0230fcaacd
[0m18:17:42.288572 [debug] [Thread-1 (]: Writing injected SQL for node "test.enpal_assessment_project.not_null_stg_fields_field_name.0230fcaacd"
[0m18:17:42.292243 [debug] [Thread-1 (]: Began executing node test.enpal_assessment_project.not_null_stg_fields_field_name.0230fcaacd
[0m18:17:42.293752 [debug] [Thread-1 (]: Finished running node test.enpal_assessment_project.not_null_stg_fields_field_name.0230fcaacd
[0m18:17:42.294733 [debug] [Thread-1 (]: Began running node test.enpal_assessment_project.unique_stg_fields_field_key.ea1d2437a4
[0m18:17:42.296531 [debug] [Thread-1 (]: Re-using an available connection from the pool (formerly test.enpal_assessment_project.not_null_stg_fields_field_name.0230fcaacd, now test.enpal_assessment_project.unique_stg_fields_field_key.ea1d2437a4)
[0m18:17:42.297369 [debug] [Thread-1 (]: Began compiling node test.enpal_assessment_project.unique_stg_fields_field_key.ea1d2437a4
[0m18:17:42.307408 [debug] [Thread-1 (]: Writing injected SQL for node "test.enpal_assessment_project.unique_stg_fields_field_key.ea1d2437a4"
[0m18:17:42.308880 [debug] [Thread-1 (]: Began executing node test.enpal_assessment_project.unique_stg_fields_field_key.ea1d2437a4
[0m18:17:42.309987 [debug] [Thread-1 (]: Finished running node test.enpal_assessment_project.unique_stg_fields_field_key.ea1d2437a4
[0m18:17:42.310666 [debug] [Thread-1 (]: Began running node model.enpal_assessment_project.int_stage_transitions
[0m18:17:42.311424 [debug] [Thread-1 (]: Re-using an available connection from the pool (formerly test.enpal_assessment_project.unique_stg_fields_field_key.ea1d2437a4, now model.enpal_assessment_project.int_stage_transitions)
[0m18:17:42.312075 [debug] [Thread-1 (]: Began compiling node model.enpal_assessment_project.int_stage_transitions
[0m18:17:42.321354 [debug] [Thread-1 (]: Writing injected SQL for node "model.enpal_assessment_project.int_stage_transitions"
[0m18:17:42.322796 [debug] [Thread-1 (]: Began executing node model.enpal_assessment_project.int_stage_transitions
[0m18:17:42.324435 [debug] [Thread-1 (]: Finished running node model.enpal_assessment_project.int_stage_transitions
[0m18:17:42.325496 [debug] [Thread-1 (]: Began running node test.enpal_assessment_project.not_null_stg_stages_stage_id.6a7c0c8378
[0m18:17:42.326196 [debug] [Thread-1 (]: Re-using an available connection from the pool (formerly model.enpal_assessment_project.int_stage_transitions, now test.enpal_assessment_project.not_null_stg_stages_stage_id.6a7c0c8378)
[0m18:17:42.326813 [debug] [Thread-1 (]: Began compiling node test.enpal_assessment_project.not_null_stg_stages_stage_id.6a7c0c8378
[0m18:17:42.336489 [debug] [Thread-1 (]: Writing injected SQL for node "test.enpal_assessment_project.not_null_stg_stages_stage_id.6a7c0c8378"
[0m18:17:42.338637 [debug] [Thread-1 (]: Began executing node test.enpal_assessment_project.not_null_stg_stages_stage_id.6a7c0c8378
[0m18:17:42.339955 [debug] [Thread-1 (]: Finished running node test.enpal_assessment_project.not_null_stg_stages_stage_id.6a7c0c8378
[0m18:17:42.341045 [debug] [Thread-1 (]: Began running node test.enpal_assessment_project.not_null_stg_stages_stage_name.d8c326ee25
[0m18:17:42.341857 [debug] [Thread-1 (]: Re-using an available connection from the pool (formerly test.enpal_assessment_project.not_null_stg_stages_stage_id.6a7c0c8378, now test.enpal_assessment_project.not_null_stg_stages_stage_name.d8c326ee25)
[0m18:17:42.342450 [debug] [Thread-1 (]: Began compiling node test.enpal_assessment_project.not_null_stg_stages_stage_name.d8c326ee25
[0m18:17:42.353252 [debug] [Thread-1 (]: Writing injected SQL for node "test.enpal_assessment_project.not_null_stg_stages_stage_name.d8c326ee25"
[0m18:17:42.355059 [debug] [Thread-1 (]: Began executing node test.enpal_assessment_project.not_null_stg_stages_stage_name.d8c326ee25
[0m18:17:42.356701 [debug] [Thread-1 (]: Finished running node test.enpal_assessment_project.not_null_stg_stages_stage_name.d8c326ee25
[0m18:17:42.357522 [debug] [Thread-1 (]: Began running node test.enpal_assessment_project.unique_stg_stages_stage_id.7d330989f3
[0m18:17:42.358508 [debug] [Thread-1 (]: Re-using an available connection from the pool (formerly test.enpal_assessment_project.not_null_stg_stages_stage_name.d8c326ee25, now test.enpal_assessment_project.unique_stg_stages_stage_id.7d330989f3)
[0m18:17:42.359333 [debug] [Thread-1 (]: Began compiling node test.enpal_assessment_project.unique_stg_stages_stage_id.7d330989f3
[0m18:17:42.369107 [debug] [Thread-1 (]: Writing injected SQL for node "test.enpal_assessment_project.unique_stg_stages_stage_id.7d330989f3"
[0m18:17:42.371273 [debug] [Thread-1 (]: Began executing node test.enpal_assessment_project.unique_stg_stages_stage_id.7d330989f3
[0m18:17:42.372937 [debug] [Thread-1 (]: Finished running node test.enpal_assessment_project.unique_stg_stages_stage_id.7d330989f3
[0m18:17:42.373571 [debug] [Thread-1 (]: Began running node test.enpal_assessment_project.not_null_stg_users_user_id.980dfc1b77
[0m18:17:42.374219 [debug] [Thread-1 (]: Re-using an available connection from the pool (formerly test.enpal_assessment_project.unique_stg_stages_stage_id.7d330989f3, now test.enpal_assessment_project.not_null_stg_users_user_id.980dfc1b77)
[0m18:17:42.374726 [debug] [Thread-1 (]: Began compiling node test.enpal_assessment_project.not_null_stg_users_user_id.980dfc1b77
[0m18:17:42.380240 [debug] [Thread-1 (]: Writing injected SQL for node "test.enpal_assessment_project.not_null_stg_users_user_id.980dfc1b77"
[0m18:17:42.381839 [debug] [Thread-1 (]: Began executing node test.enpal_assessment_project.not_null_stg_users_user_id.980dfc1b77
[0m18:17:42.383001 [debug] [Thread-1 (]: Finished running node test.enpal_assessment_project.not_null_stg_users_user_id.980dfc1b77
[0m18:17:42.383619 [debug] [Thread-1 (]: Began running node test.enpal_assessment_project.not_null_stg_users_user_name.226879cc53
[0m18:17:42.384196 [debug] [Thread-1 (]: Re-using an available connection from the pool (formerly test.enpal_assessment_project.not_null_stg_users_user_id.980dfc1b77, now test.enpal_assessment_project.not_null_stg_users_user_name.226879cc53)
[0m18:17:42.384733 [debug] [Thread-1 (]: Began compiling node test.enpal_assessment_project.not_null_stg_users_user_name.226879cc53
[0m18:17:42.390134 [debug] [Thread-1 (]: Writing injected SQL for node "test.enpal_assessment_project.not_null_stg_users_user_name.226879cc53"
[0m18:17:42.391987 [debug] [Thread-1 (]: Began executing node test.enpal_assessment_project.not_null_stg_users_user_name.226879cc53
[0m18:17:42.393149 [debug] [Thread-1 (]: Finished running node test.enpal_assessment_project.not_null_stg_users_user_name.226879cc53
[0m18:17:42.393734 [debug] [Thread-1 (]: Began running node test.enpal_assessment_project.unique_stg_users_user_id.c2ff477e6b
[0m18:17:42.394387 [debug] [Thread-1 (]: Re-using an available connection from the pool (formerly test.enpal_assessment_project.not_null_stg_users_user_name.226879cc53, now test.enpal_assessment_project.unique_stg_users_user_id.c2ff477e6b)
[0m18:17:42.394901 [debug] [Thread-1 (]: Began compiling node test.enpal_assessment_project.unique_stg_users_user_id.c2ff477e6b
[0m18:17:42.400916 [debug] [Thread-1 (]: Writing injected SQL for node "test.enpal_assessment_project.unique_stg_users_user_id.c2ff477e6b"
[0m18:17:42.402542 [debug] [Thread-1 (]: Began executing node test.enpal_assessment_project.unique_stg_users_user_id.c2ff477e6b
[0m18:17:42.403512 [debug] [Thread-1 (]: Finished running node test.enpal_assessment_project.unique_stg_users_user_id.c2ff477e6b
[0m18:17:42.405002 [debug] [MainThread]: Connection 'master' was properly closed.
[0m18:17:42.405461 [debug] [MainThread]: Connection 'test.enpal_assessment_project.unique_stg_users_user_id.c2ff477e6b' was properly closed.
[0m18:17:42.412280 [debug] [MainThread]: Command end result
[0m18:17:42.551224 [debug] [MainThread]: Wrote artifact WritableManifest to /Users/macbook/Desktop/ENPAL/Take-Home-Assessment/REPO/dbt_enpal_assessment/target/manifest.json
[0m18:17:42.555847 [debug] [MainThread]: Wrote artifact SemanticManifest to /Users/macbook/Desktop/ENPAL/Take-Home-Assessment/REPO/dbt_enpal_assessment/target/semantic_manifest.json
[0m18:17:42.568382 [debug] [MainThread]: Wrote artifact RunExecutionResult to /Users/macbook/Desktop/ENPAL/Take-Home-Assessment/REPO/dbt_enpal_assessment/target/run_results.json
[0m18:17:42.572684 [debug] [MainThread]: Acquiring new postgres connection 'generate_catalog'
[0m18:17:42.573456 [info ] [MainThread]: Building catalog
[0m18:17:42.589711 [debug] [ThreadPool]: Acquiring new postgres connection 'postgres.information_schema'
[0m18:17:42.599681 [debug] [ThreadPool]: Using postgres connection "postgres.information_schema"
[0m18:17:42.600249 [debug] [ThreadPool]: On postgres.information_schema: BEGIN
[0m18:17:42.600634 [debug] [ThreadPool]: Opening a new connection, currently in state init
[0m18:17:42.620487 [debug] [ThreadPool]: SQL status: BEGIN in 0.020 seconds
[0m18:17:42.621819 [debug] [ThreadPool]: Using postgres connection "postgres.information_schema"
[0m18:17:42.622640 [debug] [ThreadPool]: On postgres.information_schema: /* {"app": "dbt", "dbt_version": "1.10.13", "profile_name": "enpal_assessment_project", "target_name": "dev", "connection_name": "postgres.information_schema"} */

    
    

    select
        'postgres' as table_database,
        sch.nspname as table_schema,
        tbl.relname as table_name,
        case tbl.relkind
            when 'v' then 'VIEW'
            when 'm' then 'MATERIALIZED VIEW'
            else 'BASE TABLE'
        end as table_type,
        tbl_desc.description as table_comment,
        col.attname as column_name,
        col.attnum as column_index,
        pg_catalog.format_type(col.atttypid, col.atttypmod) as column_type,
        col_desc.description as column_comment,
        pg_get_userbyid(tbl.relowner) as table_owner

    from pg_catalog.pg_namespace sch
    join pg_catalog.pg_class tbl on tbl.relnamespace = sch.oid
    join pg_catalog.pg_attribute col on col.attrelid = tbl.oid
    left outer join pg_catalog.pg_description tbl_desc on (tbl_desc.objoid = tbl.oid and tbl_desc.objsubid = 0)
    left outer join pg_catalog.pg_description col_desc on (col_desc.objoid = tbl.oid and col_desc.objsubid = col.attnum)
    where ((upper(sch.nspname) = upper('public_pipedrive_analytics') and
           upper(tbl.relname) = upper('int_stage_transitions')) or (upper(sch.nspname) = upper('public_pipedrive_analytics') and
           upper(tbl.relname) = upper('stg_users')) or (upper(sch.nspname) = upper('public_pipedrive_analytics') and
           upper(tbl.relname) = upper('stg_fields')) or (upper(sch.nspname) = upper('public') and
           upper(tbl.relname) = upper('activity_types')) or (upper(sch.nspname) = upper('public') and
           upper(tbl.relname) = upper('users')) or (upper(sch.nspname) = upper('public_pipedrive_analytics') and
           upper(tbl.relname) = upper('rep_sales_funnel_monthly')) or (upper(sch.nspname) = upper('public_pipedrive_analytics') and
           upper(tbl.relname) = upper('int_activity_events')) or (upper(sch.nspname) = upper('public') and
           upper(tbl.relname) = upper('fields')) or (upper(sch.nspname) = upper('public') and
           upper(tbl.relname) = upper('deal_changes')) or (upper(sch.nspname) = upper('public_pipedrive_analytics') and
           upper(tbl.relname) = upper('stg_activity_types')) or (upper(sch.nspname) = upper('public') and
           upper(tbl.relname) = upper('activity')) or (upper(sch.nspname) = upper('public_pipedrive_analytics') and
           upper(tbl.relname) = upper('stg_deal_changes')) or (upper(sch.nspname) = upper('public') and
           upper(tbl.relname) = upper('stages')) or (upper(sch.nspname) = upper('public_pipedrive_analytics') and
           upper(tbl.relname) = upper('stg_stages')) or (upper(sch.nspname) = upper('public_pipedrive_analytics') and
           upper(tbl.relname) = upper('stg_activity')))
      and not pg_is_other_temp_schema(sch.oid) -- not a temporary schema belonging to another session
      and tbl.relpersistence in ('p', 'u') -- [p]ermanent table or [u]nlogged table. Exclude [t]emporary tables
      and tbl.relkind in ('r', 'v', 'f', 'p', 'm') -- o[r]dinary table, [v]iew, [f]oreign table, [p]artitioned table, [m]aterialized view. Other values are [i]ndex, [S]equence, [c]omposite type, [t]OAST table
      and col.attnum > 0 -- negative numbers are used for system columns such as oid
      and not col.attisdropped -- column as not been dropped

    order by
        sch.nspname,
        tbl.relname,
        col.attnum
[0m18:17:42.660579 [debug] [ThreadPool]: SQL status: SELECT 57 in 0.037 seconds
[0m18:17:42.667496 [debug] [ThreadPool]: On postgres.information_schema: ROLLBACK
[0m18:17:42.669446 [debug] [ThreadPool]: On postgres.information_schema: Close
[0m18:17:42.697690 [debug] [MainThread]: Wrote artifact CatalogArtifact to /Users/macbook/Desktop/ENPAL/Take-Home-Assessment/REPO/dbt_enpal_assessment/target/catalog.json
[0m18:17:42.787504 [debug] [MainThread]: Wrote artifact WritableManifest to /Users/macbook/Desktop/ENPAL/Take-Home-Assessment/REPO/dbt_enpal_assessment/target/manifest.json
[0m18:17:42.794798 [debug] [MainThread]: Wrote artifact SemanticManifest to /Users/macbook/Desktop/ENPAL/Take-Home-Assessment/REPO/dbt_enpal_assessment/target/semantic_manifest.json
[0m18:17:42.798927 [info ] [MainThread]: Catalog written to /Users/macbook/Desktop/ENPAL/Take-Home-Assessment/REPO/dbt_enpal_assessment/target/catalog.json
[0m18:17:42.811189 [debug] [MainThread]: Resource report: {"command_name": "generate", "command_success": true, "command_wall_clock_time": 2.8188138, "process_in_blocks": "0", "process_kernel_time": 0.965555, "process_mem_max_rss": "126398464", "process_out_blocks": "0", "process_user_time": 3.791442}
[0m18:17:42.812985 [debug] [MainThread]: Command `dbt docs generate` succeeded at 18:17:42.812538 after 2.82 seconds
[0m18:17:42.813773 [debug] [MainThread]: Connection 'generate_catalog' was properly closed.
[0m18:17:42.822847 [debug] [MainThread]: Connection 'postgres.information_schema' was properly closed.
[0m18:17:42.828363 [debug] [MainThread]: Sending event: {'category': 'dbt', 'action': 'invocation', 'label': 'end', 'context': [<snowplow_tracker.self_describing_json.SelfDescribingJson object at 0x7fb545da4520>, <snowplow_tracker.self_describing_json.SelfDescribingJson object at 0x7fb54465a500>, <snowplow_tracker.self_describing_json.SelfDescribingJson object at 0x7fb5487e5570>]}
[0m18:17:42.829618 [debug] [MainThread]: Flushing usage events
[0m18:17:43.436566 [debug] [MainThread]: An error was encountered while trying to flush usage events
[0m18:17:46.801678 [debug] [MainThread]: Sending event: {'category': 'dbt', 'action': 'invocation', 'label': 'start', 'context': [<snowplow_tracker.self_describing_json.SelfDescribingJson object at 0x7f98104c44f0>, <snowplow_tracker.self_describing_json.SelfDescribingJson object at 0x7f98121c1a50>, <snowplow_tracker.self_describing_json.SelfDescribingJson object at 0x7f98121c1360>]}


============================== 18:17:46.809359 | 818cf67b-6909-4c5b-a78f-d478cfd6b2f5 ==============================
[0m18:17:46.809359 [info ] [MainThread]: Running with dbt=1.10.13
[0m18:17:46.810313 [debug] [MainThread]: running dbt with arguments {'use_experimental_parser': 'False', 'cache_selected_only': 'False', 'send_anonymous_usage_stats': 'True', 'invocation_command': 'dbt docs serve', 'use_colors': 'True', 'static_parser': 'True', 'quiet': 'False', 'debug': 'False', 'warn_error': 'None', 'profiles_dir': '/Users/macbook/Desktop/Enpal/Take-Home-Assessment/REPO/dbt_enpal_assessment', 'log_cache_events': 'False', 'empty': 'None', 'version_check': 'True', 'indirect_selection': 'eager', 'no_print': 'None', 'introspect': 'True', 'log_format': 'default', 'warn_error_options': 'WarnErrorOptionsV2(error=[], warn=[], silence=[])', 'target_path': 'None', 'printer_width': '80', 'fail_fast': 'False', 'partial_parse': 'True', 'log_path': '/Users/macbook/Desktop/ENPAL/Take-Home-Assessment/REPO/dbt_enpal_assessment/logs', 'write_json': 'True'}
[0m18:17:47.074091 [debug] [MainThread]: Sending event: {'category': 'dbt', 'action': 'project_id', 'label': '818cf67b-6909-4c5b-a78f-d478cfd6b2f5', 'context': [<snowplow_tracker.self_describing_json.SelfDescribingJson object at 0x7f981058c5b0>]}
[0m18:17:47.154874 [debug] [MainThread]: Sending event: {'category': 'dbt', 'action': 'adapter_info', 'label': '818cf67b-6909-4c5b-a78f-d478cfd6b2f5', 'context': [<snowplow_tracker.self_describing_json.SelfDescribingJson object at 0x7f98122942b0>]}
[0m18:18:47.322707 [error] [MainThread]: Encountered an error:

[0m18:18:47.336168 [error] [MainThread]: Traceback (most recent call last):
  File "/opt/anaconda3/envs/ray/lib/python3.10/site-packages/dbt/cli/requires.py", line 178, in wrapper
    result, success = func(*args, **kwargs)
  File "/opt/anaconda3/envs/ray/lib/python3.10/site-packages/dbt/cli/requires.py", line 128, in wrapper
    return func(*args, **kwargs)
  File "/opt/anaconda3/envs/ray/lib/python3.10/site-packages/dbt/cli/requires.py", line 272, in wrapper
    return func(*args, **kwargs)
  File "/opt/anaconda3/envs/ray/lib/python3.10/site-packages/dbt/cli/requires.py", line 303, in wrapper
    return func(*args, **kwargs)
  File "/opt/anaconda3/envs/ray/lib/python3.10/site-packages/dbt/cli/requires.py", line 350, in wrapper
    return func(*args, **kwargs)
  File "/opt/anaconda3/envs/ray/lib/python3.10/site-packages/dbt/cli/main.py", line 307, in docs_serve
    results = task.run()
  File "/opt/anaconda3/envs/ray/lib/python3.10/site-packages/dbt/task/docs/serve.py", line 29, in run
    httpd.serve_forever()
  File "/opt/anaconda3/envs/ray/lib/python3.10/socketserver.py", line 232, in serve_forever
    ready = selector.select(poll_interval)
  File "/opt/anaconda3/envs/ray/lib/python3.10/selectors.py", line 416, in select
    fd_event_list = self._selector.poll(timeout)
KeyboardInterrupt

[0m18:18:47.341077 [debug] [MainThread]: Resource report: {"command_name": "serve", "command_success": false, "command_wall_clock_time": 60.635693, "process_in_blocks": "0", "process_kernel_time": 0.435616, "process_mem_max_rss": "104882176", "process_out_blocks": "0", "process_user_time": 2.292043}
[0m18:18:47.345193 [debug] [MainThread]: Command `dbt docs serve` failed at 18:18:47.344436 after 60.64 seconds
[0m18:18:47.346981 [debug] [MainThread]: Sending event: {'category': 'dbt', 'action': 'invocation', 'label': 'end', 'context': [<snowplow_tracker.self_describing_json.SelfDescribingJson object at 0x7f98104c44f0>, <snowplow_tracker.self_describing_json.SelfDescribingJson object at 0x7f981251d690>, <snowplow_tracker.self_describing_json.SelfDescribingJson object at 0x7f981251d840>]}
[0m18:18:47.347911 [debug] [MainThread]: Flushing usage events
[0m18:18:47.944057 [debug] [MainThread]: An error was encountered while trying to flush usage events
[0m18:20:08.361157 [debug] [MainThread]: Sending event: {'category': 'dbt', 'action': 'invocation', 'label': 'start', 'context': [<snowplow_tracker.self_describing_json.SelfDescribingJson object at 0x7fedfb49c550>, <snowplow_tracker.self_describing_json.SelfDescribingJson object at 0x7fedfd08d240>, <snowplow_tracker.self_describing_json.SelfDescribingJson object at 0x7fedfd08cb50>]}


============================== 18:20:08.368396 | 4b2ed911-55e0-4172-ac47-dfba3044f16b ==============================
[0m18:20:08.368396 [info ] [MainThread]: Running with dbt=1.10.13
[0m18:20:08.369571 [debug] [MainThread]: running dbt with arguments {'log_path': '/Users/macbook/Desktop/ENPAL/Take-Home-Assessment/REPO/dbt_enpal_assessment/logs', 'invocation_command': 'dbt run --select rep_sales_funnel_monthly --full-refresh', 'warn_error_options': 'WarnErrorOptionsV2(error=[], warn=[], silence=[])', 'quiet': 'False', 'debug': 'False', 'target_path': 'None', 'no_print': 'None', 'version_check': 'True', 'cache_selected_only': 'False', 'send_anonymous_usage_stats': 'True', 'partial_parse': 'True', 'warn_error': 'None', 'use_experimental_parser': 'False', 'write_json': 'True', 'indirect_selection': 'eager', 'introspect': 'True', 'log_cache_events': 'False', 'printer_width': '80', 'profiles_dir': '/Users/macbook/Desktop/Enpal/Take-Home-Assessment/REPO/dbt_enpal_assessment', 'fail_fast': 'False', 'log_format': 'default', 'use_colors': 'True', 'static_parser': 'True', 'empty': 'False'}
[0m18:20:08.860802 [debug] [MainThread]: Sending event: {'category': 'dbt', 'action': 'project_id', 'label': '4b2ed911-55e0-4172-ac47-dfba3044f16b', 'context': [<snowplow_tracker.self_describing_json.SelfDescribingJson object at 0x7fedfd17d7b0>]}
[0m18:20:08.943567 [debug] [MainThread]: Sending event: {'category': 'dbt', 'action': 'adapter_info', 'label': '4b2ed911-55e0-4172-ac47-dfba3044f16b', 'context': [<snowplow_tracker.self_describing_json.SelfDescribingJson object at 0x7fedfd15c4f0>]}
[0m18:20:08.946694 [info ] [MainThread]: Registered adapter: postgres=1.9.1
[0m18:20:09.153117 [debug] [MainThread]: checksum: 9f0c81e2574b4ff463f3d16d080df83c6982fc0372c9feeacae0504ac9ea3ffe, vars: {}, profile: , target: , version: 1.10.13
[0m18:20:09.404398 [debug] [MainThread]: Partial parsing enabled: 0 files deleted, 0 files added, 0 files changed.
[0m18:20:09.405021 [debug] [MainThread]: Partial parsing enabled, no changes found, skipping parsing
[0m18:20:09.480136 [debug] [MainThread]: Sending event: {'category': 'dbt', 'action': 'load_project', 'label': '4b2ed911-55e0-4172-ac47-dfba3044f16b', 'context': [<snowplow_tracker.self_describing_json.SelfDescribingJson object at 0x7fedfd455d80>]}
[0m18:20:09.671531 [debug] [MainThread]: Wrote artifact WritableManifest to /Users/macbook/Desktop/ENPAL/Take-Home-Assessment/REPO/dbt_enpal_assessment/target/manifest.json
[0m18:20:09.675210 [debug] [MainThread]: Wrote artifact SemanticManifest to /Users/macbook/Desktop/ENPAL/Take-Home-Assessment/REPO/dbt_enpal_assessment/target/semantic_manifest.json
[0m18:20:09.707309 [debug] [MainThread]: Sending event: {'category': 'dbt', 'action': 'resource_counts', 'label': '4b2ed911-55e0-4172-ac47-dfba3044f16b', 'context': [<snowplow_tracker.self_describing_json.SelfDescribingJson object at 0x7fedfe150370>]}
[0m18:20:09.708091 [info ] [MainThread]: Found 9 models, 19 data tests, 6 sources, 447 macros
[0m18:20:09.708724 [debug] [MainThread]: Sending event: {'category': 'dbt', 'action': 'runnable_timing', 'label': '4b2ed911-55e0-4172-ac47-dfba3044f16b', 'context': [<snowplow_tracker.self_describing_json.SelfDescribingJson object at 0x7fedfe1503d0>]}
[0m18:20:09.710843 [warn ] [MainThread]: Nothing to do. Try checking your model configs and model specification args
[0m18:20:09.713408 [debug] [MainThread]: Command end result
[0m18:20:09.746896 [debug] [MainThread]: Wrote artifact WritableManifest to /Users/macbook/Desktop/ENPAL/Take-Home-Assessment/REPO/dbt_enpal_assessment/target/manifest.json
[0m18:20:09.749052 [debug] [MainThread]: Wrote artifact SemanticManifest to /Users/macbook/Desktop/ENPAL/Take-Home-Assessment/REPO/dbt_enpal_assessment/target/semantic_manifest.json
[0m18:20:09.754930 [debug] [MainThread]: Wrote artifact RunExecutionResult to /Users/macbook/Desktop/ENPAL/Take-Home-Assessment/REPO/dbt_enpal_assessment/target/run_results.json
[0m18:20:09.757394 [debug] [MainThread]: Resource report: {"command_name": "run", "command_success": true, "command_wall_clock_time": 1.4975053, "process_in_blocks": "0", "process_kernel_time": 0.651752, "process_mem_max_rss": "111177728", "process_out_blocks": "0", "process_user_time": 2.896073}
[0m18:20:09.758361 [debug] [MainThread]: Command `dbt run` succeeded at 18:20:09.758191 after 1.50 seconds
[0m18:20:09.759041 [debug] [MainThread]: Sending event: {'category': 'dbt', 'action': 'invocation', 'label': 'end', 'context': [<snowplow_tracker.self_describing_json.SelfDescribingJson object at 0x7fedfb49c550>, <snowplow_tracker.self_describing_json.SelfDescribingJson object at 0x7fedf9b7b160>, <snowplow_tracker.self_describing_json.SelfDescribingJson object at 0x7fedfb6304c0>]}
[0m18:20:09.760769 [debug] [MainThread]: Flushing usage events
[0m18:20:10.353962 [debug] [MainThread]: An error was encountered while trying to flush usage events
[0m18:21:04.491746 [debug] [MainThread]: Sending event: {'category': 'dbt', 'action': 'invocation', 'label': 'start', 'context': [<snowplow_tracker.self_describing_json.SelfDescribingJson object at 0x7fac985b8550>, <snowplow_tracker.self_describing_json.SelfDescribingJson object at 0x7fac9a0a5d80>, <snowplow_tracker.self_describing_json.SelfDescribingJson object at 0x7fac9a0a5690>]}


============================== 18:21:04.500742 | b0dd4f04-468a-490f-b2d1-402ed92eb557 ==============================
[0m18:21:04.500742 [info ] [MainThread]: Running with dbt=1.10.13
[0m18:21:04.501828 [debug] [MainThread]: running dbt with arguments {'log_format': 'default', 'target_path': 'None', 'introspect': 'True', 'empty': 'None', 'indirect_selection': 'eager', 'static_parser': 'True', 'printer_width': '80', 'quiet': 'False', 'no_print': 'None', 'send_anonymous_usage_stats': 'True', 'warn_error_options': 'WarnErrorOptionsV2(error=[], warn=[], silence=[])', 'write_json': 'True', 'debug': 'False', 'use_colors': 'True', 'log_cache_events': 'False', 'cache_selected_only': 'False', 'partial_parse': 'True', 'profiles_dir': '/Users/macbook/Desktop/Enpal/Take-Home-Assessment/REPO/dbt_enpal_assessment', 'fail_fast': 'False', 'log_path': '/Users/macbook/Desktop/ENPAL/Take-Home-Assessment/REPO/dbt_enpal_assessment/logs', 'version_check': 'True', 'use_experimental_parser': 'False', 'warn_error': 'None', 'invocation_command': 'dbt ls --select rep_sales_funnel_monthly'}
[0m18:21:04.886330 [debug] [MainThread]: Sending event: {'category': 'dbt', 'action': 'project_id', 'label': 'b0dd4f04-468a-490f-b2d1-402ed92eb557', 'context': [<snowplow_tracker.self_describing_json.SelfDescribingJson object at 0x7fac9a28f760>]}
[0m18:21:04.975457 [debug] [MainThread]: Sending event: {'category': 'dbt', 'action': 'adapter_info', 'label': 'b0dd4f04-468a-490f-b2d1-402ed92eb557', 'context': [<snowplow_tracker.self_describing_json.SelfDescribingJson object at 0x7fac9a09d840>]}
[0m18:21:04.978381 [info ] [MainThread]: Registered adapter: postgres=1.9.1
[0m18:21:05.276695 [debug] [MainThread]: checksum: 9f0c81e2574b4ff463f3d16d080df83c6982fc0372c9feeacae0504ac9ea3ffe, vars: {}, profile: , target: , version: 1.10.13
[0m18:21:05.540570 [debug] [MainThread]: Partial parsing enabled: 0 files deleted, 0 files added, 0 files changed.
[0m18:21:05.541178 [debug] [MainThread]: Partial parsing enabled, no changes found, skipping parsing
[0m18:21:05.615372 [debug] [MainThread]: Sending event: {'category': 'dbt', 'action': 'load_project', 'label': 'b0dd4f04-468a-490f-b2d1-402ed92eb557', 'context': [<snowplow_tracker.self_describing_json.SelfDescribingJson object at 0x7fac9a7b0970>]}
[0m18:21:05.817774 [debug] [MainThread]: Wrote artifact WritableManifest to /Users/macbook/Desktop/ENPAL/Take-Home-Assessment/REPO/dbt_enpal_assessment/target/manifest.json
[0m18:21:05.822103 [debug] [MainThread]: Wrote artifact SemanticManifest to /Users/macbook/Desktop/ENPAL/Take-Home-Assessment/REPO/dbt_enpal_assessment/target/semantic_manifest.json
[0m18:21:05.870442 [debug] [MainThread]: Sending event: {'category': 'dbt', 'action': 'resource_counts', 'label': 'b0dd4f04-468a-490f-b2d1-402ed92eb557', 'context': [<snowplow_tracker.self_describing_json.SelfDescribingJson object at 0x7fac9a8ac610>]}
[0m18:21:05.871309 [info ] [MainThread]: Found 9 models, 19 data tests, 6 sources, 447 macros
[0m18:21:05.871830 [debug] [MainThread]: Sending event: {'category': 'dbt', 'action': 'runnable_timing', 'label': 'b0dd4f04-468a-490f-b2d1-402ed92eb557', 'context': [<snowplow_tracker.self_describing_json.SelfDescribingJson object at 0x7fac9a8add80>]}
[0m18:21:05.872766 [info ] [MainThread]: enpal_assessment_project.marts.rep_sales_funnel_monthly
[0m18:21:05.875201 [debug] [MainThread]: Resource report: {"command_name": "list", "command_success": true, "command_wall_clock_time": 1.4888728, "process_in_blocks": "0", "process_kernel_time": 0.7467, "process_mem_max_rss": "110895104", "process_out_blocks": "0", "process_user_time": 3.058324}
[0m18:21:05.876043 [debug] [MainThread]: Command `dbt ls` succeeded at 18:21:05.875891 after 1.49 seconds
[0m18:21:05.876605 [debug] [MainThread]: Sending event: {'category': 'dbt', 'action': 'invocation', 'label': 'end', 'context': [<snowplow_tracker.self_describing_json.SelfDescribingJson object at 0x7fac985b8550>, <snowplow_tracker.self_describing_json.SelfDescribingJson object at 0x7fac97cea2c0>, <snowplow_tracker.self_describing_json.SelfDescribingJson object at 0x7fac9a8ada80>]}
[0m18:21:05.877335 [debug] [MainThread]: Flushing usage events
[0m18:21:06.492540 [debug] [MainThread]: An error was encountered while trying to flush usage events
[0m18:21:24.782635 [debug] [MainThread]: Sending event: {'category': 'dbt', 'action': 'invocation', 'label': 'start', 'context': [<snowplow_tracker.self_describing_json.SelfDescribingJson object at 0x7f956aca85b0>, <snowplow_tracker.self_describing_json.SelfDescribingJson object at 0x7f956c9ad210>, <snowplow_tracker.self_describing_json.SelfDescribingJson object at 0x7f956c9acb20>]}


============================== 18:21:24.790560 | ea1c448b-4808-4712-8aa4-566235c6c260 ==============================
[0m18:21:24.790560 [info ] [MainThread]: Running with dbt=1.10.13
[0m18:21:24.791668 [debug] [MainThread]: running dbt with arguments {'profiles_dir': '/Users/macbook/Desktop/Enpal/Take-Home-Assessment/REPO/dbt_enpal_assessment', 'printer_width': '80', 'log_path': '/Users/macbook/Desktop/ENPAL/Take-Home-Assessment/REPO/dbt_enpal_assessment/logs', 'static_parser': 'True', 'quiet': 'False', 'indirect_selection': 'eager', 'warn_error': 'None', 'empty': 'False', 'target_path': 'None', 'partial_parse': 'True', 'use_colors': 'True', 'invocation_command': 'dbt run --select rep_sales_funnel_monthly --full-refresh', 'introspect': 'True', 'cache_selected_only': 'False', 'log_format': 'default', 'write_json': 'True', 'fail_fast': 'False', 'version_check': 'True', 'send_anonymous_usage_stats': 'True', 'warn_error_options': 'WarnErrorOptionsV2(error=[], warn=[], silence=[])', 'use_experimental_parser': 'False', 'debug': 'False', 'log_cache_events': 'False', 'no_print': 'None'}
[0m18:21:25.263149 [debug] [MainThread]: Sending event: {'category': 'dbt', 'action': 'project_id', 'label': 'ea1c448b-4808-4712-8aa4-566235c6c260', 'context': [<snowplow_tracker.self_describing_json.SelfDescribingJson object at 0x7f956ca9ca30>]}
[0m18:21:25.343081 [debug] [MainThread]: Sending event: {'category': 'dbt', 'action': 'adapter_info', 'label': 'ea1c448b-4808-4712-8aa4-566235c6c260', 'context': [<snowplow_tracker.self_describing_json.SelfDescribingJson object at 0x7f956ca7ff10>]}
[0m18:21:25.346071 [info ] [MainThread]: Registered adapter: postgres=1.9.1
[0m18:21:25.555949 [debug] [MainThread]: checksum: 9f0c81e2574b4ff463f3d16d080df83c6982fc0372c9feeacae0504ac9ea3ffe, vars: {}, profile: , target: , version: 1.10.13
[0m18:21:25.834732 [debug] [MainThread]: Partial parsing enabled: 0 files deleted, 0 files added, 0 files changed.
[0m18:21:25.835532 [debug] [MainThread]: Partial parsing enabled, no changes found, skipping parsing
[0m18:21:25.910761 [debug] [MainThread]: Sending event: {'category': 'dbt', 'action': 'load_project', 'label': 'ea1c448b-4808-4712-8aa4-566235c6c260', 'context': [<snowplow_tracker.self_describing_json.SelfDescribingJson object at 0x7f956cc77550>]}
[0m18:21:26.103526 [debug] [MainThread]: Wrote artifact WritableManifest to /Users/macbook/Desktop/ENPAL/Take-Home-Assessment/REPO/dbt_enpal_assessment/target/manifest.json
[0m18:21:26.107678 [debug] [MainThread]: Wrote artifact SemanticManifest to /Users/macbook/Desktop/ENPAL/Take-Home-Assessment/REPO/dbt_enpal_assessment/target/semantic_manifest.json
[0m18:21:26.156440 [debug] [MainThread]: Sending event: {'category': 'dbt', 'action': 'resource_counts', 'label': 'ea1c448b-4808-4712-8aa4-566235c6c260', 'context': [<snowplow_tracker.self_describing_json.SelfDescribingJson object at 0x7f956d12c070>]}
[0m18:21:26.157251 [info ] [MainThread]: Found 9 models, 19 data tests, 6 sources, 447 macros
[0m18:21:26.157867 [debug] [MainThread]: Sending event: {'category': 'dbt', 'action': 'runnable_timing', 'label': 'ea1c448b-4808-4712-8aa4-566235c6c260', 'context': [<snowplow_tracker.self_describing_json.SelfDescribingJson object at 0x7f956d12d630>]}
[0m18:21:26.159937 [warn ] [MainThread]: Nothing to do. Try checking your model configs and model specification args
[0m18:21:26.162536 [debug] [MainThread]: Command end result
[0m18:21:26.196620 [debug] [MainThread]: Wrote artifact WritableManifest to /Users/macbook/Desktop/ENPAL/Take-Home-Assessment/REPO/dbt_enpal_assessment/target/manifest.json
[0m18:21:26.199667 [debug] [MainThread]: Wrote artifact SemanticManifest to /Users/macbook/Desktop/ENPAL/Take-Home-Assessment/REPO/dbt_enpal_assessment/target/semantic_manifest.json
[0m18:21:26.204305 [debug] [MainThread]: Wrote artifact RunExecutionResult to /Users/macbook/Desktop/ENPAL/Take-Home-Assessment/REPO/dbt_enpal_assessment/target/run_results.json
[0m18:21:26.207027 [debug] [MainThread]: Resource report: {"command_name": "run", "command_success": true, "command_wall_clock_time": 1.5263753, "process_in_blocks": "0", "process_kernel_time": 0.665936, "process_mem_max_rss": "110813184", "process_out_blocks": "0", "process_user_time": 2.894379}
[0m18:21:26.207796 [debug] [MainThread]: Command `dbt run` succeeded at 18:21:26.207658 after 1.53 seconds
[0m18:21:26.208302 [debug] [MainThread]: Sending event: {'category': 'dbt', 'action': 'invocation', 'label': 'end', 'context': [<snowplow_tracker.self_describing_json.SelfDescribingJson object at 0x7f956aca85b0>, <snowplow_tracker.self_describing_json.SelfDescribingJson object at 0x7f956a606380>, <snowplow_tracker.self_describing_json.SelfDescribingJson object at 0x7f956ae6d1e0>]}
[0m18:21:26.208797 [debug] [MainThread]: Flushing usage events
[0m18:21:26.699875 [debug] [MainThread]: An error was encountered while trying to flush usage events
[0m18:23:19.818961 [debug] [MainThread]: Sending event: {'category': 'dbt', 'action': 'invocation', 'label': 'start', 'context': [<snowplow_tracker.self_describing_json.SelfDescribingJson object at 0x7f98405d44c0>, <snowplow_tracker.self_describing_json.SelfDescribingJson object at 0x7f98421458d0>, <snowplow_tracker.self_describing_json.SelfDescribingJson object at 0x7f98421451e0>]}


============================== 18:23:19.826488 | 84db5318-373f-4f2c-ab53-2e8eec8fcbdb ==============================
[0m18:23:19.826488 [info ] [MainThread]: Running with dbt=1.10.13
[0m18:23:19.827789 [debug] [MainThread]: running dbt with arguments {'indirect_selection': 'eager', 'version_check': 'True', 'introspect': 'True', 'log_path': '/Users/macbook/Desktop/ENPAL/Take-Home-Assessment/REPO/dbt_enpal_assessment/logs', 'log_format': 'default', 'debug': 'False', 'cache_selected_only': 'False', 'use_colors': 'True', 'use_experimental_parser': 'False', 'profiles_dir': '/Users/macbook/Desktop/Enpal/Take-Home-Assessment/REPO/dbt_enpal_assessment', 'target_path': 'None', 'empty': 'None', 'partial_parse': 'True', 'warn_error_options': 'WarnErrorOptionsV2(error=[], warn=[], silence=[])', 'printer_width': '80', 'log_cache_events': 'False', 'static_parser': 'True', 'quiet': 'False', 'send_anonymous_usage_stats': 'True', 'fail_fast': 'False', 'invocation_command': 'dbt clean', 'warn_error': 'None', 'write_json': 'True', 'no_print': 'None'}
[0m18:23:20.053457 [debug] [MainThread]: Sending event: {'category': 'dbt', 'action': 'project_id', 'label': '84db5318-373f-4f2c-ab53-2e8eec8fcbdb', 'context': [<snowplow_tracker.self_describing_json.SelfDescribingJson object at 0x7f98424449d0>]}
[0m18:23:20.114350 [debug] [MainThread]: Resource report: {"command_name": "clean", "command_success": true, "command_wall_clock_time": 0.39969242, "process_in_blocks": "0", "process_kernel_time": 0.591402, "process_mem_max_rss": "99258368", "process_out_blocks": "0", "process_user_time": 2.262025}
[0m18:23:20.115454 [debug] [MainThread]: Command `dbt clean` succeeded at 18:23:20.115233 after 0.40 seconds
[0m18:23:20.116217 [debug] [MainThread]: Sending event: {'category': 'dbt', 'action': 'invocation', 'label': 'end', 'context': [<snowplow_tracker.self_describing_json.SelfDescribingJson object at 0x7f98405d44c0>, <snowplow_tracker.self_describing_json.SelfDescribingJson object at 0x7f9842447310>, <snowplow_tracker.self_describing_json.SelfDescribingJson object at 0x7f98424449d0>]}
[0m18:23:20.117015 [debug] [MainThread]: Flushing usage events
[0m18:23:20.674704 [debug] [MainThread]: An error was encountered while trying to flush usage events
[0m18:23:23.389267 [debug] [MainThread]: Sending event: {'category': 'dbt', 'action': 'invocation', 'label': 'start', 'context': [<snowplow_tracker.self_describing_json.SelfDescribingJson object at 0x7fdbeb5b4430>, <snowplow_tracker.self_describing_json.SelfDescribingJson object at 0x7fdbec8a5240>, <snowplow_tracker.self_describing_json.SelfDescribingJson object at 0x7fdbec8a4b50>]}


============================== 18:23:23.397201 | 0d15cab7-38f0-44eb-9ffe-1d24abd0ffa3 ==============================
[0m18:23:23.397201 [info ] [MainThread]: Running with dbt=1.10.13
[0m18:23:23.398894 [debug] [MainThread]: running dbt with arguments {'profiles_dir': '/Users/macbook/Desktop/Enpal/Take-Home-Assessment/REPO/dbt_enpal_assessment', 'warn_error_options': 'WarnErrorOptionsV2(error=[], warn=[], silence=[])', 'log_path': '/Users/macbook/Desktop/ENPAL/Take-Home-Assessment/REPO/dbt_enpal_assessment/logs', 'send_anonymous_usage_stats': 'True', 'cache_selected_only': 'False', 'write_json': 'True', 'warn_error': 'None', 'printer_width': '80', 'empty': 'False', 'no_print': 'None', 'target_path': 'None', 'indirect_selection': 'eager', 'use_experimental_parser': 'False', 'fail_fast': 'False', 'quiet': 'False', 'introspect': 'True', 'use_colors': 'True', 'static_parser': 'True', 'debug': 'False', 'invocation_command': 'dbt compile', 'log_format': 'default', 'log_cache_events': 'False', 'version_check': 'True', 'partial_parse': 'True'}
[0m18:23:23.714362 [debug] [MainThread]: Sending event: {'category': 'dbt', 'action': 'project_id', 'label': '0d15cab7-38f0-44eb-9ffe-1d24abd0ffa3', 'context': [<snowplow_tracker.self_describing_json.SelfDescribingJson object at 0x7fdbec80a860>]}
[0m18:23:23.795615 [debug] [MainThread]: Sending event: {'category': 'dbt', 'action': 'adapter_info', 'label': '0d15cab7-38f0-44eb-9ffe-1d24abd0ffa3', 'context': [<snowplow_tracker.self_describing_json.SelfDescribingJson object at 0x7fdbebd42170>]}
[0m18:23:23.798664 [info ] [MainThread]: Registered adapter: postgres=1.9.1
[0m18:23:24.021061 [debug] [MainThread]: checksum: 9f0c81e2574b4ff463f3d16d080df83c6982fc0372c9feeacae0504ac9ea3ffe, vars: {}, profile: , target: , version: 1.10.13
[0m18:23:24.022172 [info ] [MainThread]: Unable to do partial parsing because saved manifest not found. Starting full parse.
[0m18:23:24.022758 [debug] [MainThread]: Sending event: {'category': 'dbt', 'action': 'partial_parser', 'label': '0d15cab7-38f0-44eb-9ffe-1d24abd0ffa3', 'context': [<snowplow_tracker.self_describing_json.SelfDescribingJson object at 0x7fdbecb2a230>]}
[0m18:23:25.885823 [debug] [MainThread]: Sending event: {'category': 'dbt', 'action': 'load_project', 'label': '0d15cab7-38f0-44eb-9ffe-1d24abd0ffa3', 'context': [<snowplow_tracker.self_describing_json.SelfDescribingJson object at 0x7fdbee4a8c40>]}
[0m18:23:26.090253 [debug] [MainThread]: Wrote artifact WritableManifest to /Users/macbook/Desktop/ENPAL/Take-Home-Assessment/REPO/dbt_enpal_assessment/target/manifest.json
[0m18:23:26.094597 [debug] [MainThread]: Wrote artifact SemanticManifest to /Users/macbook/Desktop/ENPAL/Take-Home-Assessment/REPO/dbt_enpal_assessment/target/semantic_manifest.json
[0m18:23:26.118611 [debug] [MainThread]: Sending event: {'category': 'dbt', 'action': 'resource_counts', 'label': '0d15cab7-38f0-44eb-9ffe-1d24abd0ffa3', 'context': [<snowplow_tracker.self_describing_json.SelfDescribingJson object at 0x7fdbee6ff160>]}
[0m18:23:26.119447 [info ] [MainThread]: Found 9 models, 19 data tests, 6 sources, 447 macros
[0m18:23:26.119990 [debug] [MainThread]: Sending event: {'category': 'dbt', 'action': 'runnable_timing', 'label': '0d15cab7-38f0-44eb-9ffe-1d24abd0ffa3', 'context': [<snowplow_tracker.self_describing_json.SelfDescribingJson object at 0x7fdbe9fc0580>]}
[0m18:23:26.123119 [info ] [MainThread]: 
[0m18:23:26.123666 [info ] [MainThread]: Concurrency: 1 threads (target='dev')
[0m18:23:26.124098 [info ] [MainThread]: 
[0m18:23:26.124740 [debug] [MainThread]: Acquiring new postgres connection 'master'
[0m18:23:26.131597 [debug] [ThreadPool]: Acquiring new postgres connection 'list_postgres_public_pipedrive_analytics'
[0m18:23:26.289901 [debug] [ThreadPool]: Using postgres connection "list_postgres_public_pipedrive_analytics"
[0m18:23:26.290673 [debug] [ThreadPool]: On list_postgres_public_pipedrive_analytics: BEGIN
[0m18:23:26.291234 [debug] [ThreadPool]: Opening a new connection, currently in state init
[0m18:23:26.397634 [debug] [ThreadPool]: SQL status: BEGIN in 0.106 seconds
[0m18:23:26.399371 [debug] [ThreadPool]: Using postgres connection "list_postgres_public_pipedrive_analytics"
[0m18:23:26.399910 [debug] [ThreadPool]: On list_postgres_public_pipedrive_analytics: /* {"app": "dbt", "dbt_version": "1.10.13", "profile_name": "enpal_assessment_project", "target_name": "dev", "connection_name": "list_postgres_public_pipedrive_analytics"} */
select
      'postgres' as database,
      tablename as name,
      schemaname as schema,
      'table' as type
    from pg_tables
    where schemaname ilike 'public_pipedrive_analytics'
    union all
    select
      'postgres' as database,
      viewname as name,
      schemaname as schema,
      'view' as type
    from pg_views
    where schemaname ilike 'public_pipedrive_analytics'
    union all
    select
      'postgres' as database,
      matviewname as name,
      schemaname as schema,
      'materialized_view' as type
    from pg_matviews
    where schemaname ilike 'public_pipedrive_analytics'
  
[0m18:23:26.403765 [debug] [ThreadPool]: SQL status: SELECT 9 in 0.003 seconds
[0m18:23:26.405507 [debug] [ThreadPool]: On list_postgres_public_pipedrive_analytics: ROLLBACK
[0m18:23:26.406681 [debug] [ThreadPool]: On list_postgres_public_pipedrive_analytics: Close
[0m18:23:26.414683 [debug] [MainThread]: Using postgres connection "master"
[0m18:23:26.415252 [debug] [MainThread]: On master: BEGIN
[0m18:23:26.415633 [debug] [MainThread]: Opening a new connection, currently in state init
[0m18:23:26.431859 [debug] [MainThread]: SQL status: BEGIN in 0.016 seconds
[0m18:23:26.433337 [debug] [MainThread]: Using postgres connection "master"
[0m18:23:26.434267 [debug] [MainThread]: On master: /* {"app": "dbt", "dbt_version": "1.10.13", "profile_name": "enpal_assessment_project", "target_name": "dev", "connection_name": "master"} */
select distinct
        dependent_namespace.nspname as dependent_schema,
        dependent_class.relname as dependent_name,
        referenced_namespace.nspname as referenced_schema,
        referenced_class.relname as referenced_name

    -- Query for views: views are entries in pg_class with an entry in pg_rewrite, but we avoid
    -- a seq scan on pg_rewrite by leveraging the fact there is an "internal" row in pg_depend for
    -- the view...
    from pg_class as dependent_class
    join pg_namespace as dependent_namespace on dependent_namespace.oid = dependent_class.relnamespace
    join pg_depend as dependent_depend on dependent_depend.refobjid = dependent_class.oid
        and dependent_depend.classid = 'pg_rewrite'::regclass
        and dependent_depend.refclassid = 'pg_class'::regclass
        and dependent_depend.deptype = 'i'

    -- ... and via pg_depend (that has a row per column, hence the need for "distinct" above, and
    -- making sure to exclude the internal row to avoid a view appearing to depend on itself)...
    join pg_depend as joining_depend on joining_depend.objid = dependent_depend.objid
        and joining_depend.classid = 'pg_rewrite'::regclass
        and joining_depend.refclassid = 'pg_class'::regclass
        and joining_depend.refobjid != dependent_depend.refobjid

    -- ... we can find the tables they query from in pg_class, but excluding system tables. Note we
    -- don't need need to exclude _dependent_ system tables, because they only query from other
    -- system tables, and so are automatically excluded by excluding _referenced_ system tables
    join pg_class as referenced_class on referenced_class.oid = joining_depend.refobjid
    join pg_namespace as referenced_namespace on referenced_namespace.oid = referenced_class.relnamespace
        and referenced_namespace.nspname != 'information_schema'
        and referenced_namespace.nspname not like 'pg\_%'

    order by
        dependent_schema, dependent_name, referenced_schema, referenced_name;
[0m18:23:26.445949 [debug] [MainThread]: SQL status: SELECT 10 in 0.011 seconds
[0m18:23:26.450352 [debug] [MainThread]: Sending event: {'category': 'dbt', 'action': 'runnable_timing', 'label': '0d15cab7-38f0-44eb-9ffe-1d24abd0ffa3', 'context': [<snowplow_tracker.self_describing_json.SelfDescribingJson object at 0x7fdbe9ad5c60>]}
[0m18:23:26.451051 [debug] [MainThread]: On master: ROLLBACK
[0m18:23:26.452203 [debug] [MainThread]: On master: Close
[0m18:23:26.455909 [debug] [Thread-1 (]: Began running node model.enpal_assessment_project.stg_activity
[0m18:23:26.456649 [debug] [Thread-1 (]: Re-using an available connection from the pool (formerly list_postgres_public_pipedrive_analytics, now model.enpal_assessment_project.stg_activity)
[0m18:23:26.457168 [debug] [Thread-1 (]: Began compiling node model.enpal_assessment_project.stg_activity
[0m18:23:26.478385 [debug] [Thread-1 (]: Writing injected SQL for node "model.enpal_assessment_project.stg_activity"
[0m18:23:26.480009 [debug] [Thread-1 (]: Began executing node model.enpal_assessment_project.stg_activity
[0m18:23:26.481149 [debug] [Thread-1 (]: Finished running node model.enpal_assessment_project.stg_activity
[0m18:23:26.481798 [debug] [Thread-1 (]: Began running node model.enpal_assessment_project.stg_activity_types
[0m18:23:26.484792 [debug] [Thread-1 (]: Re-using an available connection from the pool (formerly model.enpal_assessment_project.stg_activity, now model.enpal_assessment_project.stg_activity_types)
[0m18:23:26.485829 [debug] [Thread-1 (]: Began compiling node model.enpal_assessment_project.stg_activity_types
[0m18:23:26.498678 [debug] [Thread-1 (]: Writing injected SQL for node "model.enpal_assessment_project.stg_activity_types"
[0m18:23:26.501653 [debug] [Thread-1 (]: Began executing node model.enpal_assessment_project.stg_activity_types
[0m18:23:26.510436 [debug] [Thread-1 (]: Finished running node model.enpal_assessment_project.stg_activity_types
[0m18:23:26.511445 [debug] [Thread-1 (]: Began running node model.enpal_assessment_project.stg_deal_changes
[0m18:23:26.512161 [debug] [Thread-1 (]: Re-using an available connection from the pool (formerly model.enpal_assessment_project.stg_activity_types, now model.enpal_assessment_project.stg_deal_changes)
[0m18:23:26.512905 [debug] [Thread-1 (]: Began compiling node model.enpal_assessment_project.stg_deal_changes
[0m18:23:26.517859 [debug] [Thread-1 (]: Writing injected SQL for node "model.enpal_assessment_project.stg_deal_changes"
[0m18:23:26.519493 [debug] [Thread-1 (]: Began executing node model.enpal_assessment_project.stg_deal_changes
[0m18:23:26.520433 [debug] [Thread-1 (]: Finished running node model.enpal_assessment_project.stg_deal_changes
[0m18:23:26.520934 [debug] [Thread-1 (]: Began running node model.enpal_assessment_project.stg_fields
[0m18:23:26.521554 [debug] [Thread-1 (]: Re-using an available connection from the pool (formerly model.enpal_assessment_project.stg_deal_changes, now model.enpal_assessment_project.stg_fields)
[0m18:23:26.522204 [debug] [Thread-1 (]: Began compiling node model.enpal_assessment_project.stg_fields
[0m18:23:26.525802 [debug] [Thread-1 (]: Writing injected SQL for node "model.enpal_assessment_project.stg_fields"
[0m18:23:26.526676 [debug] [Thread-1 (]: Began executing node model.enpal_assessment_project.stg_fields
[0m18:23:26.527643 [debug] [Thread-1 (]: Finished running node model.enpal_assessment_project.stg_fields
[0m18:23:26.528461 [debug] [Thread-1 (]: Began running node model.enpal_assessment_project.stg_stages
[0m18:23:26.529331 [debug] [Thread-1 (]: Re-using an available connection from the pool (formerly model.enpal_assessment_project.stg_fields, now model.enpal_assessment_project.stg_stages)
[0m18:23:26.529952 [debug] [Thread-1 (]: Began compiling node model.enpal_assessment_project.stg_stages
[0m18:23:26.534774 [debug] [Thread-1 (]: Writing injected SQL for node "model.enpal_assessment_project.stg_stages"
[0m18:23:26.535808 [debug] [Thread-1 (]: Began executing node model.enpal_assessment_project.stg_stages
[0m18:23:26.536830 [debug] [Thread-1 (]: Finished running node model.enpal_assessment_project.stg_stages
[0m18:23:26.537417 [debug] [Thread-1 (]: Began running node model.enpal_assessment_project.stg_users
[0m18:23:26.538245 [debug] [Thread-1 (]: Re-using an available connection from the pool (formerly model.enpal_assessment_project.stg_stages, now model.enpal_assessment_project.stg_users)
[0m18:23:26.538766 [debug] [Thread-1 (]: Began compiling node model.enpal_assessment_project.stg_users
[0m18:23:26.542683 [debug] [Thread-1 (]: Writing injected SQL for node "model.enpal_assessment_project.stg_users"
[0m18:23:26.543719 [debug] [Thread-1 (]: Began executing node model.enpal_assessment_project.stg_users
[0m18:23:26.544922 [debug] [Thread-1 (]: Finished running node model.enpal_assessment_project.stg_users
[0m18:23:26.545517 [debug] [Thread-1 (]: Began running node test.enpal_assessment_project.not_null_stg_activity_activity_id.a68836e3e5
[0m18:23:26.546366 [debug] [Thread-1 (]: Re-using an available connection from the pool (formerly model.enpal_assessment_project.stg_users, now test.enpal_assessment_project.not_null_stg_activity_activity_id.a68836e3e5)
[0m18:23:26.546848 [debug] [Thread-1 (]: Began compiling node test.enpal_assessment_project.not_null_stg_activity_activity_id.a68836e3e5
[0m18:23:26.562681 [debug] [Thread-1 (]: Writing injected SQL for node "test.enpal_assessment_project.not_null_stg_activity_activity_id.a68836e3e5"
[0m18:23:26.563680 [debug] [Thread-1 (]: Began executing node test.enpal_assessment_project.not_null_stg_activity_activity_id.a68836e3e5
[0m18:23:26.564546 [debug] [Thread-1 (]: Finished running node test.enpal_assessment_project.not_null_stg_activity_activity_id.a68836e3e5
[0m18:23:26.565144 [debug] [Thread-1 (]: Began running node test.enpal_assessment_project.not_null_stg_activity_add_time.67d7f7721c
[0m18:23:26.565848 [debug] [Thread-1 (]: Re-using an available connection from the pool (formerly test.enpal_assessment_project.not_null_stg_activity_activity_id.a68836e3e5, now test.enpal_assessment_project.not_null_stg_activity_add_time.67d7f7721c)
[0m18:23:26.566691 [debug] [Thread-1 (]: Began compiling node test.enpal_assessment_project.not_null_stg_activity_add_time.67d7f7721c
[0m18:23:26.571369 [debug] [Thread-1 (]: Writing injected SQL for node "test.enpal_assessment_project.not_null_stg_activity_add_time.67d7f7721c"
[0m18:23:26.572235 [debug] [Thread-1 (]: Began executing node test.enpal_assessment_project.not_null_stg_activity_add_time.67d7f7721c
[0m18:23:26.573086 [debug] [Thread-1 (]: Finished running node test.enpal_assessment_project.not_null_stg_activity_add_time.67d7f7721c
[0m18:23:26.573631 [debug] [Thread-1 (]: Began running node test.enpal_assessment_project.not_null_stg_activity_deal_id.f78c16f252
[0m18:23:26.574453 [debug] [Thread-1 (]: Re-using an available connection from the pool (formerly test.enpal_assessment_project.not_null_stg_activity_add_time.67d7f7721c, now test.enpal_assessment_project.not_null_stg_activity_deal_id.f78c16f252)
[0m18:23:26.575452 [debug] [Thread-1 (]: Began compiling node test.enpal_assessment_project.not_null_stg_activity_deal_id.f78c16f252
[0m18:23:26.581876 [debug] [Thread-1 (]: Writing injected SQL for node "test.enpal_assessment_project.not_null_stg_activity_deal_id.f78c16f252"
[0m18:23:26.583016 [debug] [Thread-1 (]: Began executing node test.enpal_assessment_project.not_null_stg_activity_deal_id.f78c16f252
[0m18:23:26.584452 [debug] [Thread-1 (]: Finished running node test.enpal_assessment_project.not_null_stg_activity_deal_id.f78c16f252
[0m18:23:26.584994 [debug] [Thread-1 (]: Began running node test.enpal_assessment_project.unique_stg_activity_activity_id.6483ff34a9
[0m18:23:26.585554 [debug] [Thread-1 (]: Re-using an available connection from the pool (formerly test.enpal_assessment_project.not_null_stg_activity_deal_id.f78c16f252, now test.enpal_assessment_project.unique_stg_activity_activity_id.6483ff34a9)
[0m18:23:26.586030 [debug] [Thread-1 (]: Began compiling node test.enpal_assessment_project.unique_stg_activity_activity_id.6483ff34a9
[0m18:23:26.592900 [debug] [Thread-1 (]: Writing injected SQL for node "test.enpal_assessment_project.unique_stg_activity_activity_id.6483ff34a9"
[0m18:23:26.594340 [debug] [Thread-1 (]: Began executing node test.enpal_assessment_project.unique_stg_activity_activity_id.6483ff34a9
[0m18:23:26.595635 [debug] [Thread-1 (]: Finished running node test.enpal_assessment_project.unique_stg_activity_activity_id.6483ff34a9
[0m18:23:26.596205 [debug] [Thread-1 (]: Began running node model.enpal_assessment_project.int_activity_events
[0m18:23:26.596822 [debug] [Thread-1 (]: Re-using an available connection from the pool (formerly test.enpal_assessment_project.unique_stg_activity_activity_id.6483ff34a9, now model.enpal_assessment_project.int_activity_events)
[0m18:23:26.597310 [debug] [Thread-1 (]: Began compiling node model.enpal_assessment_project.int_activity_events
[0m18:23:26.601680 [debug] [Thread-1 (]: Writing injected SQL for node "model.enpal_assessment_project.int_activity_events"
[0m18:23:26.602663 [debug] [Thread-1 (]: Began executing node model.enpal_assessment_project.int_activity_events
[0m18:23:26.603534 [debug] [Thread-1 (]: Finished running node model.enpal_assessment_project.int_activity_events
[0m18:23:26.604045 [debug] [Thread-1 (]: Began running node test.enpal_assessment_project.not_null_stg_activity_types_activity_type_id.10b3776169
[0m18:23:26.604668 [debug] [Thread-1 (]: Re-using an available connection from the pool (formerly model.enpal_assessment_project.int_activity_events, now test.enpal_assessment_project.not_null_stg_activity_types_activity_type_id.10b3776169)
[0m18:23:26.605325 [debug] [Thread-1 (]: Began compiling node test.enpal_assessment_project.not_null_stg_activity_types_activity_type_id.10b3776169
[0m18:23:26.611235 [debug] [Thread-1 (]: Writing injected SQL for node "test.enpal_assessment_project.not_null_stg_activity_types_activity_type_id.10b3776169"
[0m18:23:26.612121 [debug] [Thread-1 (]: Began executing node test.enpal_assessment_project.not_null_stg_activity_types_activity_type_id.10b3776169
[0m18:23:26.612970 [debug] [Thread-1 (]: Finished running node test.enpal_assessment_project.not_null_stg_activity_types_activity_type_id.10b3776169
[0m18:23:26.613468 [debug] [Thread-1 (]: Began running node test.enpal_assessment_project.not_null_stg_activity_types_activity_type_name.1c8fca70c5
[0m18:23:26.614015 [debug] [Thread-1 (]: Re-using an available connection from the pool (formerly test.enpal_assessment_project.not_null_stg_activity_types_activity_type_id.10b3776169, now test.enpal_assessment_project.not_null_stg_activity_types_activity_type_name.1c8fca70c5)
[0m18:23:26.614499 [debug] [Thread-1 (]: Began compiling node test.enpal_assessment_project.not_null_stg_activity_types_activity_type_name.1c8fca70c5
[0m18:23:26.620406 [debug] [Thread-1 (]: Writing injected SQL for node "test.enpal_assessment_project.not_null_stg_activity_types_activity_type_name.1c8fca70c5"
[0m18:23:26.621283 [debug] [Thread-1 (]: Began executing node test.enpal_assessment_project.not_null_stg_activity_types_activity_type_name.1c8fca70c5
[0m18:23:26.622172 [debug] [Thread-1 (]: Finished running node test.enpal_assessment_project.not_null_stg_activity_types_activity_type_name.1c8fca70c5
[0m18:23:26.622702 [debug] [Thread-1 (]: Began running node test.enpal_assessment_project.unique_stg_activity_types_activity_type_id.065efcc0bd
[0m18:23:26.623399 [debug] [Thread-1 (]: Re-using an available connection from the pool (formerly test.enpal_assessment_project.not_null_stg_activity_types_activity_type_name.1c8fca70c5, now test.enpal_assessment_project.unique_stg_activity_types_activity_type_id.065efcc0bd)
[0m18:23:26.623976 [debug] [Thread-1 (]: Began compiling node test.enpal_assessment_project.unique_stg_activity_types_activity_type_id.065efcc0bd
[0m18:23:26.630719 [debug] [Thread-1 (]: Writing injected SQL for node "test.enpal_assessment_project.unique_stg_activity_types_activity_type_id.065efcc0bd"
[0m18:23:26.631608 [debug] [Thread-1 (]: Began executing node test.enpal_assessment_project.unique_stg_activity_types_activity_type_id.065efcc0bd
[0m18:23:26.632703 [debug] [Thread-1 (]: Finished running node test.enpal_assessment_project.unique_stg_activity_types_activity_type_id.065efcc0bd
[0m18:23:26.633321 [debug] [Thread-1 (]: Began running node test.enpal_assessment_project.not_null_stg_deal_changes_change_time.d739b89f9d
[0m18:23:26.634117 [debug] [Thread-1 (]: Re-using an available connection from the pool (formerly test.enpal_assessment_project.unique_stg_activity_types_activity_type_id.065efcc0bd, now test.enpal_assessment_project.not_null_stg_deal_changes_change_time.d739b89f9d)
[0m18:23:26.634968 [debug] [Thread-1 (]: Began compiling node test.enpal_assessment_project.not_null_stg_deal_changes_change_time.d739b89f9d
[0m18:23:26.640953 [debug] [Thread-1 (]: Writing injected SQL for node "test.enpal_assessment_project.not_null_stg_deal_changes_change_time.d739b89f9d"
[0m18:23:26.641931 [debug] [Thread-1 (]: Began executing node test.enpal_assessment_project.not_null_stg_deal_changes_change_time.d739b89f9d
[0m18:23:26.643294 [debug] [Thread-1 (]: Finished running node test.enpal_assessment_project.not_null_stg_deal_changes_change_time.d739b89f9d
[0m18:23:26.644238 [debug] [Thread-1 (]: Began running node test.enpal_assessment_project.not_null_stg_deal_changes_changed_field_key.bd8a8a5b1f
[0m18:23:26.645365 [debug] [Thread-1 (]: Re-using an available connection from the pool (formerly test.enpal_assessment_project.not_null_stg_deal_changes_change_time.d739b89f9d, now test.enpal_assessment_project.not_null_stg_deal_changes_changed_field_key.bd8a8a5b1f)
[0m18:23:26.645954 [debug] [Thread-1 (]: Began compiling node test.enpal_assessment_project.not_null_stg_deal_changes_changed_field_key.bd8a8a5b1f
[0m18:23:26.651089 [debug] [Thread-1 (]: Writing injected SQL for node "test.enpal_assessment_project.not_null_stg_deal_changes_changed_field_key.bd8a8a5b1f"
[0m18:23:26.652010 [debug] [Thread-1 (]: Began executing node test.enpal_assessment_project.not_null_stg_deal_changes_changed_field_key.bd8a8a5b1f
[0m18:23:26.652915 [debug] [Thread-1 (]: Finished running node test.enpal_assessment_project.not_null_stg_deal_changes_changed_field_key.bd8a8a5b1f
[0m18:23:26.653433 [debug] [Thread-1 (]: Began running node test.enpal_assessment_project.not_null_stg_deal_changes_deal_id.32d7e9b75e
[0m18:23:26.654231 [debug] [Thread-1 (]: Re-using an available connection from the pool (formerly test.enpal_assessment_project.not_null_stg_deal_changes_changed_field_key.bd8a8a5b1f, now test.enpal_assessment_project.not_null_stg_deal_changes_deal_id.32d7e9b75e)
[0m18:23:26.654889 [debug] [Thread-1 (]: Began compiling node test.enpal_assessment_project.not_null_stg_deal_changes_deal_id.32d7e9b75e
[0m18:23:26.660077 [debug] [Thread-1 (]: Writing injected SQL for node "test.enpal_assessment_project.not_null_stg_deal_changes_deal_id.32d7e9b75e"
[0m18:23:26.661203 [debug] [Thread-1 (]: Began executing node test.enpal_assessment_project.not_null_stg_deal_changes_deal_id.32d7e9b75e
[0m18:23:26.662127 [debug] [Thread-1 (]: Finished running node test.enpal_assessment_project.not_null_stg_deal_changes_deal_id.32d7e9b75e
[0m18:23:26.662638 [debug] [Thread-1 (]: Began running node test.enpal_assessment_project.not_null_stg_fields_field_key.f981d3affe
[0m18:23:26.663444 [debug] [Thread-1 (]: Re-using an available connection from the pool (formerly test.enpal_assessment_project.not_null_stg_deal_changes_deal_id.32d7e9b75e, now test.enpal_assessment_project.not_null_stg_fields_field_key.f981d3affe)
[0m18:23:26.664043 [debug] [Thread-1 (]: Began compiling node test.enpal_assessment_project.not_null_stg_fields_field_key.f981d3affe
[0m18:23:26.672000 [debug] [Thread-1 (]: Writing injected SQL for node "test.enpal_assessment_project.not_null_stg_fields_field_key.f981d3affe"
[0m18:23:26.673226 [debug] [Thread-1 (]: Began executing node test.enpal_assessment_project.not_null_stg_fields_field_key.f981d3affe
[0m18:23:26.674556 [debug] [Thread-1 (]: Finished running node test.enpal_assessment_project.not_null_stg_fields_field_key.f981d3affe
[0m18:23:26.675280 [debug] [Thread-1 (]: Began running node test.enpal_assessment_project.not_null_stg_fields_field_name.0230fcaacd
[0m18:23:26.676084 [debug] [Thread-1 (]: Re-using an available connection from the pool (formerly test.enpal_assessment_project.not_null_stg_fields_field_key.f981d3affe, now test.enpal_assessment_project.not_null_stg_fields_field_name.0230fcaacd)
[0m18:23:26.676601 [debug] [Thread-1 (]: Began compiling node test.enpal_assessment_project.not_null_stg_fields_field_name.0230fcaacd
[0m18:23:26.682243 [debug] [Thread-1 (]: Writing injected SQL for node "test.enpal_assessment_project.not_null_stg_fields_field_name.0230fcaacd"
[0m18:23:26.683313 [debug] [Thread-1 (]: Began executing node test.enpal_assessment_project.not_null_stg_fields_field_name.0230fcaacd
[0m18:23:26.684517 [debug] [Thread-1 (]: Finished running node test.enpal_assessment_project.not_null_stg_fields_field_name.0230fcaacd
[0m18:23:26.685338 [debug] [Thread-1 (]: Began running node test.enpal_assessment_project.unique_stg_fields_field_key.ea1d2437a4
[0m18:23:26.686028 [debug] [Thread-1 (]: Re-using an available connection from the pool (formerly test.enpal_assessment_project.not_null_stg_fields_field_name.0230fcaacd, now test.enpal_assessment_project.unique_stg_fields_field_key.ea1d2437a4)
[0m18:23:26.686539 [debug] [Thread-1 (]: Began compiling node test.enpal_assessment_project.unique_stg_fields_field_key.ea1d2437a4
[0m18:23:26.694664 [debug] [Thread-1 (]: Writing injected SQL for node "test.enpal_assessment_project.unique_stg_fields_field_key.ea1d2437a4"
[0m18:23:26.696040 [debug] [Thread-1 (]: Began executing node test.enpal_assessment_project.unique_stg_fields_field_key.ea1d2437a4
[0m18:23:26.696997 [debug] [Thread-1 (]: Finished running node test.enpal_assessment_project.unique_stg_fields_field_key.ea1d2437a4
[0m18:23:26.697633 [debug] [Thread-1 (]: Began running node model.enpal_assessment_project.int_stage_transitions
[0m18:23:26.698280 [debug] [Thread-1 (]: Re-using an available connection from the pool (formerly test.enpal_assessment_project.unique_stg_fields_field_key.ea1d2437a4, now model.enpal_assessment_project.int_stage_transitions)
[0m18:23:26.698801 [debug] [Thread-1 (]: Began compiling node model.enpal_assessment_project.int_stage_transitions
[0m18:23:26.702852 [debug] [Thread-1 (]: Writing injected SQL for node "model.enpal_assessment_project.int_stage_transitions"
[0m18:23:26.704035 [debug] [Thread-1 (]: Began executing node model.enpal_assessment_project.int_stage_transitions
[0m18:23:26.705329 [debug] [Thread-1 (]: Finished running node model.enpal_assessment_project.int_stage_transitions
[0m18:23:26.706164 [debug] [Thread-1 (]: Began running node test.enpal_assessment_project.not_null_stg_stages_stage_id.6a7c0c8378
[0m18:23:26.707155 [debug] [Thread-1 (]: Re-using an available connection from the pool (formerly model.enpal_assessment_project.int_stage_transitions, now test.enpal_assessment_project.not_null_stg_stages_stage_id.6a7c0c8378)
[0m18:23:26.707898 [debug] [Thread-1 (]: Began compiling node test.enpal_assessment_project.not_null_stg_stages_stage_id.6a7c0c8378
[0m18:23:26.712985 [debug] [Thread-1 (]: Writing injected SQL for node "test.enpal_assessment_project.not_null_stg_stages_stage_id.6a7c0c8378"
[0m18:23:26.714240 [debug] [Thread-1 (]: Began executing node test.enpal_assessment_project.not_null_stg_stages_stage_id.6a7c0c8378
[0m18:23:26.715145 [debug] [Thread-1 (]: Finished running node test.enpal_assessment_project.not_null_stg_stages_stage_id.6a7c0c8378
[0m18:23:26.715830 [debug] [Thread-1 (]: Began running node test.enpal_assessment_project.not_null_stg_stages_stage_name.d8c326ee25
[0m18:23:26.716727 [debug] [Thread-1 (]: Re-using an available connection from the pool (formerly test.enpal_assessment_project.not_null_stg_stages_stage_id.6a7c0c8378, now test.enpal_assessment_project.not_null_stg_stages_stage_name.d8c326ee25)
[0m18:23:26.717596 [debug] [Thread-1 (]: Began compiling node test.enpal_assessment_project.not_null_stg_stages_stage_name.d8c326ee25
[0m18:23:26.724038 [debug] [Thread-1 (]: Writing injected SQL for node "test.enpal_assessment_project.not_null_stg_stages_stage_name.d8c326ee25"
[0m18:23:26.724927 [debug] [Thread-1 (]: Began executing node test.enpal_assessment_project.not_null_stg_stages_stage_name.d8c326ee25
[0m18:23:26.725849 [debug] [Thread-1 (]: Finished running node test.enpal_assessment_project.not_null_stg_stages_stage_name.d8c326ee25
[0m18:23:26.726441 [debug] [Thread-1 (]: Began running node test.enpal_assessment_project.unique_stg_stages_stage_id.7d330989f3
[0m18:23:26.727490 [debug] [Thread-1 (]: Re-using an available connection from the pool (formerly test.enpal_assessment_project.not_null_stg_stages_stage_name.d8c326ee25, now test.enpal_assessment_project.unique_stg_stages_stage_id.7d330989f3)
[0m18:23:26.728056 [debug] [Thread-1 (]: Began compiling node test.enpal_assessment_project.unique_stg_stages_stage_id.7d330989f3
[0m18:23:26.735061 [debug] [Thread-1 (]: Writing injected SQL for node "test.enpal_assessment_project.unique_stg_stages_stage_id.7d330989f3"
[0m18:23:26.736570 [debug] [Thread-1 (]: Began executing node test.enpal_assessment_project.unique_stg_stages_stage_id.7d330989f3
[0m18:23:26.738095 [debug] [Thread-1 (]: Finished running node test.enpal_assessment_project.unique_stg_stages_stage_id.7d330989f3
[0m18:23:26.738992 [debug] [Thread-1 (]: Began running node test.enpal_assessment_project.not_null_stg_users_user_id.980dfc1b77
[0m18:23:26.739905 [debug] [Thread-1 (]: Re-using an available connection from the pool (formerly test.enpal_assessment_project.unique_stg_stages_stage_id.7d330989f3, now test.enpal_assessment_project.not_null_stg_users_user_id.980dfc1b77)
[0m18:23:26.740784 [debug] [Thread-1 (]: Began compiling node test.enpal_assessment_project.not_null_stg_users_user_id.980dfc1b77
[0m18:23:26.746405 [debug] [Thread-1 (]: Writing injected SQL for node "test.enpal_assessment_project.not_null_stg_users_user_id.980dfc1b77"
[0m18:23:26.747589 [debug] [Thread-1 (]: Began executing node test.enpal_assessment_project.not_null_stg_users_user_id.980dfc1b77
[0m18:23:26.749351 [debug] [Thread-1 (]: Finished running node test.enpal_assessment_project.not_null_stg_users_user_id.980dfc1b77
[0m18:23:26.750434 [debug] [Thread-1 (]: Began running node test.enpal_assessment_project.not_null_stg_users_user_name.226879cc53
[0m18:23:26.751450 [debug] [Thread-1 (]: Re-using an available connection from the pool (formerly test.enpal_assessment_project.not_null_stg_users_user_id.980dfc1b77, now test.enpal_assessment_project.not_null_stg_users_user_name.226879cc53)
[0m18:23:26.752442 [debug] [Thread-1 (]: Began compiling node test.enpal_assessment_project.not_null_stg_users_user_name.226879cc53
[0m18:23:26.761601 [debug] [Thread-1 (]: Writing injected SQL for node "test.enpal_assessment_project.not_null_stg_users_user_name.226879cc53"
[0m18:23:26.774566 [debug] [Thread-1 (]: Began executing node test.enpal_assessment_project.not_null_stg_users_user_name.226879cc53
[0m18:23:26.776226 [debug] [Thread-1 (]: Finished running node test.enpal_assessment_project.not_null_stg_users_user_name.226879cc53
[0m18:23:26.777313 [debug] [Thread-1 (]: Began running node test.enpal_assessment_project.unique_stg_users_user_id.c2ff477e6b
[0m18:23:26.778318 [debug] [Thread-1 (]: Re-using an available connection from the pool (formerly test.enpal_assessment_project.not_null_stg_users_user_name.226879cc53, now test.enpal_assessment_project.unique_stg_users_user_id.c2ff477e6b)
[0m18:23:26.779514 [debug] [Thread-1 (]: Began compiling node test.enpal_assessment_project.unique_stg_users_user_id.c2ff477e6b
[0m18:23:26.790139 [debug] [Thread-1 (]: Writing injected SQL for node "test.enpal_assessment_project.unique_stg_users_user_id.c2ff477e6b"
[0m18:23:26.791658 [debug] [Thread-1 (]: Began executing node test.enpal_assessment_project.unique_stg_users_user_id.c2ff477e6b
[0m18:23:26.793110 [debug] [Thread-1 (]: Finished running node test.enpal_assessment_project.unique_stg_users_user_id.c2ff477e6b
[0m18:23:26.794803 [debug] [MainThread]: Connection 'master' was properly closed.
[0m18:23:26.795528 [debug] [MainThread]: Connection 'test.enpal_assessment_project.unique_stg_users_user_id.c2ff477e6b' was properly closed.
[0m18:23:26.804052 [debug] [MainThread]: Command end result
[0m18:23:26.874925 [debug] [MainThread]: Wrote artifact WritableManifest to /Users/macbook/Desktop/ENPAL/Take-Home-Assessment/REPO/dbt_enpal_assessment/target/manifest.json
[0m18:23:26.878900 [debug] [MainThread]: Wrote artifact SemanticManifest to /Users/macbook/Desktop/ENPAL/Take-Home-Assessment/REPO/dbt_enpal_assessment/target/semantic_manifest.json
[0m18:23:26.897366 [debug] [MainThread]: Wrote artifact RunExecutionResult to /Users/macbook/Desktop/ENPAL/Take-Home-Assessment/REPO/dbt_enpal_assessment/target/run_results.json
[0m18:23:26.900009 [debug] [MainThread]: Resource report: {"command_name": "compile", "command_success": true, "command_wall_clock_time": 3.6344242, "process_in_blocks": "0", "process_kernel_time": 0.621273, "process_mem_max_rss": "127021056", "process_out_blocks": "0", "process_user_time": 4.684109}
[0m18:23:26.901059 [debug] [MainThread]: Command `dbt compile` succeeded at 18:23:26.900785 after 3.64 seconds
[0m18:23:26.902002 [debug] [MainThread]: Sending event: {'category': 'dbt', 'action': 'invocation', 'label': 'end', 'context': [<snowplow_tracker.self_describing_json.SelfDescribingJson object at 0x7fdbeb5b4430>, <snowplow_tracker.self_describing_json.SelfDescribingJson object at 0x7fdbee6fe770>, <snowplow_tracker.self_describing_json.SelfDescribingJson object at 0x7fdbee6feda0>]}
[0m18:23:26.902900 [debug] [MainThread]: Flushing usage events
[0m18:23:27.385422 [debug] [MainThread]: An error was encountered while trying to flush usage events
[0m18:23:29.666010 [debug] [MainThread]: Sending event: {'category': 'dbt', 'action': 'invocation', 'label': 'start', 'context': [<snowplow_tracker.self_describing_json.SelfDescribingJson object at 0x7fd92bdd44f0>, <snowplow_tracker.self_describing_json.SelfDescribingJson object at 0x7fd92d8c1210>, <snowplow_tracker.self_describing_json.SelfDescribingJson object at 0x7fd92d8c0b20>]}


============================== 18:23:29.670917 | 396d32d2-aefc-4af6-acff-6ca8bd72ef42 ==============================
[0m18:23:29.670917 [info ] [MainThread]: Running with dbt=1.10.13
[0m18:23:29.671650 [debug] [MainThread]: running dbt with arguments {'empty': 'False', 'debug': 'False', 'log_format': 'default', 'target_path': 'None', 'warn_error_options': 'WarnErrorOptionsV2(error=[], warn=[], silence=[])', 'partial_parse': 'False', 'static_parser': 'True', 'no_print': 'None', 'send_anonymous_usage_stats': 'True', 'use_experimental_parser': 'False', 'invocation_command': 'dbt run --select rep_sales_funnel_monthly --full-refresh --no-partial-parse', 'write_json': 'True', 'version_check': 'True', 'introspect': 'True', 'use_colors': 'True', 'printer_width': '80', 'log_cache_events': 'False', 'warn_error': 'None', 'quiet': 'False', 'indirect_selection': 'eager', 'cache_selected_only': 'False', 'log_path': '/Users/macbook/Desktop/ENPAL/Take-Home-Assessment/REPO/dbt_enpal_assessment/logs', 'fail_fast': 'False', 'profiles_dir': '/Users/macbook/Desktop/Enpal/Take-Home-Assessment/REPO/dbt_enpal_assessment'}
[0m18:23:30.068475 [debug] [MainThread]: Sending event: {'category': 'dbt', 'action': 'project_id', 'label': '396d32d2-aefc-4af6-acff-6ca8bd72ef42', 'context': [<snowplow_tracker.self_describing_json.SelfDescribingJson object at 0x7fd92be9c5b0>]}
[0m18:23:30.152398 [debug] [MainThread]: Sending event: {'category': 'dbt', 'action': 'adapter_info', 'label': '396d32d2-aefc-4af6-acff-6ca8bd72ef42', 'context': [<snowplow_tracker.self_describing_json.SelfDescribingJson object at 0x7fd92ce3b790>]}
[0m18:23:30.153457 [info ] [MainThread]: Registered adapter: postgres=1.9.1
[0m18:23:30.341894 [debug] [MainThread]: checksum: 9f0c81e2574b4ff463f3d16d080df83c6982fc0372c9feeacae0504ac9ea3ffe, vars: {}, profile: , target: , version: 1.10.13
[0m18:23:30.343109 [debug] [MainThread]: Partial parsing not enabled
[0m18:23:32.081845 [debug] [MainThread]: Sending event: {'category': 'dbt', 'action': 'load_project', 'label': '396d32d2-aefc-4af6-acff-6ca8bd72ef42', 'context': [<snowplow_tracker.self_describing_json.SelfDescribingJson object at 0x7fd92ecc0dc0>]}
[0m18:23:32.278767 [debug] [MainThread]: Wrote artifact WritableManifest to /Users/macbook/Desktop/ENPAL/Take-Home-Assessment/REPO/dbt_enpal_assessment/target/manifest.json
[0m18:23:32.282077 [debug] [MainThread]: Wrote artifact SemanticManifest to /Users/macbook/Desktop/ENPAL/Take-Home-Assessment/REPO/dbt_enpal_assessment/target/semantic_manifest.json
[0m18:23:32.307381 [debug] [MainThread]: Sending event: {'category': 'dbt', 'action': 'resource_counts', 'label': '396d32d2-aefc-4af6-acff-6ca8bd72ef42', 'context': [<snowplow_tracker.self_describing_json.SelfDescribingJson object at 0x7fd92ee160b0>]}
[0m18:23:32.308081 [info ] [MainThread]: Found 9 models, 19 data tests, 6 sources, 447 macros
[0m18:23:32.308758 [debug] [MainThread]: Sending event: {'category': 'dbt', 'action': 'runnable_timing', 'label': '396d32d2-aefc-4af6-acff-6ca8bd72ef42', 'context': [<snowplow_tracker.self_describing_json.SelfDescribingJson object at 0x7fd92ee19cc0>]}
[0m18:23:32.310753 [warn ] [MainThread]: Nothing to do. Try checking your model configs and model specification args
[0m18:23:32.311496 [debug] [MainThread]: Command end result
[0m18:23:32.344815 [debug] [MainThread]: Wrote artifact WritableManifest to /Users/macbook/Desktop/ENPAL/Take-Home-Assessment/REPO/dbt_enpal_assessment/target/manifest.json
[0m18:23:32.348071 [debug] [MainThread]: Wrote artifact SemanticManifest to /Users/macbook/Desktop/ENPAL/Take-Home-Assessment/REPO/dbt_enpal_assessment/target/semantic_manifest.json
[0m18:23:32.354274 [debug] [MainThread]: Wrote artifact RunExecutionResult to /Users/macbook/Desktop/ENPAL/Take-Home-Assessment/REPO/dbt_enpal_assessment/target/run_results.json
[0m18:23:32.356681 [debug] [MainThread]: Resource report: {"command_name": "run", "command_success": true, "command_wall_clock_time": 2.78528, "process_in_blocks": "0", "process_kernel_time": 0.390972, "process_mem_max_rss": "119238656", "process_out_blocks": "0", "process_user_time": 3.968892}
[0m18:23:32.357415 [debug] [MainThread]: Command `dbt run` succeeded at 18:23:32.357276 after 2.79 seconds
[0m18:23:32.357971 [debug] [MainThread]: Sending event: {'category': 'dbt', 'action': 'invocation', 'label': 'end', 'context': [<snowplow_tracker.self_describing_json.SelfDescribingJson object at 0x7fd92bdd44f0>, <snowplow_tracker.self_describing_json.SelfDescribingJson object at 0x7fd92b4f6200>, <snowplow_tracker.self_describing_json.SelfDescribingJson object at 0x7fd92be99b70>]}
[0m18:23:32.358594 [debug] [MainThread]: Flushing usage events
[0m18:23:32.831416 [debug] [MainThread]: An error was encountered while trying to flush usage events
[0m18:25:41.498857 [debug] [MainThread]: Sending event: {'category': 'dbt', 'action': 'invocation', 'label': 'start', 'context': [<snowplow_tracker.self_describing_json.SelfDescribingJson object at 0x7fc4e95a04c0>, <snowplow_tracker.self_describing_json.SelfDescribingJson object at 0x7fc4eaf21240>, <snowplow_tracker.self_describing_json.SelfDescribingJson object at 0x7fc4eaf20b50>]}


============================== 18:25:41.507654 | 285b42eb-400a-4003-852a-ccc234d913eb ==============================
[0m18:25:41.507654 [info ] [MainThread]: Running with dbt=1.10.13
[0m18:25:41.509224 [debug] [MainThread]: running dbt with arguments {'warn_error': 'None', 'target_path': 'None', 'write_json': 'True', 'version_check': 'True', 'empty': 'False', 'quiet': 'False', 'debug': 'False', 'use_colors': 'True', 'profiles_dir': '/Users/macbook/Desktop/Enpal/Take-Home-Assessment/REPO/dbt_enpal_assessment', 'partial_parse': 'True', 'indirect_selection': 'eager', 'warn_error_options': 'WarnErrorOptionsV2(error=[], warn=[], silence=[])', 'introspect': 'True', 'no_print': 'None', 'log_format': 'default', 'invocation_command': 'dbt compile', 'cache_selected_only': 'False', 'printer_width': '80', 'static_parser': 'True', 'log_cache_events': 'False', 'send_anonymous_usage_stats': 'True', 'fail_fast': 'False', 'log_path': '/Users/macbook/Desktop/ENPAL/Take-Home-Assessment/REPO/dbt_enpal_assessment/logs', 'use_experimental_parser': 'False'}
[0m18:25:42.054877 [debug] [MainThread]: Sending event: {'category': 'dbt', 'action': 'project_id', 'label': '285b42eb-400a-4003-852a-ccc234d913eb', 'context': [<snowplow_tracker.self_describing_json.SelfDescribingJson object at 0x7fc4eb189300>]}
[0m18:25:42.144998 [debug] [MainThread]: Sending event: {'category': 'dbt', 'action': 'adapter_info', 'label': '285b42eb-400a-4003-852a-ccc234d913eb', 'context': [<snowplow_tracker.self_describing_json.SelfDescribingJson object at 0x7fc4e9d2ab90>]}
[0m18:25:42.147026 [info ] [MainThread]: Registered adapter: postgres=1.9.1
[0m18:25:42.352370 [debug] [MainThread]: checksum: 9f0c81e2574b4ff463f3d16d080df83c6982fc0372c9feeacae0504ac9ea3ffe, vars: {}, profile: , target: , version: 1.10.13
[0m18:25:42.629028 [debug] [MainThread]: Partial parsing enabled: 0 files deleted, 0 files added, 1 files changed.
[0m18:25:42.630258 [debug] [MainThread]: Partial parsing: updated file: enpal_assessment_project://models/marts/rep_sales_funnel_monthly.sql
[0m18:25:43.140906 [debug] [MainThread]: Sending event: {'category': 'dbt', 'action': 'load_project', 'label': '285b42eb-400a-4003-852a-ccc234d913eb', 'context': [<snowplow_tracker.self_describing_json.SelfDescribingJson object at 0x7fc4eb7f2500>]}
[0m18:25:43.279827 [debug] [MainThread]: Wrote artifact WritableManifest to /Users/macbook/Desktop/ENPAL/Take-Home-Assessment/REPO/dbt_enpal_assessment/target/manifest.json
[0m18:25:43.287191 [debug] [MainThread]: Wrote artifact SemanticManifest to /Users/macbook/Desktop/ENPAL/Take-Home-Assessment/REPO/dbt_enpal_assessment/target/semantic_manifest.json
[0m18:25:43.339460 [debug] [MainThread]: Sending event: {'category': 'dbt', 'action': 'resource_counts', 'label': '285b42eb-400a-4003-852a-ccc234d913eb', 'context': [<snowplow_tracker.self_describing_json.SelfDescribingJson object at 0x7fc4eb78ce80>]}
[0m18:25:43.340617 [info ] [MainThread]: Found 9 models, 19 data tests, 6 sources, 447 macros
[0m18:25:43.341304 [debug] [MainThread]: Sending event: {'category': 'dbt', 'action': 'runnable_timing', 'label': '285b42eb-400a-4003-852a-ccc234d913eb', 'context': [<snowplow_tracker.self_describing_json.SelfDescribingJson object at 0x7fc4eb7bedd0>]}
[0m18:25:43.347943 [info ] [MainThread]: 
[0m18:25:43.348678 [info ] [MainThread]: Concurrency: 1 threads (target='dev')
[0m18:25:43.349190 [info ] [MainThread]: 
[0m18:25:43.349928 [debug] [MainThread]: Acquiring new postgres connection 'master'
[0m18:25:43.358920 [debug] [ThreadPool]: Acquiring new postgres connection 'list_postgres_public_pipedrive_analytics'
[0m18:25:43.547550 [debug] [ThreadPool]: Using postgres connection "list_postgres_public_pipedrive_analytics"
[0m18:25:43.548187 [debug] [ThreadPool]: On list_postgres_public_pipedrive_analytics: BEGIN
[0m18:25:43.548640 [debug] [ThreadPool]: Opening a new connection, currently in state init
[0m18:25:43.664507 [debug] [ThreadPool]: SQL status: BEGIN in 0.116 seconds
[0m18:25:43.665837 [debug] [ThreadPool]: Using postgres connection "list_postgres_public_pipedrive_analytics"
[0m18:25:43.666677 [debug] [ThreadPool]: On list_postgres_public_pipedrive_analytics: /* {"app": "dbt", "dbt_version": "1.10.13", "profile_name": "enpal_assessment_project", "target_name": "dev", "connection_name": "list_postgres_public_pipedrive_analytics"} */
select
      'postgres' as database,
      tablename as name,
      schemaname as schema,
      'table' as type
    from pg_tables
    where schemaname ilike 'public_pipedrive_analytics'
    union all
    select
      'postgres' as database,
      viewname as name,
      schemaname as schema,
      'view' as type
    from pg_views
    where schemaname ilike 'public_pipedrive_analytics'
    union all
    select
      'postgres' as database,
      matviewname as name,
      schemaname as schema,
      'materialized_view' as type
    from pg_matviews
    where schemaname ilike 'public_pipedrive_analytics'
  
[0m18:25:43.672136 [debug] [ThreadPool]: SQL status: SELECT 9 in 0.005 seconds
[0m18:25:43.674083 [debug] [ThreadPool]: On list_postgres_public_pipedrive_analytics: ROLLBACK
[0m18:25:43.675182 [debug] [ThreadPool]: On list_postgres_public_pipedrive_analytics: Close
[0m18:25:43.683857 [debug] [MainThread]: Using postgres connection "master"
[0m18:25:43.684360 [debug] [MainThread]: On master: BEGIN
[0m18:25:43.684959 [debug] [MainThread]: Opening a new connection, currently in state init
[0m18:25:43.700554 [debug] [MainThread]: SQL status: BEGIN in 0.016 seconds
[0m18:25:43.701478 [debug] [MainThread]: Using postgres connection "master"
[0m18:25:43.703123 [debug] [MainThread]: On master: /* {"app": "dbt", "dbt_version": "1.10.13", "profile_name": "enpal_assessment_project", "target_name": "dev", "connection_name": "master"} */
select distinct
        dependent_namespace.nspname as dependent_schema,
        dependent_class.relname as dependent_name,
        referenced_namespace.nspname as referenced_schema,
        referenced_class.relname as referenced_name

    -- Query for views: views are entries in pg_class with an entry in pg_rewrite, but we avoid
    -- a seq scan on pg_rewrite by leveraging the fact there is an "internal" row in pg_depend for
    -- the view...
    from pg_class as dependent_class
    join pg_namespace as dependent_namespace on dependent_namespace.oid = dependent_class.relnamespace
    join pg_depend as dependent_depend on dependent_depend.refobjid = dependent_class.oid
        and dependent_depend.classid = 'pg_rewrite'::regclass
        and dependent_depend.refclassid = 'pg_class'::regclass
        and dependent_depend.deptype = 'i'

    -- ... and via pg_depend (that has a row per column, hence the need for "distinct" above, and
    -- making sure to exclude the internal row to avoid a view appearing to depend on itself)...
    join pg_depend as joining_depend on joining_depend.objid = dependent_depend.objid
        and joining_depend.classid = 'pg_rewrite'::regclass
        and joining_depend.refclassid = 'pg_class'::regclass
        and joining_depend.refobjid != dependent_depend.refobjid

    -- ... we can find the tables they query from in pg_class, but excluding system tables. Note we
    -- don't need need to exclude _dependent_ system tables, because they only query from other
    -- system tables, and so are automatically excluded by excluding _referenced_ system tables
    join pg_class as referenced_class on referenced_class.oid = joining_depend.refobjid
    join pg_namespace as referenced_namespace on referenced_namespace.oid = referenced_class.relnamespace
        and referenced_namespace.nspname != 'information_schema'
        and referenced_namespace.nspname not like 'pg\_%'

    order by
        dependent_schema, dependent_name, referenced_schema, referenced_name;
[0m18:25:43.709625 [debug] [MainThread]: SQL status: SELECT 10 in 0.006 seconds
[0m18:25:43.716206 [debug] [MainThread]: Sending event: {'category': 'dbt', 'action': 'runnable_timing', 'label': '285b42eb-400a-4003-852a-ccc234d913eb', 'context': [<snowplow_tracker.self_describing_json.SelfDescribingJson object at 0x7fc4e7bcdba0>]}
[0m18:25:43.717512 [debug] [MainThread]: On master: ROLLBACK
[0m18:25:43.719464 [debug] [MainThread]: On master: Close
[0m18:25:43.725094 [debug] [Thread-1 (]: Began running node model.enpal_assessment_project.stg_activity
[0m18:25:43.726016 [debug] [Thread-1 (]: Re-using an available connection from the pool (formerly list_postgres_public_pipedrive_analytics, now model.enpal_assessment_project.stg_activity)
[0m18:25:43.726635 [debug] [Thread-1 (]: Began compiling node model.enpal_assessment_project.stg_activity
[0m18:25:43.741217 [debug] [Thread-1 (]: Writing injected SQL for node "model.enpal_assessment_project.stg_activity"
[0m18:25:43.742809 [debug] [Thread-1 (]: Began executing node model.enpal_assessment_project.stg_activity
[0m18:25:43.743779 [debug] [Thread-1 (]: Finished running node model.enpal_assessment_project.stg_activity
[0m18:25:43.744322 [debug] [Thread-1 (]: Began running node model.enpal_assessment_project.stg_activity_types
[0m18:25:43.745033 [debug] [Thread-1 (]: Re-using an available connection from the pool (formerly model.enpal_assessment_project.stg_activity, now model.enpal_assessment_project.stg_activity_types)
[0m18:25:43.745542 [debug] [Thread-1 (]: Began compiling node model.enpal_assessment_project.stg_activity_types
[0m18:25:43.749198 [debug] [Thread-1 (]: Writing injected SQL for node "model.enpal_assessment_project.stg_activity_types"
[0m18:25:43.751172 [debug] [Thread-1 (]: Began executing node model.enpal_assessment_project.stg_activity_types
[0m18:25:43.752387 [debug] [Thread-1 (]: Finished running node model.enpal_assessment_project.stg_activity_types
[0m18:25:43.753125 [debug] [Thread-1 (]: Began running node model.enpal_assessment_project.stg_deal_changes
[0m18:25:43.754119 [debug] [Thread-1 (]: Re-using an available connection from the pool (formerly model.enpal_assessment_project.stg_activity_types, now model.enpal_assessment_project.stg_deal_changes)
[0m18:25:43.754975 [debug] [Thread-1 (]: Began compiling node model.enpal_assessment_project.stg_deal_changes
[0m18:25:43.759437 [debug] [Thread-1 (]: Writing injected SQL for node "model.enpal_assessment_project.stg_deal_changes"
[0m18:25:43.760906 [debug] [Thread-1 (]: Began executing node model.enpal_assessment_project.stg_deal_changes
[0m18:25:43.762534 [debug] [Thread-1 (]: Finished running node model.enpal_assessment_project.stg_deal_changes
[0m18:25:43.763760 [debug] [Thread-1 (]: Began running node model.enpal_assessment_project.stg_fields
[0m18:25:43.765104 [debug] [Thread-1 (]: Re-using an available connection from the pool (formerly model.enpal_assessment_project.stg_deal_changes, now model.enpal_assessment_project.stg_fields)
[0m18:25:43.765619 [debug] [Thread-1 (]: Began compiling node model.enpal_assessment_project.stg_fields
[0m18:25:43.770598 [debug] [Thread-1 (]: Writing injected SQL for node "model.enpal_assessment_project.stg_fields"
[0m18:25:43.772158 [debug] [Thread-1 (]: Began executing node model.enpal_assessment_project.stg_fields
[0m18:25:43.773438 [debug] [Thread-1 (]: Finished running node model.enpal_assessment_project.stg_fields
[0m18:25:43.774099 [debug] [Thread-1 (]: Began running node model.enpal_assessment_project.stg_stages
[0m18:25:43.774776 [debug] [Thread-1 (]: Re-using an available connection from the pool (formerly model.enpal_assessment_project.stg_fields, now model.enpal_assessment_project.stg_stages)
[0m18:25:43.775297 [debug] [Thread-1 (]: Began compiling node model.enpal_assessment_project.stg_stages
[0m18:25:43.778931 [debug] [Thread-1 (]: Writing injected SQL for node "model.enpal_assessment_project.stg_stages"
[0m18:25:43.780567 [debug] [Thread-1 (]: Began executing node model.enpal_assessment_project.stg_stages
[0m18:25:43.781712 [debug] [Thread-1 (]: Finished running node model.enpal_assessment_project.stg_stages
[0m18:25:43.782264 [debug] [Thread-1 (]: Began running node model.enpal_assessment_project.stg_users
[0m18:25:43.783112 [debug] [Thread-1 (]: Re-using an available connection from the pool (formerly model.enpal_assessment_project.stg_stages, now model.enpal_assessment_project.stg_users)
[0m18:25:43.783658 [debug] [Thread-1 (]: Began compiling node model.enpal_assessment_project.stg_users
[0m18:25:43.787270 [debug] [Thread-1 (]: Writing injected SQL for node "model.enpal_assessment_project.stg_users"
[0m18:25:43.788122 [debug] [Thread-1 (]: Began executing node model.enpal_assessment_project.stg_users
[0m18:25:43.788979 [debug] [Thread-1 (]: Finished running node model.enpal_assessment_project.stg_users
[0m18:25:43.789492 [debug] [Thread-1 (]: Began running node test.enpal_assessment_project.not_null_stg_activity_activity_id.a68836e3e5
[0m18:25:43.790167 [debug] [Thread-1 (]: Re-using an available connection from the pool (formerly model.enpal_assessment_project.stg_users, now test.enpal_assessment_project.not_null_stg_activity_activity_id.a68836e3e5)
[0m18:25:43.790726 [debug] [Thread-1 (]: Began compiling node test.enpal_assessment_project.not_null_stg_activity_activity_id.a68836e3e5
[0m18:25:43.803960 [debug] [Thread-1 (]: Writing injected SQL for node "test.enpal_assessment_project.not_null_stg_activity_activity_id.a68836e3e5"
[0m18:25:43.805630 [debug] [Thread-1 (]: Began executing node test.enpal_assessment_project.not_null_stg_activity_activity_id.a68836e3e5
[0m18:25:43.806840 [debug] [Thread-1 (]: Finished running node test.enpal_assessment_project.not_null_stg_activity_activity_id.a68836e3e5
[0m18:25:43.807406 [debug] [Thread-1 (]: Began running node test.enpal_assessment_project.not_null_stg_activity_add_time.67d7f7721c
[0m18:25:43.807954 [debug] [Thread-1 (]: Re-using an available connection from the pool (formerly test.enpal_assessment_project.not_null_stg_activity_activity_id.a68836e3e5, now test.enpal_assessment_project.not_null_stg_activity_add_time.67d7f7721c)
[0m18:25:43.808439 [debug] [Thread-1 (]: Began compiling node test.enpal_assessment_project.not_null_stg_activity_add_time.67d7f7721c
[0m18:25:43.812961 [debug] [Thread-1 (]: Writing injected SQL for node "test.enpal_assessment_project.not_null_stg_activity_add_time.67d7f7721c"
[0m18:25:43.814256 [debug] [Thread-1 (]: Began executing node test.enpal_assessment_project.not_null_stg_activity_add_time.67d7f7721c
[0m18:25:43.815230 [debug] [Thread-1 (]: Finished running node test.enpal_assessment_project.not_null_stg_activity_add_time.67d7f7721c
[0m18:25:43.815736 [debug] [Thread-1 (]: Began running node test.enpal_assessment_project.not_null_stg_activity_deal_id.f78c16f252
[0m18:25:43.816337 [debug] [Thread-1 (]: Re-using an available connection from the pool (formerly test.enpal_assessment_project.not_null_stg_activity_add_time.67d7f7721c, now test.enpal_assessment_project.not_null_stg_activity_deal_id.f78c16f252)
[0m18:25:43.816863 [debug] [Thread-1 (]: Began compiling node test.enpal_assessment_project.not_null_stg_activity_deal_id.f78c16f252
[0m18:25:43.821706 [debug] [Thread-1 (]: Writing injected SQL for node "test.enpal_assessment_project.not_null_stg_activity_deal_id.f78c16f252"
[0m18:25:43.822970 [debug] [Thread-1 (]: Began executing node test.enpal_assessment_project.not_null_stg_activity_deal_id.f78c16f252
[0m18:25:43.823883 [debug] [Thread-1 (]: Finished running node test.enpal_assessment_project.not_null_stg_activity_deal_id.f78c16f252
[0m18:25:43.824395 [debug] [Thread-1 (]: Began running node test.enpal_assessment_project.unique_stg_activity_activity_id.6483ff34a9
[0m18:25:43.824963 [debug] [Thread-1 (]: Re-using an available connection from the pool (formerly test.enpal_assessment_project.not_null_stg_activity_deal_id.f78c16f252, now test.enpal_assessment_project.unique_stg_activity_activity_id.6483ff34a9)
[0m18:25:43.825434 [debug] [Thread-1 (]: Began compiling node test.enpal_assessment_project.unique_stg_activity_activity_id.6483ff34a9
[0m18:25:43.834646 [debug] [Thread-1 (]: Writing injected SQL for node "test.enpal_assessment_project.unique_stg_activity_activity_id.6483ff34a9"
[0m18:25:43.835617 [debug] [Thread-1 (]: Began executing node test.enpal_assessment_project.unique_stg_activity_activity_id.6483ff34a9
[0m18:25:43.836522 [debug] [Thread-1 (]: Finished running node test.enpal_assessment_project.unique_stg_activity_activity_id.6483ff34a9
[0m18:25:43.837028 [debug] [Thread-1 (]: Began running node model.enpal_assessment_project.int_activity_events
[0m18:25:43.837691 [debug] [Thread-1 (]: Re-using an available connection from the pool (formerly test.enpal_assessment_project.unique_stg_activity_activity_id.6483ff34a9, now model.enpal_assessment_project.int_activity_events)
[0m18:25:43.838175 [debug] [Thread-1 (]: Began compiling node model.enpal_assessment_project.int_activity_events
[0m18:25:43.841856 [debug] [Thread-1 (]: Writing injected SQL for node "model.enpal_assessment_project.int_activity_events"
[0m18:25:43.842705 [debug] [Thread-1 (]: Began executing node model.enpal_assessment_project.int_activity_events
[0m18:25:43.843611 [debug] [Thread-1 (]: Finished running node model.enpal_assessment_project.int_activity_events
[0m18:25:43.844118 [debug] [Thread-1 (]: Began running node test.enpal_assessment_project.not_null_stg_activity_types_activity_type_id.10b3776169
[0m18:25:43.847878 [debug] [Thread-1 (]: Re-using an available connection from the pool (formerly model.enpal_assessment_project.int_activity_events, now test.enpal_assessment_project.not_null_stg_activity_types_activity_type_id.10b3776169)
[0m18:25:43.848565 [debug] [Thread-1 (]: Began compiling node test.enpal_assessment_project.not_null_stg_activity_types_activity_type_id.10b3776169
[0m18:25:43.854186 [debug] [Thread-1 (]: Writing injected SQL for node "test.enpal_assessment_project.not_null_stg_activity_types_activity_type_id.10b3776169"
[0m18:25:43.855147 [debug] [Thread-1 (]: Began executing node test.enpal_assessment_project.not_null_stg_activity_types_activity_type_id.10b3776169
[0m18:25:43.856030 [debug] [Thread-1 (]: Finished running node test.enpal_assessment_project.not_null_stg_activity_types_activity_type_id.10b3776169
[0m18:25:43.856539 [debug] [Thread-1 (]: Began running node test.enpal_assessment_project.not_null_stg_activity_types_activity_type_name.1c8fca70c5
[0m18:25:43.857095 [debug] [Thread-1 (]: Re-using an available connection from the pool (formerly test.enpal_assessment_project.not_null_stg_activity_types_activity_type_id.10b3776169, now test.enpal_assessment_project.not_null_stg_activity_types_activity_type_name.1c8fca70c5)
[0m18:25:43.857564 [debug] [Thread-1 (]: Began compiling node test.enpal_assessment_project.not_null_stg_activity_types_activity_type_name.1c8fca70c5
[0m18:25:43.862588 [debug] [Thread-1 (]: Writing injected SQL for node "test.enpal_assessment_project.not_null_stg_activity_types_activity_type_name.1c8fca70c5"
[0m18:25:43.863443 [debug] [Thread-1 (]: Began executing node test.enpal_assessment_project.not_null_stg_activity_types_activity_type_name.1c8fca70c5
[0m18:25:43.864300 [debug] [Thread-1 (]: Finished running node test.enpal_assessment_project.not_null_stg_activity_types_activity_type_name.1c8fca70c5
[0m18:25:43.864800 [debug] [Thread-1 (]: Began running node test.enpal_assessment_project.unique_stg_activity_types_activity_type_id.065efcc0bd
[0m18:25:43.865391 [debug] [Thread-1 (]: Re-using an available connection from the pool (formerly test.enpal_assessment_project.not_null_stg_activity_types_activity_type_name.1c8fca70c5, now test.enpal_assessment_project.unique_stg_activity_types_activity_type_id.065efcc0bd)
[0m18:25:43.866137 [debug] [Thread-1 (]: Began compiling node test.enpal_assessment_project.unique_stg_activity_types_activity_type_id.065efcc0bd
[0m18:25:43.873446 [debug] [Thread-1 (]: Writing injected SQL for node "test.enpal_assessment_project.unique_stg_activity_types_activity_type_id.065efcc0bd"
[0m18:25:43.875195 [debug] [Thread-1 (]: Began executing node test.enpal_assessment_project.unique_stg_activity_types_activity_type_id.065efcc0bd
[0m18:25:43.876446 [debug] [Thread-1 (]: Finished running node test.enpal_assessment_project.unique_stg_activity_types_activity_type_id.065efcc0bd
[0m18:25:43.877140 [debug] [Thread-1 (]: Began running node test.enpal_assessment_project.not_null_stg_deal_changes_change_time.d739b89f9d
[0m18:25:43.878012 [debug] [Thread-1 (]: Re-using an available connection from the pool (formerly test.enpal_assessment_project.unique_stg_activity_types_activity_type_id.065efcc0bd, now test.enpal_assessment_project.not_null_stg_deal_changes_change_time.d739b89f9d)
[0m18:25:43.878590 [debug] [Thread-1 (]: Began compiling node test.enpal_assessment_project.not_null_stg_deal_changes_change_time.d739b89f9d
[0m18:25:43.883652 [debug] [Thread-1 (]: Writing injected SQL for node "test.enpal_assessment_project.not_null_stg_deal_changes_change_time.d739b89f9d"
[0m18:25:43.884581 [debug] [Thread-1 (]: Began executing node test.enpal_assessment_project.not_null_stg_deal_changes_change_time.d739b89f9d
[0m18:25:43.886049 [debug] [Thread-1 (]: Finished running node test.enpal_assessment_project.not_null_stg_deal_changes_change_time.d739b89f9d
[0m18:25:43.886729 [debug] [Thread-1 (]: Began running node test.enpal_assessment_project.not_null_stg_deal_changes_changed_field_key.bd8a8a5b1f
[0m18:25:43.887329 [debug] [Thread-1 (]: Re-using an available connection from the pool (formerly test.enpal_assessment_project.not_null_stg_deal_changes_change_time.d739b89f9d, now test.enpal_assessment_project.not_null_stg_deal_changes_changed_field_key.bd8a8a5b1f)
[0m18:25:43.887871 [debug] [Thread-1 (]: Began compiling node test.enpal_assessment_project.not_null_stg_deal_changes_changed_field_key.bd8a8a5b1f
[0m18:25:43.894507 [debug] [Thread-1 (]: Writing injected SQL for node "test.enpal_assessment_project.not_null_stg_deal_changes_changed_field_key.bd8a8a5b1f"
[0m18:25:43.895516 [debug] [Thread-1 (]: Began executing node test.enpal_assessment_project.not_null_stg_deal_changes_changed_field_key.bd8a8a5b1f
[0m18:25:43.896703 [debug] [Thread-1 (]: Finished running node test.enpal_assessment_project.not_null_stg_deal_changes_changed_field_key.bd8a8a5b1f
[0m18:25:43.897411 [debug] [Thread-1 (]: Began running node test.enpal_assessment_project.not_null_stg_deal_changes_deal_id.32d7e9b75e
[0m18:25:43.898040 [debug] [Thread-1 (]: Re-using an available connection from the pool (formerly test.enpal_assessment_project.not_null_stg_deal_changes_changed_field_key.bd8a8a5b1f, now test.enpal_assessment_project.not_null_stg_deal_changes_deal_id.32d7e9b75e)
[0m18:25:43.898533 [debug] [Thread-1 (]: Began compiling node test.enpal_assessment_project.not_null_stg_deal_changes_deal_id.32d7e9b75e
[0m18:25:43.905907 [debug] [Thread-1 (]: Writing injected SQL for node "test.enpal_assessment_project.not_null_stg_deal_changes_deal_id.32d7e9b75e"
[0m18:25:43.907734 [debug] [Thread-1 (]: Began executing node test.enpal_assessment_project.not_null_stg_deal_changes_deal_id.32d7e9b75e
[0m18:25:43.909500 [debug] [Thread-1 (]: Finished running node test.enpal_assessment_project.not_null_stg_deal_changes_deal_id.32d7e9b75e
[0m18:25:43.910465 [debug] [Thread-1 (]: Began running node test.enpal_assessment_project.not_null_stg_fields_field_key.f981d3affe
[0m18:25:43.911334 [debug] [Thread-1 (]: Re-using an available connection from the pool (formerly test.enpal_assessment_project.not_null_stg_deal_changes_deal_id.32d7e9b75e, now test.enpal_assessment_project.not_null_stg_fields_field_key.f981d3affe)
[0m18:25:43.911863 [debug] [Thread-1 (]: Began compiling node test.enpal_assessment_project.not_null_stg_fields_field_key.f981d3affe
[0m18:25:43.922021 [debug] [Thread-1 (]: Writing injected SQL for node "test.enpal_assessment_project.not_null_stg_fields_field_key.f981d3affe"
[0m18:25:43.923840 [debug] [Thread-1 (]: Began executing node test.enpal_assessment_project.not_null_stg_fields_field_key.f981d3affe
[0m18:25:43.925040 [debug] [Thread-1 (]: Finished running node test.enpal_assessment_project.not_null_stg_fields_field_key.f981d3affe
[0m18:25:43.925662 [debug] [Thread-1 (]: Began running node test.enpal_assessment_project.not_null_stg_fields_field_name.0230fcaacd
[0m18:25:43.926400 [debug] [Thread-1 (]: Re-using an available connection from the pool (formerly test.enpal_assessment_project.not_null_stg_fields_field_key.f981d3affe, now test.enpal_assessment_project.not_null_stg_fields_field_name.0230fcaacd)
[0m18:25:43.926926 [debug] [Thread-1 (]: Began compiling node test.enpal_assessment_project.not_null_stg_fields_field_name.0230fcaacd
[0m18:25:43.931761 [debug] [Thread-1 (]: Writing injected SQL for node "test.enpal_assessment_project.not_null_stg_fields_field_name.0230fcaacd"
[0m18:25:43.939452 [debug] [Thread-1 (]: Began executing node test.enpal_assessment_project.not_null_stg_fields_field_name.0230fcaacd
[0m18:25:43.941849 [debug] [Thread-1 (]: Finished running node test.enpal_assessment_project.not_null_stg_fields_field_name.0230fcaacd
[0m18:25:43.942558 [debug] [Thread-1 (]: Began running node test.enpal_assessment_project.unique_stg_fields_field_key.ea1d2437a4
[0m18:25:43.943406 [debug] [Thread-1 (]: Re-using an available connection from the pool (formerly test.enpal_assessment_project.not_null_stg_fields_field_name.0230fcaacd, now test.enpal_assessment_project.unique_stg_fields_field_key.ea1d2437a4)
[0m18:25:43.944032 [debug] [Thread-1 (]: Began compiling node test.enpal_assessment_project.unique_stg_fields_field_key.ea1d2437a4
[0m18:25:43.949981 [debug] [Thread-1 (]: Writing injected SQL for node "test.enpal_assessment_project.unique_stg_fields_field_key.ea1d2437a4"
[0m18:25:43.952236 [debug] [Thread-1 (]: Began executing node test.enpal_assessment_project.unique_stg_fields_field_key.ea1d2437a4
[0m18:25:43.955495 [debug] [Thread-1 (]: Finished running node test.enpal_assessment_project.unique_stg_fields_field_key.ea1d2437a4
[0m18:25:43.956304 [debug] [Thread-1 (]: Began running node model.enpal_assessment_project.int_stage_transitions
[0m18:25:43.957052 [debug] [Thread-1 (]: Re-using an available connection from the pool (formerly test.enpal_assessment_project.unique_stg_fields_field_key.ea1d2437a4, now model.enpal_assessment_project.int_stage_transitions)
[0m18:25:43.957860 [debug] [Thread-1 (]: Began compiling node model.enpal_assessment_project.int_stage_transitions
[0m18:25:43.963358 [debug] [Thread-1 (]: Writing injected SQL for node "model.enpal_assessment_project.int_stage_transitions"
[0m18:25:43.965950 [debug] [Thread-1 (]: Began executing node model.enpal_assessment_project.int_stage_transitions
[0m18:25:43.967075 [debug] [Thread-1 (]: Finished running node model.enpal_assessment_project.int_stage_transitions
[0m18:25:43.967636 [debug] [Thread-1 (]: Began running node test.enpal_assessment_project.not_null_stg_stages_stage_id.6a7c0c8378
[0m18:25:43.968364 [debug] [Thread-1 (]: Re-using an available connection from the pool (formerly model.enpal_assessment_project.int_stage_transitions, now test.enpal_assessment_project.not_null_stg_stages_stage_id.6a7c0c8378)
[0m18:25:43.968879 [debug] [Thread-1 (]: Began compiling node test.enpal_assessment_project.not_null_stg_stages_stage_id.6a7c0c8378
[0m18:25:43.976480 [debug] [Thread-1 (]: Writing injected SQL for node "test.enpal_assessment_project.not_null_stg_stages_stage_id.6a7c0c8378"
[0m18:25:43.983855 [debug] [Thread-1 (]: Began executing node test.enpal_assessment_project.not_null_stg_stages_stage_id.6a7c0c8378
[0m18:25:43.986888 [debug] [Thread-1 (]: Finished running node test.enpal_assessment_project.not_null_stg_stages_stage_id.6a7c0c8378
[0m18:25:43.987971 [debug] [Thread-1 (]: Began running node test.enpal_assessment_project.not_null_stg_stages_stage_name.d8c326ee25
[0m18:25:43.989545 [debug] [Thread-1 (]: Re-using an available connection from the pool (formerly test.enpal_assessment_project.not_null_stg_stages_stage_id.6a7c0c8378, now test.enpal_assessment_project.not_null_stg_stages_stage_name.d8c326ee25)
[0m18:25:43.990475 [debug] [Thread-1 (]: Began compiling node test.enpal_assessment_project.not_null_stg_stages_stage_name.d8c326ee25
[0m18:25:43.999791 [debug] [Thread-1 (]: Writing injected SQL for node "test.enpal_assessment_project.not_null_stg_stages_stage_name.d8c326ee25"
[0m18:25:44.001771 [debug] [Thread-1 (]: Began executing node test.enpal_assessment_project.not_null_stg_stages_stage_name.d8c326ee25
[0m18:25:44.005708 [debug] [Thread-1 (]: Finished running node test.enpal_assessment_project.not_null_stg_stages_stage_name.d8c326ee25
[0m18:25:44.006690 [debug] [Thread-1 (]: Began running node test.enpal_assessment_project.unique_stg_stages_stage_id.7d330989f3
[0m18:25:44.007917 [debug] [Thread-1 (]: Re-using an available connection from the pool (formerly test.enpal_assessment_project.not_null_stg_stages_stage_name.d8c326ee25, now test.enpal_assessment_project.unique_stg_stages_stage_id.7d330989f3)
[0m18:25:44.008858 [debug] [Thread-1 (]: Began compiling node test.enpal_assessment_project.unique_stg_stages_stage_id.7d330989f3
[0m18:25:44.019963 [debug] [Thread-1 (]: Writing injected SQL for node "test.enpal_assessment_project.unique_stg_stages_stage_id.7d330989f3"
[0m18:25:44.021324 [debug] [Thread-1 (]: Began executing node test.enpal_assessment_project.unique_stg_stages_stage_id.7d330989f3
[0m18:25:44.022565 [debug] [Thread-1 (]: Finished running node test.enpal_assessment_project.unique_stg_stages_stage_id.7d330989f3
[0m18:25:44.023333 [debug] [Thread-1 (]: Began running node test.enpal_assessment_project.not_null_stg_users_user_id.980dfc1b77
[0m18:25:44.024392 [debug] [Thread-1 (]: Re-using an available connection from the pool (formerly test.enpal_assessment_project.unique_stg_stages_stage_id.7d330989f3, now test.enpal_assessment_project.not_null_stg_users_user_id.980dfc1b77)
[0m18:25:44.025315 [debug] [Thread-1 (]: Began compiling node test.enpal_assessment_project.not_null_stg_users_user_id.980dfc1b77
[0m18:25:44.035007 [debug] [Thread-1 (]: Writing injected SQL for node "test.enpal_assessment_project.not_null_stg_users_user_id.980dfc1b77"
[0m18:25:44.037692 [debug] [Thread-1 (]: Began executing node test.enpal_assessment_project.not_null_stg_users_user_id.980dfc1b77
[0m18:25:44.039429 [debug] [Thread-1 (]: Finished running node test.enpal_assessment_project.not_null_stg_users_user_id.980dfc1b77
[0m18:25:44.040396 [debug] [Thread-1 (]: Began running node test.enpal_assessment_project.not_null_stg_users_user_name.226879cc53
[0m18:25:44.041808 [debug] [Thread-1 (]: Re-using an available connection from the pool (formerly test.enpal_assessment_project.not_null_stg_users_user_id.980dfc1b77, now test.enpal_assessment_project.not_null_stg_users_user_name.226879cc53)
[0m18:25:44.043149 [debug] [Thread-1 (]: Began compiling node test.enpal_assessment_project.not_null_stg_users_user_name.226879cc53
[0m18:25:44.054835 [debug] [Thread-1 (]: Writing injected SQL for node "test.enpal_assessment_project.not_null_stg_users_user_name.226879cc53"
[0m18:25:44.057553 [debug] [Thread-1 (]: Began executing node test.enpal_assessment_project.not_null_stg_users_user_name.226879cc53
[0m18:25:44.059105 [debug] [Thread-1 (]: Finished running node test.enpal_assessment_project.not_null_stg_users_user_name.226879cc53
[0m18:25:44.060292 [debug] [Thread-1 (]: Began running node test.enpal_assessment_project.unique_stg_users_user_id.c2ff477e6b
[0m18:25:44.061987 [debug] [Thread-1 (]: Re-using an available connection from the pool (formerly test.enpal_assessment_project.not_null_stg_users_user_name.226879cc53, now test.enpal_assessment_project.unique_stg_users_user_id.c2ff477e6b)
[0m18:25:44.062827 [debug] [Thread-1 (]: Began compiling node test.enpal_assessment_project.unique_stg_users_user_id.c2ff477e6b
[0m18:25:44.072236 [debug] [Thread-1 (]: Writing injected SQL for node "test.enpal_assessment_project.unique_stg_users_user_id.c2ff477e6b"
[0m18:25:44.074315 [debug] [Thread-1 (]: Began executing node test.enpal_assessment_project.unique_stg_users_user_id.c2ff477e6b
[0m18:25:44.075813 [debug] [Thread-1 (]: Finished running node test.enpal_assessment_project.unique_stg_users_user_id.c2ff477e6b
[0m18:25:44.077160 [debug] [Thread-1 (]: Began running node model.enpal_assessment_project.rep_sales_funnel_monthly
[0m18:25:44.078711 [debug] [Thread-1 (]: Re-using an available connection from the pool (formerly test.enpal_assessment_project.unique_stg_users_user_id.c2ff477e6b, now model.enpal_assessment_project.rep_sales_funnel_monthly)
[0m18:25:44.079698 [debug] [Thread-1 (]: Began compiling node model.enpal_assessment_project.rep_sales_funnel_monthly
[0m18:25:44.088940 [debug] [Thread-1 (]: Writing injected SQL for node "model.enpal_assessment_project.rep_sales_funnel_monthly"
[0m18:25:44.090479 [debug] [Thread-1 (]: Began executing node model.enpal_assessment_project.rep_sales_funnel_monthly
[0m18:25:44.092060 [debug] [Thread-1 (]: Finished running node model.enpal_assessment_project.rep_sales_funnel_monthly
[0m18:25:44.096414 [debug] [MainThread]: Connection 'master' was properly closed.
[0m18:25:44.097175 [debug] [MainThread]: Connection 'model.enpal_assessment_project.rep_sales_funnel_monthly' was properly closed.
[0m18:25:44.106194 [debug] [MainThread]: Command end result
[0m18:25:44.183141 [debug] [MainThread]: Wrote artifact WritableManifest to /Users/macbook/Desktop/ENPAL/Take-Home-Assessment/REPO/dbt_enpal_assessment/target/manifest.json
[0m18:25:44.191453 [debug] [MainThread]: Wrote artifact SemanticManifest to /Users/macbook/Desktop/ENPAL/Take-Home-Assessment/REPO/dbt_enpal_assessment/target/semantic_manifest.json
[0m18:25:44.212626 [debug] [MainThread]: Wrote artifact RunExecutionResult to /Users/macbook/Desktop/ENPAL/Take-Home-Assessment/REPO/dbt_enpal_assessment/target/run_results.json
[0m18:25:44.215541 [debug] [MainThread]: Resource report: {"command_name": "compile", "command_success": true, "command_wall_clock_time": 2.8327165, "process_in_blocks": "0", "process_kernel_time": 0.95399, "process_mem_max_rss": "124076032", "process_out_blocks": "0", "process_user_time": 3.884869}
[0m18:25:44.218004 [debug] [MainThread]: Command `dbt compile` succeeded at 18:25:44.217310 after 2.83 seconds
[0m18:25:44.219319 [debug] [MainThread]: Sending event: {'category': 'dbt', 'action': 'invocation', 'label': 'end', 'context': [<snowplow_tracker.self_describing_json.SelfDescribingJson object at 0x7fc4e95a04c0>, <snowplow_tracker.self_describing_json.SelfDescribingJson object at 0x7fc4e9d2ab90>, <snowplow_tracker.self_describing_json.SelfDescribingJson object at 0x7fc4e9666410>]}
[0m18:25:44.222544 [debug] [MainThread]: Flushing usage events
[0m18:25:44.831651 [debug] [MainThread]: An error was encountered while trying to flush usage events
[0m18:26:34.620325 [debug] [MainThread]: Sending event: {'category': 'dbt', 'action': 'invocation', 'label': 'start', 'context': [<snowplow_tracker.self_describing_json.SelfDescribingJson object at 0x7fbc02dc0520>, <snowplow_tracker.self_describing_json.SelfDescribingJson object at 0x7fbc047551e0>, <snowplow_tracker.self_describing_json.SelfDescribingJson object at 0x7fbc04754af0>]}


============================== 18:26:34.628483 | ecab3532-29ee-4e9e-bc75-7ff72be6c31f ==============================
[0m18:26:34.628483 [info ] [MainThread]: Running with dbt=1.10.13
[0m18:26:34.630035 [debug] [MainThread]: running dbt with arguments {'indirect_selection': 'eager', 'no_print': 'None', 'use_colors': 'True', 'log_path': '/Users/macbook/Desktop/ENPAL/Take-Home-Assessment/REPO/dbt_enpal_assessment/logs', 'send_anonymous_usage_stats': 'True', 'debug': 'False', 'version_check': 'True', 'cache_selected_only': 'False', 'warn_error': 'None', 'partial_parse': 'False', 'target_path': 'None', 'profiles_dir': '/Users/macbook/Desktop/Enpal/Take-Home-Assessment/REPO/dbt_enpal_assessment', 'invocation_command': 'dbt run --select +rep_sales_funnel_monthly --full-refresh --no-partial-parse', 'log_cache_events': 'False', 'printer_width': '80', 'static_parser': 'True', 'empty': 'False', 'write_json': 'True', 'use_experimental_parser': 'False', 'introspect': 'True', 'quiet': 'False', 'warn_error_options': 'WarnErrorOptionsV2(error=[], warn=[], silence=[])', 'log_format': 'default', 'fail_fast': 'False'}
[0m18:26:35.023830 [debug] [MainThread]: Sending event: {'category': 'dbt', 'action': 'project_id', 'label': 'ecab3532-29ee-4e9e-bc75-7ff72be6c31f', 'context': [<snowplow_tracker.self_describing_json.SelfDescribingJson object at 0x7fbc04867190>]}
[0m18:26:35.125687 [debug] [MainThread]: Sending event: {'category': 'dbt', 'action': 'adapter_info', 'label': 'ecab3532-29ee-4e9e-bc75-7ff72be6c31f', 'context': [<snowplow_tracker.self_describing_json.SelfDescribingJson object at 0x7fbc048444f0>]}
[0m18:26:35.128353 [info ] [MainThread]: Registered adapter: postgres=1.9.1
[0m18:26:35.407722 [debug] [MainThread]: checksum: 9f0c81e2574b4ff463f3d16d080df83c6982fc0372c9feeacae0504ac9ea3ffe, vars: {}, profile: , target: , version: 1.10.13
[0m18:26:35.408731 [debug] [MainThread]: Partial parsing not enabled
[0m18:26:37.413646 [debug] [MainThread]: Sending event: {'category': 'dbt', 'action': 'load_project', 'label': 'ecab3532-29ee-4e9e-bc75-7ff72be6c31f', 'context': [<snowplow_tracker.self_describing_json.SelfDescribingJson object at 0x7fbc053c9090>]}
[0m18:26:37.610372 [debug] [MainThread]: Wrote artifact WritableManifest to /Users/macbook/Desktop/ENPAL/Take-Home-Assessment/REPO/dbt_enpal_assessment/target/manifest.json
[0m18:26:37.613981 [debug] [MainThread]: Wrote artifact SemanticManifest to /Users/macbook/Desktop/ENPAL/Take-Home-Assessment/REPO/dbt_enpal_assessment/target/semantic_manifest.json
[0m18:26:37.664131 [debug] [MainThread]: Sending event: {'category': 'dbt', 'action': 'resource_counts', 'label': 'ecab3532-29ee-4e9e-bc75-7ff72be6c31f', 'context': [<snowplow_tracker.self_describing_json.SelfDescribingJson object at 0x7fbc0538c6a0>]}
[0m18:26:37.664957 [info ] [MainThread]: Found 9 models, 19 data tests, 6 sources, 447 macros
[0m18:26:37.665525 [debug] [MainThread]: Sending event: {'category': 'dbt', 'action': 'runnable_timing', 'label': 'ecab3532-29ee-4e9e-bc75-7ff72be6c31f', 'context': [<snowplow_tracker.self_describing_json.SelfDescribingJson object at 0x7fbc053cbaf0>]}
[0m18:26:37.668127 [info ] [MainThread]: 
[0m18:26:37.668772 [info ] [MainThread]: Concurrency: 1 threads (target='dev')
[0m18:26:37.669265 [info ] [MainThread]: 
[0m18:26:37.669979 [debug] [MainThread]: Acquiring new postgres connection 'master'
[0m18:26:37.676366 [debug] [ThreadPool]: Acquiring new postgres connection 'list_postgres'
[0m18:26:37.761088 [debug] [ThreadPool]: Using postgres connection "list_postgres"
[0m18:26:37.761729 [debug] [ThreadPool]: On list_postgres: /* {"app": "dbt", "dbt_version": "1.10.13", "profile_name": "enpal_assessment_project", "target_name": "dev", "connection_name": "list_postgres"} */

    select distinct nspname from pg_namespace
  
[0m18:26:37.762211 [debug] [ThreadPool]: Opening a new connection, currently in state init
[0m18:26:37.871557 [debug] [ThreadPool]: SQL status: SELECT 5 in 0.109 seconds
[0m18:26:37.873233 [debug] [ThreadPool]: On list_postgres: Close
[0m18:26:37.875409 [debug] [ThreadPool]: Re-using an available connection from the pool (formerly list_postgres, now list_postgres_public_pipedrive_analytics)
[0m18:26:37.882892 [debug] [ThreadPool]: Using postgres connection "list_postgres_public_pipedrive_analytics"
[0m18:26:37.883422 [debug] [ThreadPool]: On list_postgres_public_pipedrive_analytics: BEGIN
[0m18:26:37.883804 [debug] [ThreadPool]: Opening a new connection, currently in state closed
[0m18:26:37.899213 [debug] [ThreadPool]: SQL status: BEGIN in 0.015 seconds
[0m18:26:37.900202 [debug] [ThreadPool]: Using postgres connection "list_postgres_public_pipedrive_analytics"
[0m18:26:37.901092 [debug] [ThreadPool]: On list_postgres_public_pipedrive_analytics: /* {"app": "dbt", "dbt_version": "1.10.13", "profile_name": "enpal_assessment_project", "target_name": "dev", "connection_name": "list_postgres_public_pipedrive_analytics"} */
select
      'postgres' as database,
      tablename as name,
      schemaname as schema,
      'table' as type
    from pg_tables
    where schemaname ilike 'public_pipedrive_analytics'
    union all
    select
      'postgres' as database,
      viewname as name,
      schemaname as schema,
      'view' as type
    from pg_views
    where schemaname ilike 'public_pipedrive_analytics'
    union all
    select
      'postgres' as database,
      matviewname as name,
      schemaname as schema,
      'materialized_view' as type
    from pg_matviews
    where schemaname ilike 'public_pipedrive_analytics'
  
[0m18:26:37.905226 [debug] [ThreadPool]: SQL status: SELECT 9 in 0.003 seconds
[0m18:26:37.906998 [debug] [ThreadPool]: On list_postgres_public_pipedrive_analytics: ROLLBACK
[0m18:26:37.908182 [debug] [ThreadPool]: On list_postgres_public_pipedrive_analytics: Close
[0m18:26:37.917952 [debug] [MainThread]: Using postgres connection "master"
[0m18:26:37.918571 [debug] [MainThread]: On master: BEGIN
[0m18:26:37.918981 [debug] [MainThread]: Opening a new connection, currently in state init
[0m18:26:37.934123 [debug] [MainThread]: SQL status: BEGIN in 0.015 seconds
[0m18:26:37.935354 [debug] [MainThread]: Using postgres connection "master"
[0m18:26:37.937204 [debug] [MainThread]: On master: /* {"app": "dbt", "dbt_version": "1.10.13", "profile_name": "enpal_assessment_project", "target_name": "dev", "connection_name": "master"} */
select distinct
        dependent_namespace.nspname as dependent_schema,
        dependent_class.relname as dependent_name,
        referenced_namespace.nspname as referenced_schema,
        referenced_class.relname as referenced_name

    -- Query for views: views are entries in pg_class with an entry in pg_rewrite, but we avoid
    -- a seq scan on pg_rewrite by leveraging the fact there is an "internal" row in pg_depend for
    -- the view...
    from pg_class as dependent_class
    join pg_namespace as dependent_namespace on dependent_namespace.oid = dependent_class.relnamespace
    join pg_depend as dependent_depend on dependent_depend.refobjid = dependent_class.oid
        and dependent_depend.classid = 'pg_rewrite'::regclass
        and dependent_depend.refclassid = 'pg_class'::regclass
        and dependent_depend.deptype = 'i'

    -- ... and via pg_depend (that has a row per column, hence the need for "distinct" above, and
    -- making sure to exclude the internal row to avoid a view appearing to depend on itself)...
    join pg_depend as joining_depend on joining_depend.objid = dependent_depend.objid
        and joining_depend.classid = 'pg_rewrite'::regclass
        and joining_depend.refclassid = 'pg_class'::regclass
        and joining_depend.refobjid != dependent_depend.refobjid

    -- ... we can find the tables they query from in pg_class, but excluding system tables. Note we
    -- don't need need to exclude _dependent_ system tables, because they only query from other
    -- system tables, and so are automatically excluded by excluding _referenced_ system tables
    join pg_class as referenced_class on referenced_class.oid = joining_depend.refobjid
    join pg_namespace as referenced_namespace on referenced_namespace.oid = referenced_class.relnamespace
        and referenced_namespace.nspname != 'information_schema'
        and referenced_namespace.nspname not like 'pg\_%'

    order by
        dependent_schema, dependent_name, referenced_schema, referenced_name;
[0m18:26:37.944146 [debug] [MainThread]: SQL status: SELECT 10 in 0.006 seconds
[0m18:26:37.949099 [debug] [MainThread]: Sending event: {'category': 'dbt', 'action': 'runnable_timing', 'label': 'ecab3532-29ee-4e9e-bc75-7ff72be6c31f', 'context': [<snowplow_tracker.self_describing_json.SelfDescribingJson object at 0x7fbc053194b0>]}
[0m18:26:37.951127 [debug] [MainThread]: On master: ROLLBACK
[0m18:26:37.953131 [debug] [MainThread]: Using postgres connection "master"
[0m18:26:37.953994 [debug] [MainThread]: On master: BEGIN
[0m18:26:37.956034 [debug] [MainThread]: SQL status: BEGIN in 0.001 seconds
[0m18:26:37.956857 [debug] [MainThread]: On master: COMMIT
[0m18:26:37.959104 [debug] [MainThread]: Using postgres connection "master"
[0m18:26:37.960132 [debug] [MainThread]: On master: COMMIT
[0m18:26:37.961685 [debug] [MainThread]: SQL status: COMMIT in 0.001 seconds
[0m18:26:37.962331 [debug] [MainThread]: On master: Close
[0m18:26:37.967683 [debug] [Thread-1 (]: Began running node model.enpal_assessment_project.stg_activity
[0m18:26:37.968574 [info ] [Thread-1 (]: 1 of 7 START sql view model public_pipedrive_analytics.stg_activity ............ [RUN]
[0m18:26:37.969292 [debug] [Thread-1 (]: Re-using an available connection from the pool (formerly list_postgres_public_pipedrive_analytics, now model.enpal_assessment_project.stg_activity)
[0m18:26:37.969826 [debug] [Thread-1 (]: Began compiling node model.enpal_assessment_project.stg_activity
[0m18:26:37.979937 [debug] [Thread-1 (]: Writing injected SQL for node "model.enpal_assessment_project.stg_activity"
[0m18:26:37.981043 [debug] [Thread-1 (]: Began executing node model.enpal_assessment_project.stg_activity
[0m18:26:38.031991 [debug] [Thread-1 (]: Writing runtime sql for node "model.enpal_assessment_project.stg_activity"
[0m18:26:38.033829 [debug] [Thread-1 (]: Using postgres connection "model.enpal_assessment_project.stg_activity"
[0m18:26:38.034481 [debug] [Thread-1 (]: On model.enpal_assessment_project.stg_activity: BEGIN
[0m18:26:38.035258 [debug] [Thread-1 (]: Opening a new connection, currently in state closed
[0m18:26:38.053193 [debug] [Thread-1 (]: SQL status: BEGIN in 0.017 seconds
[0m18:26:38.054000 [debug] [Thread-1 (]: Using postgres connection "model.enpal_assessment_project.stg_activity"
[0m18:26:38.054528 [debug] [Thread-1 (]: On model.enpal_assessment_project.stg_activity: /* {"app": "dbt", "dbt_version": "1.10.13", "profile_name": "enpal_assessment_project", "target_name": "dev", "node_id": "model.enpal_assessment_project.stg_activity"} */

  create view "postgres"."public_pipedrive_analytics"."stg_activity__dbt_tmp"
    
    
  as (
    

select
  activity_id::bigint       as activity_id,
  type                      as activity_type_key,
  assigned_to_user::bigint  as user_id,
  deal_id::bigint           as deal_id,
  done::boolean             as is_done,
  due_to::timestamp         as due_to
from "postgres"."public"."activity"
  );
[0m18:26:38.066504 [debug] [Thread-1 (]: SQL status: CREATE VIEW in 0.011 seconds
[0m18:26:38.075333 [debug] [Thread-1 (]: Using postgres connection "model.enpal_assessment_project.stg_activity"
[0m18:26:38.076031 [debug] [Thread-1 (]: On model.enpal_assessment_project.stg_activity: /* {"app": "dbt", "dbt_version": "1.10.13", "profile_name": "enpal_assessment_project", "target_name": "dev", "node_id": "model.enpal_assessment_project.stg_activity"} */
alter table "postgres"."public_pipedrive_analytics"."stg_activity" rename to "stg_activity__dbt_backup"
[0m18:26:38.078515 [debug] [Thread-1 (]: SQL status: ALTER TABLE in 0.002 seconds
[0m18:26:38.082459 [debug] [Thread-1 (]: Using postgres connection "model.enpal_assessment_project.stg_activity"
[0m18:26:38.083020 [debug] [Thread-1 (]: On model.enpal_assessment_project.stg_activity: /* {"app": "dbt", "dbt_version": "1.10.13", "profile_name": "enpal_assessment_project", "target_name": "dev", "node_id": "model.enpal_assessment_project.stg_activity"} */
alter table "postgres"."public_pipedrive_analytics"."stg_activity__dbt_tmp" rename to "stg_activity"
[0m18:26:38.084625 [debug] [Thread-1 (]: SQL status: ALTER TABLE in 0.001 seconds
[0m18:26:38.107618 [debug] [Thread-1 (]: On model.enpal_assessment_project.stg_activity: COMMIT
[0m18:26:38.108310 [debug] [Thread-1 (]: Using postgres connection "model.enpal_assessment_project.stg_activity"
[0m18:26:38.108777 [debug] [Thread-1 (]: On model.enpal_assessment_project.stg_activity: COMMIT
[0m18:26:38.112206 [debug] [Thread-1 (]: SQL status: COMMIT in 0.003 seconds
[0m18:26:38.120104 [debug] [Thread-1 (]: Applying DROP to: "postgres"."public_pipedrive_analytics"."stg_activity__dbt_backup"
[0m18:26:38.127717 [debug] [Thread-1 (]: Using postgres connection "model.enpal_assessment_project.stg_activity"
[0m18:26:38.128348 [debug] [Thread-1 (]: On model.enpal_assessment_project.stg_activity: /* {"app": "dbt", "dbt_version": "1.10.13", "profile_name": "enpal_assessment_project", "target_name": "dev", "node_id": "model.enpal_assessment_project.stg_activity"} */
drop view if exists "postgres"."public_pipedrive_analytics"."stg_activity__dbt_backup" cascade
[0m18:26:38.131369 [debug] [Thread-1 (]: SQL status: DROP VIEW in 0.002 seconds
[0m18:26:38.134600 [debug] [Thread-1 (]: On model.enpal_assessment_project.stg_activity: Close
[0m18:26:38.137399 [debug] [Thread-1 (]: Sending event: {'category': 'dbt', 'action': 'run_model', 'label': 'ecab3532-29ee-4e9e-bc75-7ff72be6c31f', 'context': [<snowplow_tracker.self_describing_json.SelfDescribingJson object at 0x7fbc015487f0>]}
[0m18:26:38.138720 [info ] [Thread-1 (]: 1 of 7 OK created sql view model public_pipedrive_analytics.stg_activity ....... [[32mCREATE VIEW[0m in 0.17s]
[0m18:26:38.139667 [debug] [Thread-1 (]: Finished running node model.enpal_assessment_project.stg_activity
[0m18:26:38.140236 [debug] [Thread-1 (]: Began running node model.enpal_assessment_project.stg_activity_types
[0m18:26:38.141048 [info ] [Thread-1 (]: 2 of 7 START sql view model public_pipedrive_analytics.stg_activity_types ...... [RUN]
[0m18:26:38.141867 [debug] [Thread-1 (]: Re-using an available connection from the pool (formerly model.enpal_assessment_project.stg_activity, now model.enpal_assessment_project.stg_activity_types)
[0m18:26:38.142408 [debug] [Thread-1 (]: Began compiling node model.enpal_assessment_project.stg_activity_types
[0m18:26:38.146383 [debug] [Thread-1 (]: Writing injected SQL for node "model.enpal_assessment_project.stg_activity_types"
[0m18:26:38.147699 [debug] [Thread-1 (]: Began executing node model.enpal_assessment_project.stg_activity_types
[0m18:26:38.153024 [debug] [Thread-1 (]: Writing runtime sql for node "model.enpal_assessment_project.stg_activity_types"
[0m18:26:38.154145 [debug] [Thread-1 (]: Using postgres connection "model.enpal_assessment_project.stg_activity_types"
[0m18:26:38.154678 [debug] [Thread-1 (]: On model.enpal_assessment_project.stg_activity_types: BEGIN
[0m18:26:38.155123 [debug] [Thread-1 (]: Opening a new connection, currently in state closed
[0m18:26:38.170856 [debug] [Thread-1 (]: SQL status: BEGIN in 0.016 seconds
[0m18:26:38.172424 [debug] [Thread-1 (]: Using postgres connection "model.enpal_assessment_project.stg_activity_types"
[0m18:26:38.173196 [debug] [Thread-1 (]: On model.enpal_assessment_project.stg_activity_types: /* {"app": "dbt", "dbt_version": "1.10.13", "profile_name": "enpal_assessment_project", "target_name": "dev", "node_id": "model.enpal_assessment_project.stg_activity_types"} */

  create view "postgres"."public_pipedrive_analytics"."stg_activity_types__dbt_tmp"
    
    
  as (
    

select
  id::bigint       as activity_type_id,
  name             as activity_type_name,
  type             as activity_type_key,
  active::boolean  as active_flag
from "postgres"."public"."activity_types"
  );
[0m18:26:38.176725 [debug] [Thread-1 (]: SQL status: CREATE VIEW in 0.003 seconds
[0m18:26:38.181129 [debug] [Thread-1 (]: Using postgres connection "model.enpal_assessment_project.stg_activity_types"
[0m18:26:38.181770 [debug] [Thread-1 (]: On model.enpal_assessment_project.stg_activity_types: /* {"app": "dbt", "dbt_version": "1.10.13", "profile_name": "enpal_assessment_project", "target_name": "dev", "node_id": "model.enpal_assessment_project.stg_activity_types"} */
alter table "postgres"."public_pipedrive_analytics"."stg_activity_types" rename to "stg_activity_types__dbt_backup"
[0m18:26:38.185318 [debug] [Thread-1 (]: SQL status: ALTER TABLE in 0.003 seconds
[0m18:26:38.195330 [debug] [Thread-1 (]: Using postgres connection "model.enpal_assessment_project.stg_activity_types"
[0m18:26:38.196749 [debug] [Thread-1 (]: On model.enpal_assessment_project.stg_activity_types: /* {"app": "dbt", "dbt_version": "1.10.13", "profile_name": "enpal_assessment_project", "target_name": "dev", "node_id": "model.enpal_assessment_project.stg_activity_types"} */
alter table "postgres"."public_pipedrive_analytics"."stg_activity_types__dbt_tmp" rename to "stg_activity_types"
[0m18:26:38.200072 [debug] [Thread-1 (]: SQL status: ALTER TABLE in 0.002 seconds
[0m18:26:38.203668 [debug] [Thread-1 (]: On model.enpal_assessment_project.stg_activity_types: COMMIT
[0m18:26:38.204470 [debug] [Thread-1 (]: Using postgres connection "model.enpal_assessment_project.stg_activity_types"
[0m18:26:38.205279 [debug] [Thread-1 (]: On model.enpal_assessment_project.stg_activity_types: COMMIT
[0m18:26:38.209211 [debug] [Thread-1 (]: SQL status: COMMIT in 0.003 seconds
[0m18:26:38.218303 [debug] [Thread-1 (]: Applying DROP to: "postgres"."public_pipedrive_analytics"."stg_activity_types__dbt_backup"
[0m18:26:38.219416 [debug] [Thread-1 (]: Using postgres connection "model.enpal_assessment_project.stg_activity_types"
[0m18:26:38.219978 [debug] [Thread-1 (]: On model.enpal_assessment_project.stg_activity_types: /* {"app": "dbt", "dbt_version": "1.10.13", "profile_name": "enpal_assessment_project", "target_name": "dev", "node_id": "model.enpal_assessment_project.stg_activity_types"} */
drop view if exists "postgres"."public_pipedrive_analytics"."stg_activity_types__dbt_backup" cascade
[0m18:26:38.227498 [debug] [Thread-1 (]: SQL status: DROP VIEW in 0.007 seconds
[0m18:26:38.229290 [debug] [Thread-1 (]: On model.enpal_assessment_project.stg_activity_types: Close
[0m18:26:38.230630 [debug] [Thread-1 (]: Sending event: {'category': 'dbt', 'action': 'run_model', 'label': 'ecab3532-29ee-4e9e-bc75-7ff72be6c31f', 'context': [<snowplow_tracker.self_describing_json.SelfDescribingJson object at 0x7fbc036bd2d0>]}
[0m18:26:38.232442 [info ] [Thread-1 (]: 2 of 7 OK created sql view model public_pipedrive_analytics.stg_activity_types . [[32mCREATE VIEW[0m in 0.09s]
[0m18:26:38.233960 [debug] [Thread-1 (]: Finished running node model.enpal_assessment_project.stg_activity_types
[0m18:26:38.234717 [debug] [Thread-1 (]: Began running node model.enpal_assessment_project.stg_deal_changes
[0m18:26:38.236160 [info ] [Thread-1 (]: 3 of 7 START sql view model public_pipedrive_analytics.stg_deal_changes ........ [RUN]
[0m18:26:38.237034 [debug] [Thread-1 (]: Re-using an available connection from the pool (formerly model.enpal_assessment_project.stg_activity_types, now model.enpal_assessment_project.stg_deal_changes)
[0m18:26:38.237738 [debug] [Thread-1 (]: Began compiling node model.enpal_assessment_project.stg_deal_changes
[0m18:26:38.244724 [debug] [Thread-1 (]: Writing injected SQL for node "model.enpal_assessment_project.stg_deal_changes"
[0m18:26:38.245717 [debug] [Thread-1 (]: Began executing node model.enpal_assessment_project.stg_deal_changes
[0m18:26:38.251347 [debug] [Thread-1 (]: Writing runtime sql for node "model.enpal_assessment_project.stg_deal_changes"
[0m18:26:38.252500 [debug] [Thread-1 (]: Using postgres connection "model.enpal_assessment_project.stg_deal_changes"
[0m18:26:38.253123 [debug] [Thread-1 (]: On model.enpal_assessment_project.stg_deal_changes: BEGIN
[0m18:26:38.253580 [debug] [Thread-1 (]: Opening a new connection, currently in state closed
[0m18:26:38.273209 [debug] [Thread-1 (]: SQL status: BEGIN in 0.019 seconds
[0m18:26:38.274451 [debug] [Thread-1 (]: Using postgres connection "model.enpal_assessment_project.stg_deal_changes"
[0m18:26:38.275051 [debug] [Thread-1 (]: On model.enpal_assessment_project.stg_deal_changes: /* {"app": "dbt", "dbt_version": "1.10.13", "profile_name": "enpal_assessment_project", "target_name": "dev", "node_id": "model.enpal_assessment_project.stg_deal_changes"} */

  create view "postgres"."public_pipedrive_analytics"."stg_deal_changes__dbt_tmp"
    
    
  as (
    

select
  deal_id::bigint           as deal_id,
  change_time::timestamp    as change_time,
  changed_field_key         as changed_field_key,
  new_value                 as new_value
from "postgres"."public"."deal_changes"
  );
[0m18:26:38.277594 [debug] [Thread-1 (]: SQL status: CREATE VIEW in 0.002 seconds
[0m18:26:38.281915 [debug] [Thread-1 (]: Using postgres connection "model.enpal_assessment_project.stg_deal_changes"
[0m18:26:38.282898 [debug] [Thread-1 (]: On model.enpal_assessment_project.stg_deal_changes: /* {"app": "dbt", "dbt_version": "1.10.13", "profile_name": "enpal_assessment_project", "target_name": "dev", "node_id": "model.enpal_assessment_project.stg_deal_changes"} */
alter table "postgres"."public_pipedrive_analytics"."stg_deal_changes" rename to "stg_deal_changes__dbt_backup"
[0m18:26:38.284287 [debug] [Thread-1 (]: SQL status: ALTER TABLE in 0.001 seconds
[0m18:26:38.288131 [debug] [Thread-1 (]: Using postgres connection "model.enpal_assessment_project.stg_deal_changes"
[0m18:26:38.289135 [debug] [Thread-1 (]: On model.enpal_assessment_project.stg_deal_changes: /* {"app": "dbt", "dbt_version": "1.10.13", "profile_name": "enpal_assessment_project", "target_name": "dev", "node_id": "model.enpal_assessment_project.stg_deal_changes"} */
alter table "postgres"."public_pipedrive_analytics"."stg_deal_changes__dbt_tmp" rename to "stg_deal_changes"
[0m18:26:38.290741 [debug] [Thread-1 (]: SQL status: ALTER TABLE in 0.001 seconds
[0m18:26:38.357413 [debug] [Thread-1 (]: On model.enpal_assessment_project.stg_deal_changes: COMMIT
[0m18:26:38.371739 [debug] [Thread-1 (]: Using postgres connection "model.enpal_assessment_project.stg_deal_changes"
[0m18:26:38.372462 [debug] [Thread-1 (]: On model.enpal_assessment_project.stg_deal_changes: COMMIT
[0m18:26:38.378478 [debug] [Thread-1 (]: SQL status: COMMIT in 0.005 seconds
[0m18:26:38.385357 [debug] [Thread-1 (]: Applying DROP to: "postgres"."public_pipedrive_analytics"."stg_deal_changes__dbt_backup"
[0m18:26:38.386470 [debug] [Thread-1 (]: Using postgres connection "model.enpal_assessment_project.stg_deal_changes"
[0m18:26:38.387001 [debug] [Thread-1 (]: On model.enpal_assessment_project.stg_deal_changes: /* {"app": "dbt", "dbt_version": "1.10.13", "profile_name": "enpal_assessment_project", "target_name": "dev", "node_id": "model.enpal_assessment_project.stg_deal_changes"} */
drop view if exists "postgres"."public_pipedrive_analytics"."stg_deal_changes__dbt_backup" cascade
[0m18:26:38.392355 [debug] [Thread-1 (]: SQL status: DROP VIEW in 0.005 seconds
[0m18:26:38.394083 [debug] [Thread-1 (]: On model.enpal_assessment_project.stg_deal_changes: Close
[0m18:26:38.396291 [debug] [Thread-1 (]: Sending event: {'category': 'dbt', 'action': 'run_model', 'label': 'ecab3532-29ee-4e9e-bc75-7ff72be6c31f', 'context': [<snowplow_tracker.self_describing_json.SelfDescribingJson object at 0x7fbc04eb08e0>]}
[0m18:26:38.397784 [info ] [Thread-1 (]: 3 of 7 OK created sql view model public_pipedrive_analytics.stg_deal_changes ... [[32mCREATE VIEW[0m in 0.16s]
[0m18:26:38.402523 [debug] [Thread-1 (]: Finished running node model.enpal_assessment_project.stg_deal_changes
[0m18:26:38.403181 [debug] [Thread-1 (]: Began running node model.enpal_assessment_project.stg_stages
[0m18:26:38.404679 [info ] [Thread-1 (]: 4 of 7 START sql view model public_pipedrive_analytics.stg_stages .............. [RUN]
[0m18:26:38.406660 [debug] [Thread-1 (]: Re-using an available connection from the pool (formerly model.enpal_assessment_project.stg_deal_changes, now model.enpal_assessment_project.stg_stages)
[0m18:26:38.407194 [debug] [Thread-1 (]: Began compiling node model.enpal_assessment_project.stg_stages
[0m18:26:38.412620 [debug] [Thread-1 (]: Writing injected SQL for node "model.enpal_assessment_project.stg_stages"
[0m18:26:38.413984 [debug] [Thread-1 (]: Began executing node model.enpal_assessment_project.stg_stages
[0m18:26:38.422506 [debug] [Thread-1 (]: Writing runtime sql for node "model.enpal_assessment_project.stg_stages"
[0m18:26:38.423577 [debug] [Thread-1 (]: Using postgres connection "model.enpal_assessment_project.stg_stages"
[0m18:26:38.424091 [debug] [Thread-1 (]: On model.enpal_assessment_project.stg_stages: BEGIN
[0m18:26:38.424548 [debug] [Thread-1 (]: Opening a new connection, currently in state closed
[0m18:26:38.454816 [debug] [Thread-1 (]: SQL status: BEGIN in 0.025 seconds
[0m18:26:38.455740 [debug] [Thread-1 (]: Using postgres connection "model.enpal_assessment_project.stg_stages"
[0m18:26:38.456526 [debug] [Thread-1 (]: On model.enpal_assessment_project.stg_stages: /* {"app": "dbt", "dbt_version": "1.10.13", "profile_name": "enpal_assessment_project", "target_name": "dev", "node_id": "model.enpal_assessment_project.stg_stages"} */

  create view "postgres"."public_pipedrive_analytics"."stg_stages__dbt_tmp"
    
    
  as (
    

select
  stage_id::int           as stage_id,
  stage_name              as stage_name
from "postgres"."public"."stages"
  );
[0m18:26:38.460369 [debug] [Thread-1 (]: SQL status: CREATE VIEW in 0.003 seconds
[0m18:26:38.468138 [debug] [Thread-1 (]: Using postgres connection "model.enpal_assessment_project.stg_stages"
[0m18:26:38.469388 [debug] [Thread-1 (]: On model.enpal_assessment_project.stg_stages: /* {"app": "dbt", "dbt_version": "1.10.13", "profile_name": "enpal_assessment_project", "target_name": "dev", "node_id": "model.enpal_assessment_project.stg_stages"} */
alter table "postgres"."public_pipedrive_analytics"."stg_stages" rename to "stg_stages__dbt_backup"
[0m18:26:38.474348 [debug] [Thread-1 (]: SQL status: ALTER TABLE in 0.002 seconds
[0m18:26:38.486786 [debug] [Thread-1 (]: Using postgres connection "model.enpal_assessment_project.stg_stages"
[0m18:26:38.487661 [debug] [Thread-1 (]: On model.enpal_assessment_project.stg_stages: /* {"app": "dbt", "dbt_version": "1.10.13", "profile_name": "enpal_assessment_project", "target_name": "dev", "node_id": "model.enpal_assessment_project.stg_stages"} */
alter table "postgres"."public_pipedrive_analytics"."stg_stages__dbt_tmp" rename to "stg_stages"
[0m18:26:38.498648 [debug] [Thread-1 (]: SQL status: ALTER TABLE in 0.010 seconds
[0m18:26:38.501974 [debug] [Thread-1 (]: On model.enpal_assessment_project.stg_stages: COMMIT
[0m18:26:38.502846 [debug] [Thread-1 (]: Using postgres connection "model.enpal_assessment_project.stg_stages"
[0m18:26:38.503605 [debug] [Thread-1 (]: On model.enpal_assessment_project.stg_stages: COMMIT
[0m18:26:38.506729 [debug] [Thread-1 (]: SQL status: COMMIT in 0.002 seconds
[0m18:26:38.511862 [debug] [Thread-1 (]: Applying DROP to: "postgres"."public_pipedrive_analytics"."stg_stages__dbt_backup"
[0m18:26:38.513101 [debug] [Thread-1 (]: Using postgres connection "model.enpal_assessment_project.stg_stages"
[0m18:26:38.513900 [debug] [Thread-1 (]: On model.enpal_assessment_project.stg_stages: /* {"app": "dbt", "dbt_version": "1.10.13", "profile_name": "enpal_assessment_project", "target_name": "dev", "node_id": "model.enpal_assessment_project.stg_stages"} */
drop view if exists "postgres"."public_pipedrive_analytics"."stg_stages__dbt_backup" cascade
[0m18:26:38.517942 [debug] [Thread-1 (]: SQL status: DROP VIEW in 0.003 seconds
[0m18:26:38.519587 [debug] [Thread-1 (]: On model.enpal_assessment_project.stg_stages: Close
[0m18:26:38.520465 [debug] [Thread-1 (]: Sending event: {'category': 'dbt', 'action': 'run_model', 'label': 'ecab3532-29ee-4e9e-bc75-7ff72be6c31f', 'context': [<snowplow_tracker.self_describing_json.SelfDescribingJson object at 0x7fbc04eb08e0>]}
[0m18:26:38.521742 [info ] [Thread-1 (]: 4 of 7 OK created sql view model public_pipedrive_analytics.stg_stages ......... [[32mCREATE VIEW[0m in 0.11s]
[0m18:26:38.523535 [debug] [Thread-1 (]: Finished running node model.enpal_assessment_project.stg_stages
[0m18:26:38.524463 [debug] [Thread-1 (]: Began running node model.enpal_assessment_project.int_activity_events
[0m18:26:38.525631 [info ] [Thread-1 (]: 5 of 7 START sql view model public_pipedrive_analytics.int_activity_events ..... [RUN]
[0m18:26:38.526531 [debug] [Thread-1 (]: Re-using an available connection from the pool (formerly model.enpal_assessment_project.stg_stages, now model.enpal_assessment_project.int_activity_events)
[0m18:26:38.527033 [debug] [Thread-1 (]: Began compiling node model.enpal_assessment_project.int_activity_events
[0m18:26:38.532175 [debug] [Thread-1 (]: Writing injected SQL for node "model.enpal_assessment_project.int_activity_events"
[0m18:26:38.533124 [debug] [Thread-1 (]: Began executing node model.enpal_assessment_project.int_activity_events
[0m18:26:38.538118 [debug] [Thread-1 (]: Writing runtime sql for node "model.enpal_assessment_project.int_activity_events"
[0m18:26:38.539840 [debug] [Thread-1 (]: Using postgres connection "model.enpal_assessment_project.int_activity_events"
[0m18:26:38.540373 [debug] [Thread-1 (]: On model.enpal_assessment_project.int_activity_events: BEGIN
[0m18:26:38.540821 [debug] [Thread-1 (]: Opening a new connection, currently in state closed
[0m18:26:38.563843 [debug] [Thread-1 (]: SQL status: BEGIN in 0.023 seconds
[0m18:26:38.564892 [debug] [Thread-1 (]: Using postgres connection "model.enpal_assessment_project.int_activity_events"
[0m18:26:38.566325 [debug] [Thread-1 (]: On model.enpal_assessment_project.int_activity_events: /* {"app": "dbt", "dbt_version": "1.10.13", "profile_name": "enpal_assessment_project", "target_name": "dev", "node_id": "model.enpal_assessment_project.int_activity_events"} */

  create view "postgres"."public_pipedrive_analytics"."int_activity_events__dbt_tmp"
    
    
  as (
    

select
  a.deal_id,
  a.due_to::timestamp as activity_date,
  at.activity_type_name,
  at.activity_type_key,
  a.is_done as is_completed
from "postgres"."public_pipedrive_analytics"."stg_activity" a
left join "postgres"."public_pipedrive_analytics"."stg_activity_types" at
  on a.activity_type_key = at.activity_type_key
where a.deal_id is not null
  );
[0m18:26:38.572354 [debug] [Thread-1 (]: SQL status: CREATE VIEW in 0.005 seconds
[0m18:26:38.579628 [debug] [Thread-1 (]: Using postgres connection "model.enpal_assessment_project.int_activity_events"
[0m18:26:38.580674 [debug] [Thread-1 (]: On model.enpal_assessment_project.int_activity_events: /* {"app": "dbt", "dbt_version": "1.10.13", "profile_name": "enpal_assessment_project", "target_name": "dev", "node_id": "model.enpal_assessment_project.int_activity_events"} */
alter table "postgres"."public_pipedrive_analytics"."int_activity_events__dbt_tmp" rename to "int_activity_events"
[0m18:26:38.582952 [debug] [Thread-1 (]: SQL status: ALTER TABLE in 0.001 seconds
[0m18:26:38.585811 [debug] [Thread-1 (]: On model.enpal_assessment_project.int_activity_events: COMMIT
[0m18:26:38.586711 [debug] [Thread-1 (]: Using postgres connection "model.enpal_assessment_project.int_activity_events"
[0m18:26:38.587566 [debug] [Thread-1 (]: On model.enpal_assessment_project.int_activity_events: COMMIT
[0m18:26:38.590942 [debug] [Thread-1 (]: SQL status: COMMIT in 0.003 seconds
[0m18:26:38.601489 [debug] [Thread-1 (]: Applying DROP to: "postgres"."public_pipedrive_analytics"."int_activity_events__dbt_backup"
[0m18:26:38.604254 [debug] [Thread-1 (]: Using postgres connection "model.enpal_assessment_project.int_activity_events"
[0m18:26:38.607046 [debug] [Thread-1 (]: On model.enpal_assessment_project.int_activity_events: /* {"app": "dbt", "dbt_version": "1.10.13", "profile_name": "enpal_assessment_project", "target_name": "dev", "node_id": "model.enpal_assessment_project.int_activity_events"} */
drop view if exists "postgres"."public_pipedrive_analytics"."int_activity_events__dbt_backup" cascade
[0m18:26:38.610163 [debug] [Thread-1 (]: SQL status: DROP VIEW in 0.002 seconds
[0m18:26:38.612786 [debug] [Thread-1 (]: On model.enpal_assessment_project.int_activity_events: Close
[0m18:26:38.614126 [debug] [Thread-1 (]: Sending event: {'category': 'dbt', 'action': 'run_model', 'label': 'ecab3532-29ee-4e9e-bc75-7ff72be6c31f', 'context': [<snowplow_tracker.self_describing_json.SelfDescribingJson object at 0x7fbc0597bfd0>]}
[0m18:26:38.615581 [info ] [Thread-1 (]: 5 of 7 OK created sql view model public_pipedrive_analytics.int_activity_events  [[32mCREATE VIEW[0m in 0.09s]
[0m18:26:38.617083 [debug] [Thread-1 (]: Finished running node model.enpal_assessment_project.int_activity_events
[0m18:26:38.618029 [debug] [Thread-1 (]: Began running node model.enpal_assessment_project.int_stage_transitions
[0m18:26:38.619167 [info ] [Thread-1 (]: 6 of 7 START sql view model public_pipedrive_analytics.int_stage_transitions ... [RUN]
[0m18:26:38.620317 [debug] [Thread-1 (]: Re-using an available connection from the pool (formerly model.enpal_assessment_project.int_activity_events, now model.enpal_assessment_project.int_stage_transitions)
[0m18:26:38.620837 [debug] [Thread-1 (]: Began compiling node model.enpal_assessment_project.int_stage_transitions
[0m18:26:38.627501 [debug] [Thread-1 (]: Writing injected SQL for node "model.enpal_assessment_project.int_stage_transitions"
[0m18:26:38.628813 [debug] [Thread-1 (]: Began executing node model.enpal_assessment_project.int_stage_transitions
[0m18:26:38.636525 [debug] [Thread-1 (]: Writing runtime sql for node "model.enpal_assessment_project.int_stage_transitions"
[0m18:26:38.637753 [debug] [Thread-1 (]: Using postgres connection "model.enpal_assessment_project.int_stage_transitions"
[0m18:26:38.638657 [debug] [Thread-1 (]: On model.enpal_assessment_project.int_stage_transitions: BEGIN
[0m18:26:38.639639 [debug] [Thread-1 (]: Opening a new connection, currently in state closed
[0m18:26:38.662466 [debug] [Thread-1 (]: SQL status: BEGIN in 0.023 seconds
[0m18:26:38.663763 [debug] [Thread-1 (]: Using postgres connection "model.enpal_assessment_project.int_stage_transitions"
[0m18:26:38.664645 [debug] [Thread-1 (]: On model.enpal_assessment_project.int_stage_transitions: /* {"app": "dbt", "dbt_version": "1.10.13", "profile_name": "enpal_assessment_project", "target_name": "dev", "node_id": "model.enpal_assessment_project.int_stage_transitions"} */

  create view "postgres"."public_pipedrive_analytics"."int_stage_transitions__dbt_tmp"
    
    
  as (
    

select
  dc.deal_id,
  dc.change_time::timestamp as change_time,
  dc.new_value::int as stage_id,
  s.stage_name
from "postgres"."public_pipedrive_analytics"."stg_deal_changes" dc
left join "postgres"."public_pipedrive_analytics"."stg_stages" s
  on dc.new_value::int = s.stage_id
where dc.changed_field_key = 'stage_id'
  );
[0m18:26:38.669158 [debug] [Thread-1 (]: SQL status: CREATE VIEW in 0.004 seconds
[0m18:26:38.675544 [debug] [Thread-1 (]: Using postgres connection "model.enpal_assessment_project.int_stage_transitions"
[0m18:26:38.676306 [debug] [Thread-1 (]: On model.enpal_assessment_project.int_stage_transitions: /* {"app": "dbt", "dbt_version": "1.10.13", "profile_name": "enpal_assessment_project", "target_name": "dev", "node_id": "model.enpal_assessment_project.int_stage_transitions"} */
alter table "postgres"."public_pipedrive_analytics"."int_stage_transitions__dbt_tmp" rename to "int_stage_transitions"
[0m18:26:38.678198 [debug] [Thread-1 (]: SQL status: ALTER TABLE in 0.001 seconds
[0m18:26:38.679988 [debug] [Thread-1 (]: On model.enpal_assessment_project.int_stage_transitions: COMMIT
[0m18:26:38.680542 [debug] [Thread-1 (]: Using postgres connection "model.enpal_assessment_project.int_stage_transitions"
[0m18:26:38.681011 [debug] [Thread-1 (]: On model.enpal_assessment_project.int_stage_transitions: COMMIT
[0m18:26:38.682813 [debug] [Thread-1 (]: SQL status: COMMIT in 0.001 seconds
[0m18:26:38.686696 [debug] [Thread-1 (]: Applying DROP to: "postgres"."public_pipedrive_analytics"."int_stage_transitions__dbt_backup"
[0m18:26:38.691649 [debug] [Thread-1 (]: Using postgres connection "model.enpal_assessment_project.int_stage_transitions"
[0m18:26:38.692251 [debug] [Thread-1 (]: On model.enpal_assessment_project.int_stage_transitions: /* {"app": "dbt", "dbt_version": "1.10.13", "profile_name": "enpal_assessment_project", "target_name": "dev", "node_id": "model.enpal_assessment_project.int_stage_transitions"} */
drop view if exists "postgres"."public_pipedrive_analytics"."int_stage_transitions__dbt_backup" cascade
[0m18:26:38.693639 [debug] [Thread-1 (]: SQL status: DROP VIEW in 0.001 seconds
[0m18:26:38.695250 [debug] [Thread-1 (]: On model.enpal_assessment_project.int_stage_transitions: Close
[0m18:26:38.696035 [debug] [Thread-1 (]: Sending event: {'category': 'dbt', 'action': 'run_model', 'label': 'ecab3532-29ee-4e9e-bc75-7ff72be6c31f', 'context': [<snowplow_tracker.self_describing_json.SelfDescribingJson object at 0x7fbc0364bdc0>]}
[0m18:26:38.697008 [info ] [Thread-1 (]: 6 of 7 OK created sql view model public_pipedrive_analytics.int_stage_transitions  [[32mCREATE VIEW[0m in 0.08s]
[0m18:26:38.698524 [debug] [Thread-1 (]: Finished running node model.enpal_assessment_project.int_stage_transitions
[0m18:26:38.700297 [debug] [Thread-1 (]: Began running node model.enpal_assessment_project.rep_sales_funnel_monthly
[0m18:26:38.701225 [info ] [Thread-1 (]: 7 of 7 START sql table model public_pipedrive_analytics.rep_sales_funnel_monthly  [RUN]
[0m18:26:38.702025 [debug] [Thread-1 (]: Re-using an available connection from the pool (formerly model.enpal_assessment_project.int_stage_transitions, now model.enpal_assessment_project.rep_sales_funnel_monthly)
[0m18:26:38.702810 [debug] [Thread-1 (]: Began compiling node model.enpal_assessment_project.rep_sales_funnel_monthly
[0m18:26:38.707299 [debug] [Thread-1 (]: Writing injected SQL for node "model.enpal_assessment_project.rep_sales_funnel_monthly"
[0m18:26:38.708150 [debug] [Thread-1 (]: Began executing node model.enpal_assessment_project.rep_sales_funnel_monthly
[0m18:26:38.734361 [debug] [Thread-1 (]: Writing runtime sql for node "model.enpal_assessment_project.rep_sales_funnel_monthly"
[0m18:26:38.735433 [debug] [Thread-1 (]: Using postgres connection "model.enpal_assessment_project.rep_sales_funnel_monthly"
[0m18:26:38.735929 [debug] [Thread-1 (]: On model.enpal_assessment_project.rep_sales_funnel_monthly: BEGIN
[0m18:26:38.736365 [debug] [Thread-1 (]: Opening a new connection, currently in state closed
[0m18:26:38.754223 [debug] [Thread-1 (]: SQL status: BEGIN in 0.017 seconds
[0m18:26:38.755728 [debug] [Thread-1 (]: Using postgres connection "model.enpal_assessment_project.rep_sales_funnel_monthly"
[0m18:26:38.756408 [debug] [Thread-1 (]: On model.enpal_assessment_project.rep_sales_funnel_monthly: /* {"app": "dbt", "dbt_version": "1.10.13", "profile_name": "enpal_assessment_project", "target_name": "dev", "node_id": "model.enpal_assessment_project.rep_sales_funnel_monthly"} */

  
    

  create  table "postgres"."public_pipedrive_analytics"."rep_sales_funnel_monthly__dbt_tmp"
  
  
    as
  
  (
    

with stage_transitions as (
    select
        date_trunc('month', change_time) as month,
        stage_name as kpi_name,
        stage_name as funnel_step,
        count(distinct deal_id) as deals_count
    from "postgres"."public_pipedrive_analytics"."int_stage_transitions"
    group by 1, 2, 3
),

activity_events as (
    select
        date_trunc('month', activity_date) as month,
        activity_type_name as kpi_name,
        activity_type_name as funnel_step,
        count(distinct deal_id) as deals_count
    from "postgres"."public_pipedrive_analytics"."int_activity_events"
    where is_completed = true
    group by 1, 2, 3
)

select *
from stage_transitions
union all
select *
from activity_events
order by month, funnel_step;
  );
  
[0m18:26:38.761938 [debug] [Thread-1 (]: Postgres adapter: Postgres error: syntax error at or near ";"
LINE 40: order by month, funnel_step;
                                    ^

[0m18:26:38.764789 [debug] [Thread-1 (]: On model.enpal_assessment_project.rep_sales_funnel_monthly: ROLLBACK
[0m18:26:38.768154 [debug] [Thread-1 (]: On model.enpal_assessment_project.rep_sales_funnel_monthly: Close
[0m18:26:38.784230 [debug] [Thread-1 (]: Database Error in model rep_sales_funnel_monthly (models/marts/rep_sales_funnel_monthly.sql)
  syntax error at or near ";"
  LINE 40: order by month, funnel_step;
                                      ^
  compiled code at target/run/enpal_assessment_project/models/marts/rep_sales_funnel_monthly.sql
[0m18:26:38.785391 [debug] [Thread-1 (]: Sending event: {'category': 'dbt', 'action': 'run_model', 'label': 'ecab3532-29ee-4e9e-bc75-7ff72be6c31f', 'context': [<snowplow_tracker.self_describing_json.SelfDescribingJson object at 0x7fbc04e4bdf0>]}
[0m18:26:38.786720 [error] [Thread-1 (]: 7 of 7 ERROR creating sql table model public_pipedrive_analytics.rep_sales_funnel_monthly  [[31mERROR[0m in 0.08s]
[0m18:26:38.787625 [debug] [Thread-1 (]: Finished running node model.enpal_assessment_project.rep_sales_funnel_monthly
[0m18:26:38.788295 [debug] [Thread-4 (]: Marking all children of 'model.enpal_assessment_project.rep_sales_funnel_monthly' to be skipped because of status 'error'.  Reason: Database Error in model rep_sales_funnel_monthly (models/marts/rep_sales_funnel_monthly.sql)
  syntax error at or near ";"
  LINE 40: order by month, funnel_step;
                                      ^
  compiled code at target/run/enpal_assessment_project/models/marts/rep_sales_funnel_monthly.sql.
[0m18:26:38.790261 [debug] [MainThread]: Using postgres connection "master"
[0m18:26:38.790771 [debug] [MainThread]: On master: BEGIN
[0m18:26:38.791207 [debug] [MainThread]: Opening a new connection, currently in state closed
[0m18:26:38.807663 [debug] [MainThread]: SQL status: BEGIN in 0.016 seconds
[0m18:26:38.808658 [debug] [MainThread]: On master: COMMIT
[0m18:26:38.809839 [debug] [MainThread]: Using postgres connection "master"
[0m18:26:38.810269 [debug] [MainThread]: On master: COMMIT
[0m18:26:38.811306 [debug] [MainThread]: SQL status: COMMIT in 0.001 seconds
[0m18:26:38.811792 [debug] [MainThread]: On master: Close
[0m18:26:38.812342 [debug] [MainThread]: Connection 'master' was properly closed.
[0m18:26:38.812773 [debug] [MainThread]: Connection 'model.enpal_assessment_project.rep_sales_funnel_monthly' was properly closed.
[0m18:26:38.813303 [info ] [MainThread]: 
[0m18:26:38.813872 [info ] [MainThread]: Finished running 1 table model, 6 view models in 0 hours 0 minutes and 1.14 seconds (1.14s).
[0m18:26:38.816404 [debug] [MainThread]: Command end result
[0m18:26:38.857592 [debug] [MainThread]: Wrote artifact WritableManifest to /Users/macbook/Desktop/ENPAL/Take-Home-Assessment/REPO/dbt_enpal_assessment/target/manifest.json
[0m18:26:38.859706 [debug] [MainThread]: Wrote artifact SemanticManifest to /Users/macbook/Desktop/ENPAL/Take-Home-Assessment/REPO/dbt_enpal_assessment/target/semantic_manifest.json
[0m18:26:38.868392 [debug] [MainThread]: Wrote artifact RunExecutionResult to /Users/macbook/Desktop/ENPAL/Take-Home-Assessment/REPO/dbt_enpal_assessment/target/run_results.json
[0m18:26:38.869159 [info ] [MainThread]: 
[0m18:26:38.869971 [info ] [MainThread]: [31mCompleted with 1 error, 0 partial successes, and 0 warnings:[0m
[0m18:26:38.870737 [info ] [MainThread]: 
[0m18:26:38.871657 [error] [MainThread]: [31mFailure in model rep_sales_funnel_monthly (models/marts/rep_sales_funnel_monthly.sql)[0m
[0m18:26:38.872543 [error] [MainThread]:   Database Error in model rep_sales_funnel_monthly (models/marts/rep_sales_funnel_monthly.sql)
  syntax error at or near ";"
  LINE 40: order by month, funnel_step;
                                      ^
  compiled code at target/run/enpal_assessment_project/models/marts/rep_sales_funnel_monthly.sql
[0m18:26:38.873301 [info ] [MainThread]: 
[0m18:26:38.874102 [info ] [MainThread]:   compiled code at target/compiled/enpal_assessment_project/models/marts/rep_sales_funnel_monthly.sql
[0m18:26:38.874813 [info ] [MainThread]: 
[0m18:26:38.875540 [info ] [MainThread]: Done. PASS=6 WARN=0 ERROR=1 SKIP=0 NO-OP=0 TOTAL=7
[0m18:26:38.878908 [debug] [MainThread]: Resource report: {"command_name": "run", "command_success": false, "command_wall_clock_time": 4.404945, "process_in_blocks": "0", "process_kernel_time": 0.876635, "process_mem_max_rss": "128028672", "process_out_blocks": "0", "process_user_time": 5.316914}
[0m18:26:38.880631 [debug] [MainThread]: Command `dbt run` failed at 18:26:38.880276 after 4.41 seconds
[0m18:26:38.881531 [debug] [MainThread]: Sending event: {'category': 'dbt', 'action': 'invocation', 'label': 'end', 'context': [<snowplow_tracker.self_describing_json.SelfDescribingJson object at 0x7fbc02e86920>, <snowplow_tracker.self_describing_json.SelfDescribingJson object at 0x7fbc04867190>, <snowplow_tracker.self_describing_json.SelfDescribingJson object at 0x7fbc0535c970>]}
[0m18:26:38.882368 [debug] [MainThread]: Flushing usage events
[0m18:26:39.510936 [debug] [MainThread]: An error was encountered while trying to flush usage events
[0m18:28:21.140528 [debug] [MainThread]: Sending event: {'category': 'dbt', 'action': 'invocation', 'label': 'start', 'context': [<snowplow_tracker.self_describing_json.SelfDescribingJson object at 0x7f79d3dc4520>, <snowplow_tracker.self_describing_json.SelfDescribingJson object at 0x7f79d59a5240>, <snowplow_tracker.self_describing_json.SelfDescribingJson object at 0x7f79d59a4b50>]}


============================== 18:28:21.147666 | dd0e2287-8d64-4d78-8696-a6ae7f3ba5ad ==============================
[0m18:28:21.147666 [info ] [MainThread]: Running with dbt=1.10.13
[0m18:28:21.148706 [debug] [MainThread]: running dbt with arguments {'warn_error': 'None', 'printer_width': '80', 'profiles_dir': '/Users/macbook/Desktop/Enpal/Take-Home-Assessment/REPO/dbt_enpal_assessment', 'send_anonymous_usage_stats': 'True', 'empty': 'False', 'use_experimental_parser': 'False', 'cache_selected_only': 'False', 'log_format': 'default', 'warn_error_options': 'WarnErrorOptionsV2(error=[], warn=[], silence=[])', 'partial_parse': 'True', 'write_json': 'True', 'static_parser': 'True', 'version_check': 'True', 'quiet': 'False', 'invocation_command': 'dbt run --select rep_sales_funnel_monthly --full-refresh', 'no_print': 'None', 'introspect': 'True', 'target_path': 'None', 'fail_fast': 'False', 'log_cache_events': 'False', 'log_path': '/Users/macbook/Desktop/ENPAL/Take-Home-Assessment/REPO/dbt_enpal_assessment/logs', 'use_colors': 'True', 'indirect_selection': 'eager', 'debug': 'False'}
[0m18:28:21.605909 [debug] [MainThread]: Sending event: {'category': 'dbt', 'action': 'project_id', 'label': 'dd0e2287-8d64-4d78-8696-a6ae7f3ba5ad', 'context': [<snowplow_tracker.self_describing_json.SelfDescribingJson object at 0x7f79d5968250>]}
[0m18:28:21.687121 [debug] [MainThread]: Sending event: {'category': 'dbt', 'action': 'adapter_info', 'label': 'dd0e2287-8d64-4d78-8696-a6ae7f3ba5ad', 'context': [<snowplow_tracker.self_describing_json.SelfDescribingJson object at 0x7f79d5a75840>]}
[0m18:28:21.690242 [info ] [MainThread]: Registered adapter: postgres=1.9.1
[0m18:28:21.910311 [debug] [MainThread]: checksum: 9f0c81e2574b4ff463f3d16d080df83c6982fc0372c9feeacae0504ac9ea3ffe, vars: {}, profile: , target: , version: 1.10.13
[0m18:28:22.181824 [debug] [MainThread]: Partial parsing enabled: 0 files deleted, 0 files added, 1 files changed.
[0m18:28:22.182765 [debug] [MainThread]: Partial parsing: updated file: enpal_assessment_project://models/marts/rep_sales_funnel_monthly.sql
[0m18:28:22.614150 [debug] [MainThread]: Sending event: {'category': 'dbt', 'action': 'load_project', 'label': 'dd0e2287-8d64-4d78-8696-a6ae7f3ba5ad', 'context': [<snowplow_tracker.self_describing_json.SelfDescribingJson object at 0x7f79d62c4730>]}
[0m18:28:22.747843 [debug] [MainThread]: Wrote artifact WritableManifest to /Users/macbook/Desktop/ENPAL/Take-Home-Assessment/REPO/dbt_enpal_assessment/target/manifest.json
[0m18:28:22.752566 [debug] [MainThread]: Wrote artifact SemanticManifest to /Users/macbook/Desktop/ENPAL/Take-Home-Assessment/REPO/dbt_enpal_assessment/target/semantic_manifest.json
[0m18:28:22.801892 [debug] [MainThread]: Sending event: {'category': 'dbt', 'action': 'resource_counts', 'label': 'dd0e2287-8d64-4d78-8696-a6ae7f3ba5ad', 'context': [<snowplow_tracker.self_describing_json.SelfDescribingJson object at 0x7f79d6093040>]}
[0m18:28:22.802906 [info ] [MainThread]: Found 9 models, 19 data tests, 6 sources, 447 macros
[0m18:28:22.803545 [debug] [MainThread]: Sending event: {'category': 'dbt', 'action': 'runnable_timing', 'label': 'dd0e2287-8d64-4d78-8696-a6ae7f3ba5ad', 'context': [<snowplow_tracker.self_describing_json.SelfDescribingJson object at 0x7f79d6090bb0>]}
[0m18:28:22.805847 [info ] [MainThread]: 
[0m18:28:22.806628 [info ] [MainThread]: Concurrency: 1 threads (target='dev')
[0m18:28:22.807614 [info ] [MainThread]: 
[0m18:28:22.808692 [debug] [MainThread]: Acquiring new postgres connection 'master'
[0m18:28:22.809802 [debug] [ThreadPool]: Acquiring new postgres connection 'list_postgres'
[0m18:28:22.956287 [debug] [ThreadPool]: Using postgres connection "list_postgres"
[0m18:28:22.957047 [debug] [ThreadPool]: On list_postgres: /* {"app": "dbt", "dbt_version": "1.10.13", "profile_name": "enpal_assessment_project", "target_name": "dev", "connection_name": "list_postgres"} */

    select distinct nspname from pg_namespace
  
[0m18:28:22.957613 [debug] [ThreadPool]: Opening a new connection, currently in state init
[0m18:28:23.059178 [debug] [ThreadPool]: SQL status: SELECT 5 in 0.101 seconds
[0m18:28:23.062099 [debug] [ThreadPool]: On list_postgres: Close
[0m18:28:23.069075 [debug] [ThreadPool]: Re-using an available connection from the pool (formerly list_postgres, now list_postgres_public_pipedrive_analytics)
[0m18:28:23.076269 [debug] [ThreadPool]: Using postgres connection "list_postgres_public_pipedrive_analytics"
[0m18:28:23.076801 [debug] [ThreadPool]: On list_postgres_public_pipedrive_analytics: BEGIN
[0m18:28:23.077188 [debug] [ThreadPool]: Opening a new connection, currently in state closed
[0m18:28:23.093434 [debug] [ThreadPool]: SQL status: BEGIN in 0.016 seconds
[0m18:28:23.094875 [debug] [ThreadPool]: Using postgres connection "list_postgres_public_pipedrive_analytics"
[0m18:28:23.095500 [debug] [ThreadPool]: On list_postgres_public_pipedrive_analytics: /* {"app": "dbt", "dbt_version": "1.10.13", "profile_name": "enpal_assessment_project", "target_name": "dev", "connection_name": "list_postgres_public_pipedrive_analytics"} */
select
      'postgres' as database,
      tablename as name,
      schemaname as schema,
      'table' as type
    from pg_tables
    where schemaname ilike 'public_pipedrive_analytics'
    union all
    select
      'postgres' as database,
      viewname as name,
      schemaname as schema,
      'view' as type
    from pg_views
    where schemaname ilike 'public_pipedrive_analytics'
    union all
    select
      'postgres' as database,
      matviewname as name,
      schemaname as schema,
      'materialized_view' as type
    from pg_matviews
    where schemaname ilike 'public_pipedrive_analytics'
  
[0m18:28:23.099403 [debug] [ThreadPool]: SQL status: SELECT 9 in 0.003 seconds
[0m18:28:23.101065 [debug] [ThreadPool]: On list_postgres_public_pipedrive_analytics: ROLLBACK
[0m18:28:23.102378 [debug] [ThreadPool]: On list_postgres_public_pipedrive_analytics: Close
[0m18:28:23.110582 [debug] [MainThread]: Using postgres connection "master"
[0m18:28:23.111142 [debug] [MainThread]: On master: BEGIN
[0m18:28:23.111525 [debug] [MainThread]: Opening a new connection, currently in state init
[0m18:28:23.126947 [debug] [MainThread]: SQL status: BEGIN in 0.015 seconds
[0m18:28:23.127908 [debug] [MainThread]: Using postgres connection "master"
[0m18:28:23.129346 [debug] [MainThread]: On master: /* {"app": "dbt", "dbt_version": "1.10.13", "profile_name": "enpal_assessment_project", "target_name": "dev", "connection_name": "master"} */
select distinct
        dependent_namespace.nspname as dependent_schema,
        dependent_class.relname as dependent_name,
        referenced_namespace.nspname as referenced_schema,
        referenced_class.relname as referenced_name

    -- Query for views: views are entries in pg_class with an entry in pg_rewrite, but we avoid
    -- a seq scan on pg_rewrite by leveraging the fact there is an "internal" row in pg_depend for
    -- the view...
    from pg_class as dependent_class
    join pg_namespace as dependent_namespace on dependent_namespace.oid = dependent_class.relnamespace
    join pg_depend as dependent_depend on dependent_depend.refobjid = dependent_class.oid
        and dependent_depend.classid = 'pg_rewrite'::regclass
        and dependent_depend.refclassid = 'pg_class'::regclass
        and dependent_depend.deptype = 'i'

    -- ... and via pg_depend (that has a row per column, hence the need for "distinct" above, and
    -- making sure to exclude the internal row to avoid a view appearing to depend on itself)...
    join pg_depend as joining_depend on joining_depend.objid = dependent_depend.objid
        and joining_depend.classid = 'pg_rewrite'::regclass
        and joining_depend.refclassid = 'pg_class'::regclass
        and joining_depend.refobjid != dependent_depend.refobjid

    -- ... we can find the tables they query from in pg_class, but excluding system tables. Note we
    -- don't need need to exclude _dependent_ system tables, because they only query from other
    -- system tables, and so are automatically excluded by excluding _referenced_ system tables
    join pg_class as referenced_class on referenced_class.oid = joining_depend.refobjid
    join pg_namespace as referenced_namespace on referenced_namespace.oid = referenced_class.relnamespace
        and referenced_namespace.nspname != 'information_schema'
        and referenced_namespace.nspname not like 'pg\_%'

    order by
        dependent_schema, dependent_name, referenced_schema, referenced_name;
[0m18:28:23.135737 [debug] [MainThread]: SQL status: SELECT 10 in 0.005 seconds
[0m18:28:23.143997 [debug] [MainThread]: Sending event: {'category': 'dbt', 'action': 'runnable_timing', 'label': 'dd0e2287-8d64-4d78-8696-a6ae7f3ba5ad', 'context': [<snowplow_tracker.self_describing_json.SelfDescribingJson object at 0x7f79d6294760>]}
[0m18:28:23.144759 [debug] [MainThread]: On master: ROLLBACK
[0m18:28:23.146631 [debug] [MainThread]: Using postgres connection "master"
[0m18:28:23.147467 [debug] [MainThread]: On master: BEGIN
[0m18:28:23.149779 [debug] [MainThread]: SQL status: BEGIN in 0.002 seconds
[0m18:28:23.151758 [debug] [MainThread]: On master: COMMIT
[0m18:28:23.152527 [debug] [MainThread]: Using postgres connection "master"
[0m18:28:23.153143 [debug] [MainThread]: On master: COMMIT
[0m18:28:23.155252 [debug] [MainThread]: SQL status: COMMIT in 0.002 seconds
[0m18:28:23.156034 [debug] [MainThread]: On master: Close
[0m18:28:23.161219 [debug] [Thread-1 (]: Began running node model.enpal_assessment_project.rep_sales_funnel_monthly
[0m18:28:23.162025 [info ] [Thread-1 (]: 1 of 1 START sql table model public_pipedrive_analytics.rep_sales_funnel_monthly  [RUN]
[0m18:28:23.162696 [debug] [Thread-1 (]: Re-using an available connection from the pool (formerly list_postgres_public_pipedrive_analytics, now model.enpal_assessment_project.rep_sales_funnel_monthly)
[0m18:28:23.163199 [debug] [Thread-1 (]: Began compiling node model.enpal_assessment_project.rep_sales_funnel_monthly
[0m18:28:23.173208 [debug] [Thread-1 (]: Writing injected SQL for node "model.enpal_assessment_project.rep_sales_funnel_monthly"
[0m18:28:23.175860 [debug] [Thread-1 (]: Began executing node model.enpal_assessment_project.rep_sales_funnel_monthly
[0m18:28:23.227949 [debug] [Thread-1 (]: Writing runtime sql for node "model.enpal_assessment_project.rep_sales_funnel_monthly"
[0m18:28:23.230322 [debug] [Thread-1 (]: Using postgres connection "model.enpal_assessment_project.rep_sales_funnel_monthly"
[0m18:28:23.231144 [debug] [Thread-1 (]: On model.enpal_assessment_project.rep_sales_funnel_monthly: BEGIN
[0m18:28:23.231692 [debug] [Thread-1 (]: Opening a new connection, currently in state closed
[0m18:28:23.248283 [debug] [Thread-1 (]: SQL status: BEGIN in 0.016 seconds
[0m18:28:23.249675 [debug] [Thread-1 (]: Using postgres connection "model.enpal_assessment_project.rep_sales_funnel_monthly"
[0m18:28:23.250342 [debug] [Thread-1 (]: On model.enpal_assessment_project.rep_sales_funnel_monthly: /* {"app": "dbt", "dbt_version": "1.10.13", "profile_name": "enpal_assessment_project", "target_name": "dev", "node_id": "model.enpal_assessment_project.rep_sales_funnel_monthly"} */

  
    

  create  table "postgres"."public_pipedrive_analytics"."rep_sales_funnel_monthly__dbt_tmp"
  
  
    as
  
  (
    

with stage_transitions as (
    select
        date_trunc('month', change_time) as month,
        stage_name as kpi_name,
        stage_name as funnel_step,
        count(distinct deal_id) as deals_count
    from "postgres"."public_pipedrive_analytics"."int_stage_transitions"
    group by 1, 2, 3
),

activity_events as (
    select
        date_trunc('month', activity_date) as month,
        activity_type_name as kpi_name,
        activity_type_name as funnel_step,
        count(distinct deal_id) as deals_count
    from "postgres"."public_pipedrive_analytics"."int_activity_events"
    where is_completed = true
    group by 1, 2, 3
)

select *
from stage_transitions
union all
select *
from activity_events
;
  );
  
[0m18:28:23.252370 [debug] [Thread-1 (]: Postgres adapter: Postgres error: syntax error at or near ";"
LINE 40: ;
         ^

[0m18:28:23.253760 [debug] [Thread-1 (]: On model.enpal_assessment_project.rep_sales_funnel_monthly: ROLLBACK
[0m18:28:23.258031 [debug] [Thread-1 (]: On model.enpal_assessment_project.rep_sales_funnel_monthly: Close
[0m18:28:23.272548 [debug] [Thread-1 (]: Database Error in model rep_sales_funnel_monthly (models/marts/rep_sales_funnel_monthly.sql)
  syntax error at or near ";"
  LINE 40: ;
           ^
  compiled code at target/run/enpal_assessment_project/models/marts/rep_sales_funnel_monthly.sql
[0m18:28:23.275635 [debug] [Thread-1 (]: Sending event: {'category': 'dbt', 'action': 'run_model', 'label': 'dd0e2287-8d64-4d78-8696-a6ae7f3ba5ad', 'context': [<snowplow_tracker.self_describing_json.SelfDescribingJson object at 0x7f79d3bd6290>]}
[0m18:28:23.276761 [error] [Thread-1 (]: 1 of 1 ERROR creating sql table model public_pipedrive_analytics.rep_sales_funnel_monthly  [[31mERROR[0m in 0.11s]
[0m18:28:23.277735 [debug] [Thread-1 (]: Finished running node model.enpal_assessment_project.rep_sales_funnel_monthly
[0m18:28:23.278538 [debug] [Thread-4 (]: Marking all children of 'model.enpal_assessment_project.rep_sales_funnel_monthly' to be skipped because of status 'error'.  Reason: Database Error in model rep_sales_funnel_monthly (models/marts/rep_sales_funnel_monthly.sql)
  syntax error at or near ";"
  LINE 40: ;
           ^
  compiled code at target/run/enpal_assessment_project/models/marts/rep_sales_funnel_monthly.sql.
[0m18:28:23.281634 [debug] [MainThread]: Using postgres connection "master"
[0m18:28:23.282223 [debug] [MainThread]: On master: BEGIN
[0m18:28:23.282664 [debug] [MainThread]: Opening a new connection, currently in state closed
[0m18:28:23.303911 [debug] [MainThread]: SQL status: BEGIN in 0.021 seconds
[0m18:28:23.305791 [debug] [MainThread]: On master: COMMIT
[0m18:28:23.306821 [debug] [MainThread]: Using postgres connection "master"
[0m18:28:23.307285 [debug] [MainThread]: On master: COMMIT
[0m18:28:23.308929 [debug] [MainThread]: SQL status: COMMIT in 0.001 seconds
[0m18:28:23.309806 [debug] [MainThread]: On master: Close
[0m18:28:23.310707 [debug] [MainThread]: Connection 'master' was properly closed.
[0m18:28:23.311489 [debug] [MainThread]: Connection 'model.enpal_assessment_project.rep_sales_funnel_monthly' was properly closed.
[0m18:28:23.314440 [info ] [MainThread]: 
[0m18:28:23.315342 [info ] [MainThread]: Finished running 1 table model in 0 hours 0 minutes and 0.51 seconds (0.51s).
[0m18:28:23.320734 [debug] [MainThread]: Command end result
[0m18:28:23.357620 [debug] [MainThread]: Wrote artifact WritableManifest to /Users/macbook/Desktop/ENPAL/Take-Home-Assessment/REPO/dbt_enpal_assessment/target/manifest.json
[0m18:28:23.360965 [debug] [MainThread]: Wrote artifact SemanticManifest to /Users/macbook/Desktop/ENPAL/Take-Home-Assessment/REPO/dbt_enpal_assessment/target/semantic_manifest.json
[0m18:28:23.370069 [debug] [MainThread]: Wrote artifact RunExecutionResult to /Users/macbook/Desktop/ENPAL/Take-Home-Assessment/REPO/dbt_enpal_assessment/target/run_results.json
[0m18:28:23.370545 [info ] [MainThread]: 
[0m18:28:23.371045 [info ] [MainThread]: [31mCompleted with 1 error, 0 partial successes, and 0 warnings:[0m
[0m18:28:23.371490 [info ] [MainThread]: 
[0m18:28:23.372017 [error] [MainThread]: [31mFailure in model rep_sales_funnel_monthly (models/marts/rep_sales_funnel_monthly.sql)[0m
[0m18:28:23.372525 [error] [MainThread]:   Database Error in model rep_sales_funnel_monthly (models/marts/rep_sales_funnel_monthly.sql)
  syntax error at or near ";"
  LINE 40: ;
           ^
  compiled code at target/run/enpal_assessment_project/models/marts/rep_sales_funnel_monthly.sql
[0m18:28:23.372939 [info ] [MainThread]: 
[0m18:28:23.373431 [info ] [MainThread]:   compiled code at target/compiled/enpal_assessment_project/models/marts/rep_sales_funnel_monthly.sql
[0m18:28:23.373845 [info ] [MainThread]: 
[0m18:28:23.374297 [info ] [MainThread]: Done. PASS=0 WARN=0 ERROR=1 SKIP=0 NO-OP=0 TOTAL=1
[0m18:28:23.376493 [debug] [MainThread]: Resource report: {"command_name": "run", "command_success": false, "command_wall_clock_time": 2.3343241, "process_in_blocks": "0", "process_kernel_time": 0.900152, "process_mem_max_rss": "123916288", "process_out_blocks": "0", "process_user_time": 3.545945}
[0m18:28:23.377210 [debug] [MainThread]: Command `dbt run` failed at 18:28:23.377067 after 2.34 seconds
[0m18:28:23.377773 [debug] [MainThread]: Sending event: {'category': 'dbt', 'action': 'invocation', 'label': 'end', 'context': [<snowplow_tracker.self_describing_json.SelfDescribingJson object at 0x7f79d3dc4520>, <snowplow_tracker.self_describing_json.SelfDescribingJson object at 0x7f79d3ea6920>, <snowplow_tracker.self_describing_json.SelfDescribingJson object at 0x7f79d5f98dc0>]}
[0m18:28:23.378260 [debug] [MainThread]: Flushing usage events
[0m18:28:23.962821 [debug] [MainThread]: An error was encountered while trying to flush usage events
[0m18:30:06.964184 [debug] [MainThread]: Sending event: {'category': 'dbt', 'action': 'invocation', 'label': 'start', 'context': [<snowplow_tracker.self_describing_json.SelfDescribingJson object at 0x7ff40a5b8550>, <snowplow_tracker.self_describing_json.SelfDescribingJson object at 0x7ff40c1b5240>, <snowplow_tracker.self_describing_json.SelfDescribingJson object at 0x7ff40c1b4b50>]}


============================== 18:30:06.971838 | 36ab06e7-6e85-43e1-85e5-92414b2ce7dd ==============================
[0m18:30:06.971838 [info ] [MainThread]: Running with dbt=1.10.13
[0m18:30:06.972944 [debug] [MainThread]: running dbt with arguments {'static_parser': 'True', 'write_json': 'True', 'printer_width': '80', 'target_path': 'None', 'cache_selected_only': 'False', 'warn_error_options': 'WarnErrorOptionsV2(error=[], warn=[], silence=[])', 'log_cache_events': 'False', 'debug': 'False', 'profiles_dir': '/Users/macbook/Desktop/Enpal/Take-Home-Assessment/REPO/dbt_enpal_assessment', 'version_check': 'True', 'partial_parse': 'True', 'log_format': 'default', 'introspect': 'True', 'send_anonymous_usage_stats': 'True', 'invocation_command': 'dbt run --select rep_sales_funnel_monthly --full-refresh', 'log_path': '/Users/macbook/Desktop/ENPAL/Take-Home-Assessment/REPO/dbt_enpal_assessment/logs', 'warn_error': 'None', 'indirect_selection': 'eager', 'use_colors': 'True', 'no_print': 'None', 'use_experimental_parser': 'False', 'quiet': 'False', 'fail_fast': 'False', 'empty': 'False'}
[0m18:30:07.271169 [debug] [MainThread]: Sending event: {'category': 'dbt', 'action': 'project_id', 'label': '36ab06e7-6e85-43e1-85e5-92414b2ce7dd', 'context': [<snowplow_tracker.self_describing_json.SelfDescribingJson object at 0x7ff40c2a57b0>]}
[0m18:30:07.352267 [debug] [MainThread]: Sending event: {'category': 'dbt', 'action': 'adapter_info', 'label': '36ab06e7-6e85-43e1-85e5-92414b2ce7dd', 'context': [<snowplow_tracker.self_describing_json.SelfDescribingJson object at 0x7ff40c2844f0>]}
[0m18:30:07.355165 [info ] [MainThread]: Registered adapter: postgres=1.9.1
[0m18:30:07.559414 [debug] [MainThread]: checksum: 9f0c81e2574b4ff463f3d16d080df83c6982fc0372c9feeacae0504ac9ea3ffe, vars: {}, profile: , target: , version: 1.10.13
[0m18:30:07.818083 [debug] [MainThread]: Partial parsing enabled: 0 files deleted, 0 files added, 1 files changed.
[0m18:30:07.819013 [debug] [MainThread]: Partial parsing: updated file: enpal_assessment_project://models/marts/rep_sales_funnel_monthly.sql
[0m18:30:08.248757 [debug] [MainThread]: Sending event: {'category': 'dbt', 'action': 'load_project', 'label': '36ab06e7-6e85-43e1-85e5-92414b2ce7dd', 'context': [<snowplow_tracker.self_describing_json.SelfDescribingJson object at 0x7ff40cad4700>]}
[0m18:30:08.381862 [debug] [MainThread]: Wrote artifact WritableManifest to /Users/macbook/Desktop/ENPAL/Take-Home-Assessment/REPO/dbt_enpal_assessment/target/manifest.json
[0m18:30:08.385411 [debug] [MainThread]: Wrote artifact SemanticManifest to /Users/macbook/Desktop/ENPAL/Take-Home-Assessment/REPO/dbt_enpal_assessment/target/semantic_manifest.json
[0m18:30:08.428068 [debug] [MainThread]: Sending event: {'category': 'dbt', 'action': 'resource_counts', 'label': '36ab06e7-6e85-43e1-85e5-92414b2ce7dd', 'context': [<snowplow_tracker.self_describing_json.SelfDescribingJson object at 0x7ff40c9a01f0>]}
[0m18:30:08.428873 [info ] [MainThread]: Found 9 models, 19 data tests, 6 sources, 447 macros
[0m18:30:08.429452 [debug] [MainThread]: Sending event: {'category': 'dbt', 'action': 'runnable_timing', 'label': '36ab06e7-6e85-43e1-85e5-92414b2ce7dd', 'context': [<snowplow_tracker.self_describing_json.SelfDescribingJson object at 0x7ff40c9a02b0>]}
[0m18:30:08.431648 [info ] [MainThread]: 
[0m18:30:08.432389 [info ] [MainThread]: Concurrency: 1 threads (target='dev')
[0m18:30:08.433101 [info ] [MainThread]: 
[0m18:30:08.433891 [debug] [MainThread]: Acquiring new postgres connection 'master'
[0m18:30:08.434888 [debug] [ThreadPool]: Acquiring new postgres connection 'list_postgres'
[0m18:30:08.516283 [debug] [ThreadPool]: Using postgres connection "list_postgres"
[0m18:30:08.516925 [debug] [ThreadPool]: On list_postgres: /* {"app": "dbt", "dbt_version": "1.10.13", "profile_name": "enpal_assessment_project", "target_name": "dev", "connection_name": "list_postgres"} */

    select distinct nspname from pg_namespace
  
[0m18:30:08.517388 [debug] [ThreadPool]: Opening a new connection, currently in state init
[0m18:30:08.588437 [debug] [ThreadPool]: SQL status: SELECT 5 in 0.071 seconds
[0m18:30:08.590159 [debug] [ThreadPool]: On list_postgres: Close
[0m18:30:08.596833 [debug] [ThreadPool]: Re-using an available connection from the pool (formerly list_postgres, now list_postgres_public_pipedrive_analytics)
[0m18:30:08.604407 [debug] [ThreadPool]: Using postgres connection "list_postgres_public_pipedrive_analytics"
[0m18:30:08.605042 [debug] [ThreadPool]: On list_postgres_public_pipedrive_analytics: BEGIN
[0m18:30:08.605434 [debug] [ThreadPool]: Opening a new connection, currently in state closed
[0m18:30:08.622045 [debug] [ThreadPool]: SQL status: BEGIN in 0.016 seconds
[0m18:30:08.623584 [debug] [ThreadPool]: Using postgres connection "list_postgres_public_pipedrive_analytics"
[0m18:30:08.624099 [debug] [ThreadPool]: On list_postgres_public_pipedrive_analytics: /* {"app": "dbt", "dbt_version": "1.10.13", "profile_name": "enpal_assessment_project", "target_name": "dev", "connection_name": "list_postgres_public_pipedrive_analytics"} */
select
      'postgres' as database,
      tablename as name,
      schemaname as schema,
      'table' as type
    from pg_tables
    where schemaname ilike 'public_pipedrive_analytics'
    union all
    select
      'postgres' as database,
      viewname as name,
      schemaname as schema,
      'view' as type
    from pg_views
    where schemaname ilike 'public_pipedrive_analytics'
    union all
    select
      'postgres' as database,
      matviewname as name,
      schemaname as schema,
      'materialized_view' as type
    from pg_matviews
    where schemaname ilike 'public_pipedrive_analytics'
  
[0m18:30:08.628218 [debug] [ThreadPool]: SQL status: SELECT 9 in 0.004 seconds
[0m18:30:08.629938 [debug] [ThreadPool]: On list_postgres_public_pipedrive_analytics: ROLLBACK
[0m18:30:08.631139 [debug] [ThreadPool]: On list_postgres_public_pipedrive_analytics: Close
[0m18:30:08.639761 [debug] [MainThread]: Using postgres connection "master"
[0m18:30:08.640295 [debug] [MainThread]: On master: BEGIN
[0m18:30:08.640697 [debug] [MainThread]: Opening a new connection, currently in state init
[0m18:30:08.656730 [debug] [MainThread]: SQL status: BEGIN in 0.016 seconds
[0m18:30:08.657983 [debug] [MainThread]: Using postgres connection "master"
[0m18:30:08.659196 [debug] [MainThread]: On master: /* {"app": "dbt", "dbt_version": "1.10.13", "profile_name": "enpal_assessment_project", "target_name": "dev", "connection_name": "master"} */
select distinct
        dependent_namespace.nspname as dependent_schema,
        dependent_class.relname as dependent_name,
        referenced_namespace.nspname as referenced_schema,
        referenced_class.relname as referenced_name

    -- Query for views: views are entries in pg_class with an entry in pg_rewrite, but we avoid
    -- a seq scan on pg_rewrite by leveraging the fact there is an "internal" row in pg_depend for
    -- the view...
    from pg_class as dependent_class
    join pg_namespace as dependent_namespace on dependent_namespace.oid = dependent_class.relnamespace
    join pg_depend as dependent_depend on dependent_depend.refobjid = dependent_class.oid
        and dependent_depend.classid = 'pg_rewrite'::regclass
        and dependent_depend.refclassid = 'pg_class'::regclass
        and dependent_depend.deptype = 'i'

    -- ... and via pg_depend (that has a row per column, hence the need for "distinct" above, and
    -- making sure to exclude the internal row to avoid a view appearing to depend on itself)...
    join pg_depend as joining_depend on joining_depend.objid = dependent_depend.objid
        and joining_depend.classid = 'pg_rewrite'::regclass
        and joining_depend.refclassid = 'pg_class'::regclass
        and joining_depend.refobjid != dependent_depend.refobjid

    -- ... we can find the tables they query from in pg_class, but excluding system tables. Note we
    -- don't need need to exclude _dependent_ system tables, because they only query from other
    -- system tables, and so are automatically excluded by excluding _referenced_ system tables
    join pg_class as referenced_class on referenced_class.oid = joining_depend.refobjid
    join pg_namespace as referenced_namespace on referenced_namespace.oid = referenced_class.relnamespace
        and referenced_namespace.nspname != 'information_schema'
        and referenced_namespace.nspname not like 'pg\_%'

    order by
        dependent_schema, dependent_name, referenced_schema, referenced_name;
[0m18:30:08.667405 [debug] [MainThread]: SQL status: SELECT 10 in 0.007 seconds
[0m18:30:08.670594 [debug] [MainThread]: Sending event: {'category': 'dbt', 'action': 'runnable_timing', 'label': '36ab06e7-6e85-43e1-85e5-92414b2ce7dd', 'context': [<snowplow_tracker.self_describing_json.SelfDescribingJson object at 0x7ff40c11a320>]}
[0m18:30:08.671245 [debug] [MainThread]: On master: ROLLBACK
[0m18:30:08.672414 [debug] [MainThread]: Using postgres connection "master"
[0m18:30:08.672927 [debug] [MainThread]: On master: BEGIN
[0m18:30:08.674743 [debug] [MainThread]: SQL status: BEGIN in 0.001 seconds
[0m18:30:08.675680 [debug] [MainThread]: On master: COMMIT
[0m18:30:08.676695 [debug] [MainThread]: Using postgres connection "master"
[0m18:30:08.677124 [debug] [MainThread]: On master: COMMIT
[0m18:30:08.678271 [debug] [MainThread]: SQL status: COMMIT in 0.001 seconds
[0m18:30:08.678824 [debug] [MainThread]: On master: Close
[0m18:30:08.684019 [debug] [Thread-1 (]: Began running node model.enpal_assessment_project.rep_sales_funnel_monthly
[0m18:30:08.684797 [info ] [Thread-1 (]: 1 of 1 START sql table model public_pipedrive_analytics.rep_sales_funnel_monthly  [RUN]
[0m18:30:08.685473 [debug] [Thread-1 (]: Re-using an available connection from the pool (formerly list_postgres_public_pipedrive_analytics, now model.enpal_assessment_project.rep_sales_funnel_monthly)
[0m18:30:08.686002 [debug] [Thread-1 (]: Began compiling node model.enpal_assessment_project.rep_sales_funnel_monthly
[0m18:30:08.695954 [debug] [Thread-1 (]: Writing injected SQL for node "model.enpal_assessment_project.rep_sales_funnel_monthly"
[0m18:30:08.696881 [debug] [Thread-1 (]: Began executing node model.enpal_assessment_project.rep_sales_funnel_monthly
[0m18:30:08.746315 [debug] [Thread-1 (]: Writing runtime sql for node "model.enpal_assessment_project.rep_sales_funnel_monthly"
[0m18:30:08.747487 [debug] [Thread-1 (]: Using postgres connection "model.enpal_assessment_project.rep_sales_funnel_monthly"
[0m18:30:08.748163 [debug] [Thread-1 (]: On model.enpal_assessment_project.rep_sales_funnel_monthly: BEGIN
[0m18:30:08.748659 [debug] [Thread-1 (]: Opening a new connection, currently in state closed
[0m18:30:08.764515 [debug] [Thread-1 (]: SQL status: BEGIN in 0.015 seconds
[0m18:30:08.766305 [debug] [Thread-1 (]: Using postgres connection "model.enpal_assessment_project.rep_sales_funnel_monthly"
[0m18:30:08.767274 [debug] [Thread-1 (]: On model.enpal_assessment_project.rep_sales_funnel_monthly: /* {"app": "dbt", "dbt_version": "1.10.13", "profile_name": "enpal_assessment_project", "target_name": "dev", "node_id": "model.enpal_assessment_project.rep_sales_funnel_monthly"} */

  
    

  create  table "postgres"."public_pipedrive_analytics"."rep_sales_funnel_monthly__dbt_tmp"
  
  
    as
  
  (
    

with stage_transitions as (
    select
        date_trunc('month', change_time) as month,
        stage_name as kpi_name,
        stage_name as funnel_step,
        count(distinct deal_id) as deals_count
    from "postgres"."public_pipedrive_analytics"."int_stage_transitions"
    group by 1, 2, 3
),

activity_events as (
    select
        date_trunc('month', activity_date) as month,
        activity_type_name as kpi_name,
        activity_type_name as funnel_step,
        count(distinct deal_id) as deals_count
    from "postgres"."public_pipedrive_analytics"."int_activity_events"
    where is_completed = true
    group by 1, 2, 3
)

select *
from stage_transitions
union all
select *
from activity_events
  );
  
[0m18:30:08.928721 [debug] [Thread-1 (]: SQL status: SELECT 146 in 0.161 seconds
[0m18:30:08.941359 [debug] [Thread-1 (]: Using postgres connection "model.enpal_assessment_project.rep_sales_funnel_monthly"
[0m18:30:08.941979 [debug] [Thread-1 (]: On model.enpal_assessment_project.rep_sales_funnel_monthly: /* {"app": "dbt", "dbt_version": "1.10.13", "profile_name": "enpal_assessment_project", "target_name": "dev", "node_id": "model.enpal_assessment_project.rep_sales_funnel_monthly"} */
alter table "postgres"."public_pipedrive_analytics"."rep_sales_funnel_monthly__dbt_tmp" rename to "rep_sales_funnel_monthly"
[0m18:30:08.943486 [debug] [Thread-1 (]: SQL status: ALTER TABLE in 0.001 seconds
[0m18:30:08.959713 [debug] [Thread-1 (]: On model.enpal_assessment_project.rep_sales_funnel_monthly: COMMIT
[0m18:30:08.960391 [debug] [Thread-1 (]: Using postgres connection "model.enpal_assessment_project.rep_sales_funnel_monthly"
[0m18:30:08.960871 [debug] [Thread-1 (]: On model.enpal_assessment_project.rep_sales_funnel_monthly: COMMIT
[0m18:30:08.965171 [debug] [Thread-1 (]: SQL status: COMMIT in 0.004 seconds
[0m18:30:08.973833 [debug] [Thread-1 (]: Applying DROP to: "postgres"."public_pipedrive_analytics"."rep_sales_funnel_monthly__dbt_backup"
[0m18:30:08.979011 [debug] [Thread-1 (]: Using postgres connection "model.enpal_assessment_project.rep_sales_funnel_monthly"
[0m18:30:08.979591 [debug] [Thread-1 (]: On model.enpal_assessment_project.rep_sales_funnel_monthly: /* {"app": "dbt", "dbt_version": "1.10.13", "profile_name": "enpal_assessment_project", "target_name": "dev", "node_id": "model.enpal_assessment_project.rep_sales_funnel_monthly"} */
drop table if exists "postgres"."public_pipedrive_analytics"."rep_sales_funnel_monthly__dbt_backup" cascade
[0m18:30:08.981268 [debug] [Thread-1 (]: SQL status: DROP TABLE in 0.001 seconds
[0m18:30:08.984494 [debug] [Thread-1 (]: On model.enpal_assessment_project.rep_sales_funnel_monthly: Close
[0m18:30:08.987524 [debug] [Thread-1 (]: Sending event: {'category': 'dbt', 'action': 'run_model', 'label': '36ab06e7-6e85-43e1-85e5-92414b2ce7dd', 'context': [<snowplow_tracker.self_describing_json.SelfDescribingJson object at 0x7ff40cfd7070>]}
[0m18:30:08.988686 [info ] [Thread-1 (]: 1 of 1 OK created sql table model public_pipedrive_analytics.rep_sales_funnel_monthly  [[32mSELECT 146[0m in 0.30s]
[0m18:30:08.989665 [debug] [Thread-1 (]: Finished running node model.enpal_assessment_project.rep_sales_funnel_monthly
[0m18:30:08.991358 [debug] [MainThread]: Using postgres connection "master"
[0m18:30:08.991870 [debug] [MainThread]: On master: BEGIN
[0m18:30:08.992266 [debug] [MainThread]: Opening a new connection, currently in state closed
[0m18:30:09.008280 [debug] [MainThread]: SQL status: BEGIN in 0.016 seconds
[0m18:30:09.009531 [debug] [MainThread]: On master: COMMIT
[0m18:30:09.010162 [debug] [MainThread]: Using postgres connection "master"
[0m18:30:09.010576 [debug] [MainThread]: On master: COMMIT
[0m18:30:09.011820 [debug] [MainThread]: SQL status: COMMIT in 0.001 seconds
[0m18:30:09.012381 [debug] [MainThread]: On master: Close
[0m18:30:09.012967 [debug] [MainThread]: Connection 'master' was properly closed.
[0m18:30:09.013430 [debug] [MainThread]: Connection 'model.enpal_assessment_project.rep_sales_funnel_monthly' was properly closed.
[0m18:30:09.013986 [info ] [MainThread]: 
[0m18:30:09.014703 [info ] [MainThread]: Finished running 1 table model in 0 hours 0 minutes and 0.58 seconds (0.58s).
[0m18:30:09.016053 [debug] [MainThread]: Command end result
[0m18:30:09.053509 [debug] [MainThread]: Wrote artifact WritableManifest to /Users/macbook/Desktop/ENPAL/Take-Home-Assessment/REPO/dbt_enpal_assessment/target/manifest.json
[0m18:30:09.055686 [debug] [MainThread]: Wrote artifact SemanticManifest to /Users/macbook/Desktop/ENPAL/Take-Home-Assessment/REPO/dbt_enpal_assessment/target/semantic_manifest.json
[0m18:30:09.063179 [debug] [MainThread]: Wrote artifact RunExecutionResult to /Users/macbook/Desktop/ENPAL/Take-Home-Assessment/REPO/dbt_enpal_assessment/target/run_results.json
[0m18:30:09.063819 [info ] [MainThread]: 
[0m18:30:09.064521 [info ] [MainThread]: [32mCompleted successfully[0m
[0m18:30:09.065304 [info ] [MainThread]: 
[0m18:30:09.066067 [info ] [MainThread]: Done. PASS=1 WARN=0 ERROR=0 SKIP=0 NO-OP=0 TOTAL=1
[0m18:30:09.068633 [debug] [MainThread]: Resource report: {"command_name": "run", "command_success": true, "command_wall_clock_time": 2.2009444, "process_in_blocks": "0", "process_kernel_time": 0.820517, "process_mem_max_rss": "123879424", "process_out_blocks": "0", "process_user_time": 3.590408}
[0m18:30:09.069432 [debug] [MainThread]: Command `dbt run` succeeded at 18:30:09.069268 after 2.20 seconds
[0m18:30:09.069969 [debug] [MainThread]: Sending event: {'category': 'dbt', 'action': 'invocation', 'label': 'end', 'context': [<snowplow_tracker.self_describing_json.SelfDescribingJson object at 0x7ff40a5b8550>, <snowplow_tracker.self_describing_json.SelfDescribingJson object at 0x7ff40caddf00>, <snowplow_tracker.self_describing_json.SelfDescribingJson object at 0x7ff40cadded0>]}
[0m18:30:09.070477 [debug] [MainThread]: Flushing usage events
[0m18:30:09.691569 [debug] [MainThread]: An error was encountered while trying to flush usage events
[0m18:46:41.426735 [debug] [MainThread]: Sending event: {'category': 'dbt', 'action': 'invocation', 'label': 'start', 'context': [<snowplow_tracker.self_describing_json.SelfDescribingJson object at 0x7fbf66dc84c0>, <snowplow_tracker.self_describing_json.SelfDescribingJson object at 0x7fbf688b5bd0>, <snowplow_tracker.self_describing_json.SelfDescribingJson object at 0x7fbf688b54e0>]}


============================== 18:46:41.434554 | 4ce6c693-3d5b-419f-83cb-1bad3c0fd7d3 ==============================
[0m18:46:41.434554 [info ] [MainThread]: Running with dbt=1.10.13
[0m18:46:41.436035 [debug] [MainThread]: running dbt with arguments {'send_anonymous_usage_stats': 'True', 'use_experimental_parser': 'False', 'warn_error_options': 'WarnErrorOptionsV2(error=[], warn=[], silence=[])', 'indirect_selection': 'eager', 'introspect': 'True', 'invocation_command': 'dbt test --select rep_sales_funnel_monthly', 'use_colors': 'True', 'warn_error': 'None', 'debug': 'False', 'profiles_dir': '/Users/macbook/Desktop/Enpal/Take-Home-Assessment/REPO/dbt_enpal_assessment', 'version_check': 'True', 'static_parser': 'True', 'empty': 'None', 'log_format': 'default', 'log_path': '/Users/macbook/Desktop/ENPAL/Take-Home-Assessment/REPO/dbt_enpal_assessment/logs', 'cache_selected_only': 'False', 'log_cache_events': 'False', 'quiet': 'False', 'write_json': 'True', 'target_path': 'None', 'printer_width': '80', 'fail_fast': 'False', 'no_print': 'None', 'partial_parse': 'True'}
[0m18:46:41.962287 [debug] [MainThread]: Sending event: {'category': 'dbt', 'action': 'project_id', 'label': '4ce6c693-3d5b-419f-83cb-1bad3c0fd7d3', 'context': [<snowplow_tracker.self_describing_json.SelfDescribingJson object at 0x7fbf66e905b0>]}
[0m18:46:42.042001 [debug] [MainThread]: Sending event: {'category': 'dbt', 'action': 'adapter_info', 'label': '4ce6c693-3d5b-419f-83cb-1bad3c0fd7d3', 'context': [<snowplow_tracker.self_describing_json.SelfDescribingJson object at 0x7fbf68980550>]}
[0m18:46:42.044996 [info ] [MainThread]: Registered adapter: postgres=1.9.1
[0m18:46:42.251904 [debug] [MainThread]: checksum: 9f0c81e2574b4ff463f3d16d080df83c6982fc0372c9feeacae0504ac9ea3ffe, vars: {}, profile: , target: , version: 1.10.13
[0m18:46:42.528254 [debug] [MainThread]: Partial parsing enabled: 0 files deleted, 0 files added, 0 files changed.
[0m18:46:42.528887 [debug] [MainThread]: Partial parsing enabled, no changes found, skipping parsing
[0m18:46:42.603094 [debug] [MainThread]: Sending event: {'category': 'dbt', 'action': 'load_project', 'label': '4ce6c693-3d5b-419f-83cb-1bad3c0fd7d3', 'context': [<snowplow_tracker.self_describing_json.SelfDescribingJson object at 0x7fbf68ec0af0>]}
[0m18:46:42.807366 [debug] [MainThread]: Wrote artifact WritableManifest to /Users/macbook/Desktop/ENPAL/Take-Home-Assessment/REPO/dbt_enpal_assessment/target/manifest.json
[0m18:46:42.812704 [debug] [MainThread]: Wrote artifact SemanticManifest to /Users/macbook/Desktop/ENPAL/Take-Home-Assessment/REPO/dbt_enpal_assessment/target/semantic_manifest.json
[0m18:46:42.873662 [debug] [MainThread]: Sending event: {'category': 'dbt', 'action': 'resource_counts', 'label': '4ce6c693-3d5b-419f-83cb-1bad3c0fd7d3', 'context': [<snowplow_tracker.self_describing_json.SelfDescribingJson object at 0x7fbf68f4e950>]}
[0m18:46:42.876696 [info ] [MainThread]: Found 9 models, 19 data tests, 6 sources, 447 macros
[0m18:46:42.877460 [debug] [MainThread]: Sending event: {'category': 'dbt', 'action': 'runnable_timing', 'label': '4ce6c693-3d5b-419f-83cb-1bad3c0fd7d3', 'context': [<snowplow_tracker.self_describing_json.SelfDescribingJson object at 0x7fbf68f4d0c0>]}
[0m18:46:42.879961 [warn ] [MainThread]: Nothing to do. Try checking your model configs and model specification args
[0m18:46:42.882947 [debug] [MainThread]: Command end result
[0m18:46:42.920949 [debug] [MainThread]: Wrote artifact WritableManifest to /Users/macbook/Desktop/ENPAL/Take-Home-Assessment/REPO/dbt_enpal_assessment/target/manifest.json
[0m18:46:42.923073 [debug] [MainThread]: Wrote artifact SemanticManifest to /Users/macbook/Desktop/ENPAL/Take-Home-Assessment/REPO/dbt_enpal_assessment/target/semantic_manifest.json
[0m18:46:42.928598 [debug] [MainThread]: Wrote artifact RunExecutionResult to /Users/macbook/Desktop/ENPAL/Take-Home-Assessment/REPO/dbt_enpal_assessment/target/run_results.json
[0m18:46:42.931326 [debug] [MainThread]: Resource report: {"command_name": "test", "command_success": true, "command_wall_clock_time": 1.6054156, "process_in_blocks": "0", "process_kernel_time": 0.82195, "process_mem_max_rss": "111734784", "process_out_blocks": "0", "process_user_time": 3.126759}
[0m18:46:42.933008 [debug] [MainThread]: Command `dbt test` succeeded at 18:46:42.932639 after 1.61 seconds
[0m18:46:42.933658 [debug] [MainThread]: Sending event: {'category': 'dbt', 'action': 'invocation', 'label': 'end', 'context': [<snowplow_tracker.self_describing_json.SelfDescribingJson object at 0x7fbf66dc84c0>, <snowplow_tracker.self_describing_json.SelfDescribingJson object at 0x7fbf66e8cfa0>, <snowplow_tracker.self_describing_json.SelfDescribingJson object at 0x7fbf6881ba30>]}
[0m18:46:42.934161 [debug] [MainThread]: Flushing usage events
[0m18:46:43.497460 [debug] [MainThread]: An error was encountered while trying to flush usage events
[0m18:46:49.742351 [debug] [MainThread]: Sending event: {'category': 'dbt', 'action': 'invocation', 'label': 'start', 'context': [<snowplow_tracker.self_describing_json.SelfDescribingJson object at 0x7f99bd4b8520>, <snowplow_tracker.self_describing_json.SelfDescribingJson object at 0x7f99bf8c1bd0>, <snowplow_tracker.self_describing_json.SelfDescribingJson object at 0x7f99bf8c14e0>]}


============================== 18:46:49.747914 | 18d9eccb-12c6-44d8-ac50-e7c1253878cd ==============================
[0m18:46:49.747914 [info ] [MainThread]: Running with dbt=1.10.13
[0m18:46:49.748658 [debug] [MainThread]: running dbt with arguments {'send_anonymous_usage_stats': 'True', 'write_json': 'True', 'log_path': '/Users/macbook/Desktop/ENPAL/Take-Home-Assessment/REPO/dbt_enpal_assessment/logs', 'warn_error': 'None', 'fail_fast': 'False', 'cache_selected_only': 'False', 'indirect_selection': 'eager', 'quiet': 'False', 'warn_error_options': 'WarnErrorOptionsV2(error=[], warn=[], silence=[])', 'empty': 'None', 'no_print': 'None', 'introspect': 'True', 'debug': 'False', 'printer_width': '80', 'version_check': 'True', 'use_colors': 'True', 'log_cache_events': 'False', 'profiles_dir': '/Users/macbook/Desktop/Enpal/Take-Home-Assessment/REPO/dbt_enpal_assessment', 'static_parser': 'True', 'log_format': 'default', 'target_path': 'None', 'invocation_command': 'dbt test --select staging intermediate marts', 'partial_parse': 'True', 'use_experimental_parser': 'False'}
[0m18:46:50.004850 [debug] [MainThread]: Sending event: {'category': 'dbt', 'action': 'project_id', 'label': '18d9eccb-12c6-44d8-ac50-e7c1253878cd', 'context': [<snowplow_tracker.self_describing_json.SelfDescribingJson object at 0x7f99bbbebfa0>]}
[0m18:46:50.085894 [debug] [MainThread]: Sending event: {'category': 'dbt', 'action': 'adapter_info', 'label': '18d9eccb-12c6-44d8-ac50-e7c1253878cd', 'context': [<snowplow_tracker.self_describing_json.SelfDescribingJson object at 0x7f99be6f8610>]}
[0m18:46:50.087076 [info ] [MainThread]: Registered adapter: postgres=1.9.1
[0m18:46:50.276881 [debug] [MainThread]: checksum: 9f0c81e2574b4ff463f3d16d080df83c6982fc0372c9feeacae0504ac9ea3ffe, vars: {}, profile: , target: , version: 1.10.13
[0m18:46:50.450806 [debug] [MainThread]: Partial parsing enabled: 0 files deleted, 0 files added, 0 files changed.
[0m18:46:50.451390 [debug] [MainThread]: Partial parsing enabled, no changes found, skipping parsing
[0m18:46:50.521276 [debug] [MainThread]: Sending event: {'category': 'dbt', 'action': 'load_project', 'label': '18d9eccb-12c6-44d8-ac50-e7c1253878cd', 'context': [<snowplow_tracker.self_describing_json.SelfDescribingJson object at 0x7f99c012c970>]}
[0m18:46:50.708931 [debug] [MainThread]: Wrote artifact WritableManifest to /Users/macbook/Desktop/ENPAL/Take-Home-Assessment/REPO/dbt_enpal_assessment/target/manifest.json
[0m18:46:50.711299 [debug] [MainThread]: Wrote artifact SemanticManifest to /Users/macbook/Desktop/ENPAL/Take-Home-Assessment/REPO/dbt_enpal_assessment/target/semantic_manifest.json
[0m18:46:50.738432 [debug] [MainThread]: Sending event: {'category': 'dbt', 'action': 'resource_counts', 'label': '18d9eccb-12c6-44d8-ac50-e7c1253878cd', 'context': [<snowplow_tracker.self_describing_json.SelfDescribingJson object at 0x7f99c01dcb20>]}
[0m18:46:50.739150 [info ] [MainThread]: Found 9 models, 19 data tests, 6 sources, 447 macros
[0m18:46:50.739687 [debug] [MainThread]: Sending event: {'category': 'dbt', 'action': 'runnable_timing', 'label': '18d9eccb-12c6-44d8-ac50-e7c1253878cd', 'context': [<snowplow_tracker.self_describing_json.SelfDescribingJson object at 0x7f99c01dd060>]}
[0m18:46:50.742871 [info ] [MainThread]: 
[0m18:46:50.743425 [info ] [MainThread]: Concurrency: 1 threads (target='dev')
[0m18:46:50.743920 [info ] [MainThread]: 
[0m18:46:50.744770 [debug] [MainThread]: Acquiring new postgres connection 'master'
[0m18:46:50.750876 [debug] [ThreadPool]: Acquiring new postgres connection 'list_postgres_public_pipedrive_analytics'
[0m18:46:50.913849 [debug] [ThreadPool]: Using postgres connection "list_postgres_public_pipedrive_analytics"
[0m18:46:50.914483 [debug] [ThreadPool]: On list_postgres_public_pipedrive_analytics: BEGIN
[0m18:46:50.914925 [debug] [ThreadPool]: Opening a new connection, currently in state init
[0m18:46:50.999734 [debug] [ThreadPool]: SQL status: BEGIN in 0.085 seconds
[0m18:46:51.001209 [debug] [ThreadPool]: Using postgres connection "list_postgres_public_pipedrive_analytics"
[0m18:46:51.002116 [debug] [ThreadPool]: On list_postgres_public_pipedrive_analytics: /* {"app": "dbt", "dbt_version": "1.10.13", "profile_name": "enpal_assessment_project", "target_name": "dev", "connection_name": "list_postgres_public_pipedrive_analytics"} */
select
      'postgres' as database,
      tablename as name,
      schemaname as schema,
      'table' as type
    from pg_tables
    where schemaname ilike 'public_pipedrive_analytics'
    union all
    select
      'postgres' as database,
      viewname as name,
      schemaname as schema,
      'view' as type
    from pg_views
    where schemaname ilike 'public_pipedrive_analytics'
    union all
    select
      'postgres' as database,
      matviewname as name,
      schemaname as schema,
      'materialized_view' as type
    from pg_matviews
    where schemaname ilike 'public_pipedrive_analytics'
  
[0m18:46:51.006199 [debug] [ThreadPool]: SQL status: SELECT 10 in 0.003 seconds
[0m18:46:51.008088 [debug] [ThreadPool]: On list_postgres_public_pipedrive_analytics: ROLLBACK
[0m18:46:51.009372 [debug] [ThreadPool]: On list_postgres_public_pipedrive_analytics: Close
[0m18:46:51.018261 [debug] [MainThread]: Using postgres connection "master"
[0m18:46:51.018792 [debug] [MainThread]: On master: BEGIN
[0m18:46:51.019165 [debug] [MainThread]: Opening a new connection, currently in state init
[0m18:46:51.038199 [debug] [MainThread]: SQL status: BEGIN in 0.019 seconds
[0m18:46:51.039366 [debug] [MainThread]: Using postgres connection "master"
[0m18:46:51.041156 [debug] [MainThread]: On master: /* {"app": "dbt", "dbt_version": "1.10.13", "profile_name": "enpal_assessment_project", "target_name": "dev", "connection_name": "master"} */
select distinct
        dependent_namespace.nspname as dependent_schema,
        dependent_class.relname as dependent_name,
        referenced_namespace.nspname as referenced_schema,
        referenced_class.relname as referenced_name

    -- Query for views: views are entries in pg_class with an entry in pg_rewrite, but we avoid
    -- a seq scan on pg_rewrite by leveraging the fact there is an "internal" row in pg_depend for
    -- the view...
    from pg_class as dependent_class
    join pg_namespace as dependent_namespace on dependent_namespace.oid = dependent_class.relnamespace
    join pg_depend as dependent_depend on dependent_depend.refobjid = dependent_class.oid
        and dependent_depend.classid = 'pg_rewrite'::regclass
        and dependent_depend.refclassid = 'pg_class'::regclass
        and dependent_depend.deptype = 'i'

    -- ... and via pg_depend (that has a row per column, hence the need for "distinct" above, and
    -- making sure to exclude the internal row to avoid a view appearing to depend on itself)...
    join pg_depend as joining_depend on joining_depend.objid = dependent_depend.objid
        and joining_depend.classid = 'pg_rewrite'::regclass
        and joining_depend.refclassid = 'pg_class'::regclass
        and joining_depend.refobjid != dependent_depend.refobjid

    -- ... we can find the tables they query from in pg_class, but excluding system tables. Note we
    -- don't need need to exclude _dependent_ system tables, because they only query from other
    -- system tables, and so are automatically excluded by excluding _referenced_ system tables
    join pg_class as referenced_class on referenced_class.oid = joining_depend.refobjid
    join pg_namespace as referenced_namespace on referenced_namespace.oid = referenced_class.relnamespace
        and referenced_namespace.nspname != 'information_schema'
        and referenced_namespace.nspname not like 'pg\_%'

    order by
        dependent_schema, dependent_name, referenced_schema, referenced_name;
[0m18:46:51.047928 [debug] [MainThread]: SQL status: SELECT 10 in 0.006 seconds
[0m18:46:51.051744 [debug] [MainThread]: Sending event: {'category': 'dbt', 'action': 'runnable_timing', 'label': '18d9eccb-12c6-44d8-ac50-e7c1253878cd', 'context': [<snowplow_tracker.self_describing_json.SelfDescribingJson object at 0x7f99c01df4f0>]}
[0m18:46:51.052373 [debug] [MainThread]: On master: ROLLBACK
[0m18:46:51.053647 [debug] [MainThread]: Using postgres connection "master"
[0m18:46:51.054161 [debug] [MainThread]: On master: BEGIN
[0m18:46:51.056013 [debug] [MainThread]: SQL status: BEGIN in 0.001 seconds
[0m18:46:51.057440 [debug] [MainThread]: On master: COMMIT
[0m18:46:51.058109 [debug] [MainThread]: Using postgres connection "master"
[0m18:46:51.058566 [debug] [MainThread]: On master: COMMIT
[0m18:46:51.059720 [debug] [MainThread]: SQL status: COMMIT in 0.001 seconds
[0m18:46:51.060253 [debug] [MainThread]: On master: Close
[0m18:46:51.064403 [debug] [Thread-1 (]: Began running node test.enpal_assessment_project.not_null_stg_activity_activity_id.a68836e3e5
[0m18:46:51.065091 [info ] [Thread-1 (]: 1 of 19 START test not_null_stg_activity_activity_id ........................... [RUN]
[0m18:46:51.065798 [debug] [Thread-1 (]: Re-using an available connection from the pool (formerly list_postgres_public_pipedrive_analytics, now test.enpal_assessment_project.not_null_stg_activity_activity_id.a68836e3e5)
[0m18:46:51.066305 [debug] [Thread-1 (]: Began compiling node test.enpal_assessment_project.not_null_stg_activity_activity_id.a68836e3e5
[0m18:46:51.085923 [debug] [Thread-1 (]: Writing injected SQL for node "test.enpal_assessment_project.not_null_stg_activity_activity_id.a68836e3e5"
[0m18:46:51.087833 [debug] [Thread-1 (]: Began executing node test.enpal_assessment_project.not_null_stg_activity_activity_id.a68836e3e5
[0m18:46:51.111768 [debug] [Thread-1 (]: Writing runtime sql for node "test.enpal_assessment_project.not_null_stg_activity_activity_id.a68836e3e5"
[0m18:46:51.113125 [debug] [Thread-1 (]: Using postgres connection "test.enpal_assessment_project.not_null_stg_activity_activity_id.a68836e3e5"
[0m18:46:51.113625 [debug] [Thread-1 (]: On test.enpal_assessment_project.not_null_stg_activity_activity_id.a68836e3e5: BEGIN
[0m18:46:51.114062 [debug] [Thread-1 (]: Opening a new connection, currently in state closed
[0m18:46:51.130532 [debug] [Thread-1 (]: SQL status: BEGIN in 0.016 seconds
[0m18:46:51.131959 [debug] [Thread-1 (]: Using postgres connection "test.enpal_assessment_project.not_null_stg_activity_activity_id.a68836e3e5"
[0m18:46:51.133769 [debug] [Thread-1 (]: On test.enpal_assessment_project.not_null_stg_activity_activity_id.a68836e3e5: /* {"app": "dbt", "dbt_version": "1.10.13", "profile_name": "enpal_assessment_project", "target_name": "dev", "node_id": "test.enpal_assessment_project.not_null_stg_activity_activity_id.a68836e3e5"} */

    select
      count(*) as failures,
      count(*) != 0 as should_warn,
      count(*) != 0 as should_error
    from (
      
    
  
    
    



select activity_id
from "postgres"."public_pipedrive_analytics"."stg_activity"
where activity_id is null



  
  
      
    ) dbt_internal_test
[0m18:46:51.136664 [debug] [Thread-1 (]: SQL status: SELECT 1 in 0.002 seconds
[0m18:46:51.142237 [debug] [Thread-1 (]: On test.enpal_assessment_project.not_null_stg_activity_activity_id.a68836e3e5: ROLLBACK
[0m18:46:51.143575 [debug] [Thread-1 (]: On test.enpal_assessment_project.not_null_stg_activity_activity_id.a68836e3e5: Close
[0m18:46:51.144860 [info ] [Thread-1 (]: 1 of 19 PASS not_null_stg_activity_activity_id ................................. [[32mPASS[0m in 0.08s]
[0m18:46:51.146110 [debug] [Thread-1 (]: Finished running node test.enpal_assessment_project.not_null_stg_activity_activity_id.a68836e3e5
[0m18:46:51.147162 [debug] [Thread-1 (]: Began running node test.enpal_assessment_project.not_null_stg_activity_add_time.67d7f7721c
[0m18:46:51.147847 [info ] [Thread-1 (]: 2 of 19 START test not_null_stg_activity_add_time .............................. [RUN]
[0m18:46:51.148604 [debug] [Thread-1 (]: Re-using an available connection from the pool (formerly test.enpal_assessment_project.not_null_stg_activity_activity_id.a68836e3e5, now test.enpal_assessment_project.not_null_stg_activity_add_time.67d7f7721c)
[0m18:46:51.149137 [debug] [Thread-1 (]: Began compiling node test.enpal_assessment_project.not_null_stg_activity_add_time.67d7f7721c
[0m18:46:51.154014 [debug] [Thread-1 (]: Writing injected SQL for node "test.enpal_assessment_project.not_null_stg_activity_add_time.67d7f7721c"
[0m18:46:51.154871 [debug] [Thread-1 (]: Began executing node test.enpal_assessment_project.not_null_stg_activity_add_time.67d7f7721c
[0m18:46:51.157959 [debug] [Thread-1 (]: Writing runtime sql for node "test.enpal_assessment_project.not_null_stg_activity_add_time.67d7f7721c"
[0m18:46:51.158824 [debug] [Thread-1 (]: Using postgres connection "test.enpal_assessment_project.not_null_stg_activity_add_time.67d7f7721c"
[0m18:46:51.159293 [debug] [Thread-1 (]: On test.enpal_assessment_project.not_null_stg_activity_add_time.67d7f7721c: BEGIN
[0m18:46:51.159717 [debug] [Thread-1 (]: Opening a new connection, currently in state closed
[0m18:46:51.177109 [debug] [Thread-1 (]: SQL status: BEGIN in 0.017 seconds
[0m18:46:51.178661 [debug] [Thread-1 (]: Using postgres connection "test.enpal_assessment_project.not_null_stg_activity_add_time.67d7f7721c"
[0m18:46:51.179205 [debug] [Thread-1 (]: On test.enpal_assessment_project.not_null_stg_activity_add_time.67d7f7721c: /* {"app": "dbt", "dbt_version": "1.10.13", "profile_name": "enpal_assessment_project", "target_name": "dev", "node_id": "test.enpal_assessment_project.not_null_stg_activity_add_time.67d7f7721c"} */

    select
      count(*) as failures,
      count(*) != 0 as should_warn,
      count(*) != 0 as should_error
    from (
      
    
  
    
    



select add_time
from "postgres"."public_pipedrive_analytics"."stg_activity"
where add_time is null



  
  
      
    ) dbt_internal_test
[0m18:46:51.183610 [debug] [Thread-1 (]: Postgres adapter: Postgres error: column "add_time" does not exist
LINE 16: select add_time
                ^

[0m18:46:51.185090 [debug] [Thread-1 (]: On test.enpal_assessment_project.not_null_stg_activity_add_time.67d7f7721c: ROLLBACK
[0m18:46:51.192142 [debug] [Thread-1 (]: On test.enpal_assessment_project.not_null_stg_activity_add_time.67d7f7721c: Close
[0m18:46:51.207522 [debug] [Thread-1 (]: Database Error in test not_null_stg_activity_add_time (models/staging/staging.yml)
  column "add_time" does not exist
  LINE 16: select add_time
                  ^
  compiled code at target/run/enpal_assessment_project/models/staging/staging.yml/not_null_stg_activity_add_time.sql
[0m18:46:51.208446 [error] [Thread-1 (]: 2 of 19 ERROR not_null_stg_activity_add_time ................................... [[31mERROR[0m in 0.06s]
[0m18:46:51.209267 [debug] [Thread-1 (]: Finished running node test.enpal_assessment_project.not_null_stg_activity_add_time.67d7f7721c
[0m18:46:51.209782 [debug] [Thread-1 (]: Began running node test.enpal_assessment_project.not_null_stg_activity_deal_id.f78c16f252
[0m18:46:51.210417 [debug] [Thread-4 (]: Marking all children of 'test.enpal_assessment_project.not_null_stg_activity_add_time.67d7f7721c' to be skipped because of status 'error'.  Reason: Database Error in test not_null_stg_activity_add_time (models/staging/staging.yml)
  column "add_time" does not exist
  LINE 16: select add_time
                  ^
  compiled code at target/run/enpal_assessment_project/models/staging/staging.yml/not_null_stg_activity_add_time.sql.
[0m18:46:51.210919 [info ] [Thread-1 (]: 3 of 19 START test not_null_stg_activity_deal_id ............................... [RUN]
[0m18:46:51.212552 [debug] [Thread-1 (]: Re-using an available connection from the pool (formerly test.enpal_assessment_project.not_null_stg_activity_add_time.67d7f7721c, now test.enpal_assessment_project.not_null_stg_activity_deal_id.f78c16f252)
[0m18:46:51.213184 [debug] [Thread-1 (]: Began compiling node test.enpal_assessment_project.not_null_stg_activity_deal_id.f78c16f252
[0m18:46:51.220917 [debug] [Thread-1 (]: Writing injected SQL for node "test.enpal_assessment_project.not_null_stg_activity_deal_id.f78c16f252"
[0m18:46:51.221845 [debug] [Thread-1 (]: Began executing node test.enpal_assessment_project.not_null_stg_activity_deal_id.f78c16f252
[0m18:46:51.226045 [debug] [Thread-1 (]: Writing runtime sql for node "test.enpal_assessment_project.not_null_stg_activity_deal_id.f78c16f252"
[0m18:46:51.226968 [debug] [Thread-1 (]: Using postgres connection "test.enpal_assessment_project.not_null_stg_activity_deal_id.f78c16f252"
[0m18:46:51.227437 [debug] [Thread-1 (]: On test.enpal_assessment_project.not_null_stg_activity_deal_id.f78c16f252: BEGIN
[0m18:46:51.227966 [debug] [Thread-1 (]: Opening a new connection, currently in state closed
[0m18:46:51.254380 [debug] [Thread-1 (]: SQL status: BEGIN in 0.026 seconds
[0m18:46:51.255165 [debug] [Thread-1 (]: Using postgres connection "test.enpal_assessment_project.not_null_stg_activity_deal_id.f78c16f252"
[0m18:46:51.255903 [debug] [Thread-1 (]: On test.enpal_assessment_project.not_null_stg_activity_deal_id.f78c16f252: /* {"app": "dbt", "dbt_version": "1.10.13", "profile_name": "enpal_assessment_project", "target_name": "dev", "node_id": "test.enpal_assessment_project.not_null_stg_activity_deal_id.f78c16f252"} */

    select
      count(*) as failures,
      count(*) != 0 as should_warn,
      count(*) != 0 as should_error
    from (
      
    
  
    
    



select deal_id
from "postgres"."public_pipedrive_analytics"."stg_activity"
where deal_id is null



  
  
      
    ) dbt_internal_test
[0m18:46:51.258354 [debug] [Thread-1 (]: SQL status: SELECT 1 in 0.002 seconds
[0m18:46:51.260100 [debug] [Thread-1 (]: On test.enpal_assessment_project.not_null_stg_activity_deal_id.f78c16f252: ROLLBACK
[0m18:46:51.261315 [debug] [Thread-1 (]: On test.enpal_assessment_project.not_null_stg_activity_deal_id.f78c16f252: Close
[0m18:46:51.263494 [info ] [Thread-1 (]: 3 of 19 PASS not_null_stg_activity_deal_id ..................................... [[32mPASS[0m in 0.05s]
[0m18:46:51.264944 [debug] [Thread-1 (]: Finished running node test.enpal_assessment_project.not_null_stg_activity_deal_id.f78c16f252
[0m18:46:51.267362 [debug] [Thread-1 (]: Began running node test.enpal_assessment_project.not_null_stg_activity_types_activity_type_id.10b3776169
[0m18:46:51.268358 [info ] [Thread-1 (]: 4 of 19 START test not_null_stg_activity_types_activity_type_id ................ [RUN]
[0m18:46:51.269257 [debug] [Thread-1 (]: Re-using an available connection from the pool (formerly test.enpal_assessment_project.not_null_stg_activity_deal_id.f78c16f252, now test.enpal_assessment_project.not_null_stg_activity_types_activity_type_id.10b3776169)
[0m18:46:51.269847 [debug] [Thread-1 (]: Began compiling node test.enpal_assessment_project.not_null_stg_activity_types_activity_type_id.10b3776169
[0m18:46:51.275284 [debug] [Thread-1 (]: Writing injected SQL for node "test.enpal_assessment_project.not_null_stg_activity_types_activity_type_id.10b3776169"
[0m18:46:51.276285 [debug] [Thread-1 (]: Began executing node test.enpal_assessment_project.not_null_stg_activity_types_activity_type_id.10b3776169
[0m18:46:51.280252 [debug] [Thread-1 (]: Writing runtime sql for node "test.enpal_assessment_project.not_null_stg_activity_types_activity_type_id.10b3776169"
[0m18:46:51.281553 [debug] [Thread-1 (]: Using postgres connection "test.enpal_assessment_project.not_null_stg_activity_types_activity_type_id.10b3776169"
[0m18:46:51.282058 [debug] [Thread-1 (]: On test.enpal_assessment_project.not_null_stg_activity_types_activity_type_id.10b3776169: BEGIN
[0m18:46:51.282499 [debug] [Thread-1 (]: Opening a new connection, currently in state closed
[0m18:46:51.311853 [debug] [Thread-1 (]: SQL status: BEGIN in 0.029 seconds
[0m18:46:51.312848 [debug] [Thread-1 (]: Using postgres connection "test.enpal_assessment_project.not_null_stg_activity_types_activity_type_id.10b3776169"
[0m18:46:51.314226 [debug] [Thread-1 (]: On test.enpal_assessment_project.not_null_stg_activity_types_activity_type_id.10b3776169: /* {"app": "dbt", "dbt_version": "1.10.13", "profile_name": "enpal_assessment_project", "target_name": "dev", "node_id": "test.enpal_assessment_project.not_null_stg_activity_types_activity_type_id.10b3776169"} */

    select
      count(*) as failures,
      count(*) != 0 as should_warn,
      count(*) != 0 as should_error
    from (
      
    
  
    
    



select activity_type_id
from "postgres"."public_pipedrive_analytics"."stg_activity_types"
where activity_type_id is null



  
  
      
    ) dbt_internal_test
[0m18:46:51.316554 [debug] [Thread-1 (]: SQL status: SELECT 1 in 0.002 seconds
[0m18:46:51.319591 [debug] [Thread-1 (]: On test.enpal_assessment_project.not_null_stg_activity_types_activity_type_id.10b3776169: ROLLBACK
[0m18:46:51.321206 [debug] [Thread-1 (]: On test.enpal_assessment_project.not_null_stg_activity_types_activity_type_id.10b3776169: Close
[0m18:46:51.322645 [info ] [Thread-1 (]: 4 of 19 PASS not_null_stg_activity_types_activity_type_id ...................... [[32mPASS[0m in 0.05s]
[0m18:46:51.324481 [debug] [Thread-1 (]: Finished running node test.enpal_assessment_project.not_null_stg_activity_types_activity_type_id.10b3776169
[0m18:46:51.331828 [debug] [Thread-1 (]: Began running node test.enpal_assessment_project.not_null_stg_activity_types_activity_type_name.1c8fca70c5
[0m18:46:51.332823 [info ] [Thread-1 (]: 5 of 19 START test not_null_stg_activity_types_activity_type_name .............. [RUN]
[0m18:46:51.334378 [debug] [Thread-1 (]: Re-using an available connection from the pool (formerly test.enpal_assessment_project.not_null_stg_activity_types_activity_type_id.10b3776169, now test.enpal_assessment_project.not_null_stg_activity_types_activity_type_name.1c8fca70c5)
[0m18:46:51.335092 [debug] [Thread-1 (]: Began compiling node test.enpal_assessment_project.not_null_stg_activity_types_activity_type_name.1c8fca70c5
[0m18:46:51.340197 [debug] [Thread-1 (]: Writing injected SQL for node "test.enpal_assessment_project.not_null_stg_activity_types_activity_type_name.1c8fca70c5"
[0m18:46:51.341234 [debug] [Thread-1 (]: Began executing node test.enpal_assessment_project.not_null_stg_activity_types_activity_type_name.1c8fca70c5
[0m18:46:51.345054 [debug] [Thread-1 (]: Writing runtime sql for node "test.enpal_assessment_project.not_null_stg_activity_types_activity_type_name.1c8fca70c5"
[0m18:46:51.346354 [debug] [Thread-1 (]: Using postgres connection "test.enpal_assessment_project.not_null_stg_activity_types_activity_type_name.1c8fca70c5"
[0m18:46:51.347109 [debug] [Thread-1 (]: On test.enpal_assessment_project.not_null_stg_activity_types_activity_type_name.1c8fca70c5: BEGIN
[0m18:46:51.347583 [debug] [Thread-1 (]: Opening a new connection, currently in state closed
[0m18:46:51.388541 [debug] [Thread-1 (]: SQL status: BEGIN in 0.040 seconds
[0m18:46:51.389338 [debug] [Thread-1 (]: Using postgres connection "test.enpal_assessment_project.not_null_stg_activity_types_activity_type_name.1c8fca70c5"
[0m18:46:51.390689 [debug] [Thread-1 (]: On test.enpal_assessment_project.not_null_stg_activity_types_activity_type_name.1c8fca70c5: /* {"app": "dbt", "dbt_version": "1.10.13", "profile_name": "enpal_assessment_project", "target_name": "dev", "node_id": "test.enpal_assessment_project.not_null_stg_activity_types_activity_type_name.1c8fca70c5"} */

    select
      count(*) as failures,
      count(*) != 0 as should_warn,
      count(*) != 0 as should_error
    from (
      
    
  
    
    



select activity_type_name
from "postgres"."public_pipedrive_analytics"."stg_activity_types"
where activity_type_name is null



  
  
      
    ) dbt_internal_test
[0m18:46:51.393116 [debug] [Thread-1 (]: SQL status: SELECT 1 in 0.002 seconds
[0m18:46:51.397814 [debug] [Thread-1 (]: On test.enpal_assessment_project.not_null_stg_activity_types_activity_type_name.1c8fca70c5: ROLLBACK
[0m18:46:51.414945 [debug] [Thread-1 (]: On test.enpal_assessment_project.not_null_stg_activity_types_activity_type_name.1c8fca70c5: Close
[0m18:46:51.438071 [info ] [Thread-1 (]: 5 of 19 PASS not_null_stg_activity_types_activity_type_name .................... [[32mPASS[0m in 0.10s]
[0m18:46:51.440046 [debug] [Thread-1 (]: Finished running node test.enpal_assessment_project.not_null_stg_activity_types_activity_type_name.1c8fca70c5
[0m18:46:51.441145 [debug] [Thread-1 (]: Began running node test.enpal_assessment_project.not_null_stg_deal_changes_change_time.d739b89f9d
[0m18:46:51.441731 [info ] [Thread-1 (]: 6 of 19 START test not_null_stg_deal_changes_change_time ....................... [RUN]
[0m18:46:51.442415 [debug] [Thread-1 (]: Re-using an available connection from the pool (formerly test.enpal_assessment_project.not_null_stg_activity_types_activity_type_name.1c8fca70c5, now test.enpal_assessment_project.not_null_stg_deal_changes_change_time.d739b89f9d)
[0m18:46:51.442909 [debug] [Thread-1 (]: Began compiling node test.enpal_assessment_project.not_null_stg_deal_changes_change_time.d739b89f9d
[0m18:46:51.450226 [debug] [Thread-1 (]: Writing injected SQL for node "test.enpal_assessment_project.not_null_stg_deal_changes_change_time.d739b89f9d"
[0m18:46:51.452080 [debug] [Thread-1 (]: Began executing node test.enpal_assessment_project.not_null_stg_deal_changes_change_time.d739b89f9d
[0m18:46:51.455198 [debug] [Thread-1 (]: Writing runtime sql for node "test.enpal_assessment_project.not_null_stg_deal_changes_change_time.d739b89f9d"
[0m18:46:51.456452 [debug] [Thread-1 (]: Using postgres connection "test.enpal_assessment_project.not_null_stg_deal_changes_change_time.d739b89f9d"
[0m18:46:51.456972 [debug] [Thread-1 (]: On test.enpal_assessment_project.not_null_stg_deal_changes_change_time.d739b89f9d: BEGIN
[0m18:46:51.457409 [debug] [Thread-1 (]: Opening a new connection, currently in state closed
[0m18:46:51.484835 [debug] [Thread-1 (]: SQL status: BEGIN in 0.027 seconds
[0m18:46:51.487825 [debug] [Thread-1 (]: Using postgres connection "test.enpal_assessment_project.not_null_stg_deal_changes_change_time.d739b89f9d"
[0m18:46:51.488333 [debug] [Thread-1 (]: On test.enpal_assessment_project.not_null_stg_deal_changes_change_time.d739b89f9d: /* {"app": "dbt", "dbt_version": "1.10.13", "profile_name": "enpal_assessment_project", "target_name": "dev", "node_id": "test.enpal_assessment_project.not_null_stg_deal_changes_change_time.d739b89f9d"} */

    select
      count(*) as failures,
      count(*) != 0 as should_warn,
      count(*) != 0 as should_error
    from (
      
    
  
    
    



select change_time
from "postgres"."public_pipedrive_analytics"."stg_deal_changes"
where change_time is null



  
  
      
    ) dbt_internal_test
[0m18:46:51.491361 [debug] [Thread-1 (]: SQL status: SELECT 1 in 0.003 seconds
[0m18:46:51.493162 [debug] [Thread-1 (]: On test.enpal_assessment_project.not_null_stg_deal_changes_change_time.d739b89f9d: ROLLBACK
[0m18:46:51.494563 [debug] [Thread-1 (]: On test.enpal_assessment_project.not_null_stg_deal_changes_change_time.d739b89f9d: Close
[0m18:46:51.496039 [info ] [Thread-1 (]: 6 of 19 PASS not_null_stg_deal_changes_change_time ............................. [[32mPASS[0m in 0.05s]
[0m18:46:51.497587 [debug] [Thread-1 (]: Finished running node test.enpal_assessment_project.not_null_stg_deal_changes_change_time.d739b89f9d
[0m18:46:51.498771 [debug] [Thread-1 (]: Began running node test.enpal_assessment_project.not_null_stg_deal_changes_changed_field_key.bd8a8a5b1f
[0m18:46:51.500656 [info ] [Thread-1 (]: 7 of 19 START test not_null_stg_deal_changes_changed_field_key ................. [RUN]
[0m18:46:51.501982 [debug] [Thread-1 (]: Re-using an available connection from the pool (formerly test.enpal_assessment_project.not_null_stg_deal_changes_change_time.d739b89f9d, now test.enpal_assessment_project.not_null_stg_deal_changes_changed_field_key.bd8a8a5b1f)
[0m18:46:51.502499 [debug] [Thread-1 (]: Began compiling node test.enpal_assessment_project.not_null_stg_deal_changes_changed_field_key.bd8a8a5b1f
[0m18:46:51.507802 [debug] [Thread-1 (]: Writing injected SQL for node "test.enpal_assessment_project.not_null_stg_deal_changes_changed_field_key.bd8a8a5b1f"
[0m18:46:51.509173 [debug] [Thread-1 (]: Began executing node test.enpal_assessment_project.not_null_stg_deal_changes_changed_field_key.bd8a8a5b1f
[0m18:46:51.513116 [debug] [Thread-1 (]: Writing runtime sql for node "test.enpal_assessment_project.not_null_stg_deal_changes_changed_field_key.bd8a8a5b1f"
[0m18:46:51.514148 [debug] [Thread-1 (]: Using postgres connection "test.enpal_assessment_project.not_null_stg_deal_changes_changed_field_key.bd8a8a5b1f"
[0m18:46:51.514654 [debug] [Thread-1 (]: On test.enpal_assessment_project.not_null_stg_deal_changes_changed_field_key.bd8a8a5b1f: BEGIN
[0m18:46:51.515108 [debug] [Thread-1 (]: Opening a new connection, currently in state closed
[0m18:46:51.538786 [debug] [Thread-1 (]: SQL status: BEGIN in 0.024 seconds
[0m18:46:51.541162 [debug] [Thread-1 (]: Using postgres connection "test.enpal_assessment_project.not_null_stg_deal_changes_changed_field_key.bd8a8a5b1f"
[0m18:46:51.541805 [debug] [Thread-1 (]: On test.enpal_assessment_project.not_null_stg_deal_changes_changed_field_key.bd8a8a5b1f: /* {"app": "dbt", "dbt_version": "1.10.13", "profile_name": "enpal_assessment_project", "target_name": "dev", "node_id": "test.enpal_assessment_project.not_null_stg_deal_changes_changed_field_key.bd8a8a5b1f"} */

    select
      count(*) as failures,
      count(*) != 0 as should_warn,
      count(*) != 0 as should_error
    from (
      
    
  
    
    



select changed_field_key
from "postgres"."public_pipedrive_analytics"."stg_deal_changes"
where changed_field_key is null



  
  
      
    ) dbt_internal_test
[0m18:46:51.548269 [debug] [Thread-1 (]: SQL status: SELECT 1 in 0.006 seconds
[0m18:46:51.550115 [debug] [Thread-1 (]: On test.enpal_assessment_project.not_null_stg_deal_changes_changed_field_key.bd8a8a5b1f: ROLLBACK
[0m18:46:51.551278 [debug] [Thread-1 (]: On test.enpal_assessment_project.not_null_stg_deal_changes_changed_field_key.bd8a8a5b1f: Close
[0m18:46:51.552405 [info ] [Thread-1 (]: 7 of 19 PASS not_null_stg_deal_changes_changed_field_key ....................... [[32mPASS[0m in 0.05s]
[0m18:46:51.553561 [debug] [Thread-1 (]: Finished running node test.enpal_assessment_project.not_null_stg_deal_changes_changed_field_key.bd8a8a5b1f
[0m18:46:51.554531 [debug] [Thread-1 (]: Began running node test.enpal_assessment_project.not_null_stg_deal_changes_deal_id.32d7e9b75e
[0m18:46:51.555164 [info ] [Thread-1 (]: 8 of 19 START test not_null_stg_deal_changes_deal_id ........................... [RUN]
[0m18:46:51.555864 [debug] [Thread-1 (]: Re-using an available connection from the pool (formerly test.enpal_assessment_project.not_null_stg_deal_changes_changed_field_key.bd8a8a5b1f, now test.enpal_assessment_project.not_null_stg_deal_changes_deal_id.32d7e9b75e)
[0m18:46:51.556359 [debug] [Thread-1 (]: Began compiling node test.enpal_assessment_project.not_null_stg_deal_changes_deal_id.32d7e9b75e
[0m18:46:51.561253 [debug] [Thread-1 (]: Writing injected SQL for node "test.enpal_assessment_project.not_null_stg_deal_changes_deal_id.32d7e9b75e"
[0m18:46:51.563413 [debug] [Thread-1 (]: Began executing node test.enpal_assessment_project.not_null_stg_deal_changes_deal_id.32d7e9b75e
[0m18:46:51.567608 [debug] [Thread-1 (]: Writing runtime sql for node "test.enpal_assessment_project.not_null_stg_deal_changes_deal_id.32d7e9b75e"
[0m18:46:51.569218 [debug] [Thread-1 (]: Using postgres connection "test.enpal_assessment_project.not_null_stg_deal_changes_deal_id.32d7e9b75e"
[0m18:46:51.570006 [debug] [Thread-1 (]: On test.enpal_assessment_project.not_null_stg_deal_changes_deal_id.32d7e9b75e: BEGIN
[0m18:46:51.570524 [debug] [Thread-1 (]: Opening a new connection, currently in state closed
[0m18:46:51.591419 [debug] [Thread-1 (]: SQL status: BEGIN in 0.021 seconds
[0m18:46:51.593053 [debug] [Thread-1 (]: Using postgres connection "test.enpal_assessment_project.not_null_stg_deal_changes_deal_id.32d7e9b75e"
[0m18:46:51.593951 [debug] [Thread-1 (]: On test.enpal_assessment_project.not_null_stg_deal_changes_deal_id.32d7e9b75e: /* {"app": "dbt", "dbt_version": "1.10.13", "profile_name": "enpal_assessment_project", "target_name": "dev", "node_id": "test.enpal_assessment_project.not_null_stg_deal_changes_deal_id.32d7e9b75e"} */

    select
      count(*) as failures,
      count(*) != 0 as should_warn,
      count(*) != 0 as should_error
    from (
      
    
  
    
    



select deal_id
from "postgres"."public_pipedrive_analytics"."stg_deal_changes"
where deal_id is null



  
  
      
    ) dbt_internal_test
[0m18:46:51.601792 [debug] [Thread-1 (]: SQL status: SELECT 1 in 0.007 seconds
[0m18:46:51.604797 [debug] [Thread-1 (]: On test.enpal_assessment_project.not_null_stg_deal_changes_deal_id.32d7e9b75e: ROLLBACK
[0m18:46:51.606292 [debug] [Thread-1 (]: On test.enpal_assessment_project.not_null_stg_deal_changes_deal_id.32d7e9b75e: Close
[0m18:46:51.607249 [info ] [Thread-1 (]: 8 of 19 PASS not_null_stg_deal_changes_deal_id ................................. [[32mPASS[0m in 0.05s]
[0m18:46:51.608202 [debug] [Thread-1 (]: Finished running node test.enpal_assessment_project.not_null_stg_deal_changes_deal_id.32d7e9b75e
[0m18:46:51.608772 [debug] [Thread-1 (]: Began running node test.enpal_assessment_project.not_null_stg_fields_field_key.f981d3affe
[0m18:46:51.609528 [info ] [Thread-1 (]: 9 of 19 START test not_null_stg_fields_field_key ............................... [RUN]
[0m18:46:51.610265 [debug] [Thread-1 (]: Re-using an available connection from the pool (formerly test.enpal_assessment_project.not_null_stg_deal_changes_deal_id.32d7e9b75e, now test.enpal_assessment_project.not_null_stg_fields_field_key.f981d3affe)
[0m18:46:51.610769 [debug] [Thread-1 (]: Began compiling node test.enpal_assessment_project.not_null_stg_fields_field_key.f981d3affe
[0m18:46:51.618795 [debug] [Thread-1 (]: Writing injected SQL for node "test.enpal_assessment_project.not_null_stg_fields_field_key.f981d3affe"
[0m18:46:51.619672 [debug] [Thread-1 (]: Began executing node test.enpal_assessment_project.not_null_stg_fields_field_key.f981d3affe
[0m18:46:51.624049 [debug] [Thread-1 (]: Writing runtime sql for node "test.enpal_assessment_project.not_null_stg_fields_field_key.f981d3affe"
[0m18:46:51.625301 [debug] [Thread-1 (]: Using postgres connection "test.enpal_assessment_project.not_null_stg_fields_field_key.f981d3affe"
[0m18:46:51.625875 [debug] [Thread-1 (]: On test.enpal_assessment_project.not_null_stg_fields_field_key.f981d3affe: BEGIN
[0m18:46:51.626618 [debug] [Thread-1 (]: Opening a new connection, currently in state closed
[0m18:46:51.648910 [debug] [Thread-1 (]: SQL status: BEGIN in 0.022 seconds
[0m18:46:51.649906 [debug] [Thread-1 (]: Using postgres connection "test.enpal_assessment_project.not_null_stg_fields_field_key.f981d3affe"
[0m18:46:51.651758 [debug] [Thread-1 (]: On test.enpal_assessment_project.not_null_stg_fields_field_key.f981d3affe: /* {"app": "dbt", "dbt_version": "1.10.13", "profile_name": "enpal_assessment_project", "target_name": "dev", "node_id": "test.enpal_assessment_project.not_null_stg_fields_field_key.f981d3affe"} */

    select
      count(*) as failures,
      count(*) != 0 as should_warn,
      count(*) != 0 as should_error
    from (
      
    
  
    
    



select field_key
from "postgres"."public_pipedrive_analytics"."stg_fields"
where field_key is null



  
  
      
    ) dbt_internal_test
[0m18:46:51.656890 [debug] [Thread-1 (]: SQL status: SELECT 1 in 0.004 seconds
[0m18:46:51.658583 [debug] [Thread-1 (]: On test.enpal_assessment_project.not_null_stg_fields_field_key.f981d3affe: ROLLBACK
[0m18:46:51.659770 [debug] [Thread-1 (]: On test.enpal_assessment_project.not_null_stg_fields_field_key.f981d3affe: Close
[0m18:46:51.660732 [info ] [Thread-1 (]: 9 of 19 PASS not_null_stg_fields_field_key ..................................... [[32mPASS[0m in 0.05s]
[0m18:46:51.661968 [debug] [Thread-1 (]: Finished running node test.enpal_assessment_project.not_null_stg_fields_field_key.f981d3affe
[0m18:46:51.663119 [debug] [Thread-1 (]: Began running node test.enpal_assessment_project.not_null_stg_fields_field_name.0230fcaacd
[0m18:46:51.663869 [info ] [Thread-1 (]: 10 of 19 START test not_null_stg_fields_field_name ............................. [RUN]
[0m18:46:51.664564 [debug] [Thread-1 (]: Re-using an available connection from the pool (formerly test.enpal_assessment_project.not_null_stg_fields_field_key.f981d3affe, now test.enpal_assessment_project.not_null_stg_fields_field_name.0230fcaacd)
[0m18:46:51.665118 [debug] [Thread-1 (]: Began compiling node test.enpal_assessment_project.not_null_stg_fields_field_name.0230fcaacd
[0m18:46:51.670920 [debug] [Thread-1 (]: Writing injected SQL for node "test.enpal_assessment_project.not_null_stg_fields_field_name.0230fcaacd"
[0m18:46:51.672109 [debug] [Thread-1 (]: Began executing node test.enpal_assessment_project.not_null_stg_fields_field_name.0230fcaacd
[0m18:46:51.675059 [debug] [Thread-1 (]: Writing runtime sql for node "test.enpal_assessment_project.not_null_stg_fields_field_name.0230fcaacd"
[0m18:46:51.675933 [debug] [Thread-1 (]: Using postgres connection "test.enpal_assessment_project.not_null_stg_fields_field_name.0230fcaacd"
[0m18:46:51.676397 [debug] [Thread-1 (]: On test.enpal_assessment_project.not_null_stg_fields_field_name.0230fcaacd: BEGIN
[0m18:46:51.677221 [debug] [Thread-1 (]: Opening a new connection, currently in state closed
[0m18:46:51.698369 [debug] [Thread-1 (]: SQL status: BEGIN in 0.021 seconds
[0m18:46:51.699972 [debug] [Thread-1 (]: Using postgres connection "test.enpal_assessment_project.not_null_stg_fields_field_name.0230fcaacd"
[0m18:46:51.700679 [debug] [Thread-1 (]: On test.enpal_assessment_project.not_null_stg_fields_field_name.0230fcaacd: /* {"app": "dbt", "dbt_version": "1.10.13", "profile_name": "enpal_assessment_project", "target_name": "dev", "node_id": "test.enpal_assessment_project.not_null_stg_fields_field_name.0230fcaacd"} */

    select
      count(*) as failures,
      count(*) != 0 as should_warn,
      count(*) != 0 as should_error
    from (
      
    
  
    
    



select field_name
from "postgres"."public_pipedrive_analytics"."stg_fields"
where field_name is null



  
  
      
    ) dbt_internal_test
[0m18:46:51.703053 [debug] [Thread-1 (]: SQL status: SELECT 1 in 0.002 seconds
[0m18:46:51.704829 [debug] [Thread-1 (]: On test.enpal_assessment_project.not_null_stg_fields_field_name.0230fcaacd: ROLLBACK
[0m18:46:51.706175 [debug] [Thread-1 (]: On test.enpal_assessment_project.not_null_stg_fields_field_name.0230fcaacd: Close
[0m18:46:51.707521 [info ] [Thread-1 (]: 10 of 19 PASS not_null_stg_fields_field_name ................................... [[32mPASS[0m in 0.04s]
[0m18:46:51.708963 [debug] [Thread-1 (]: Finished running node test.enpal_assessment_project.not_null_stg_fields_field_name.0230fcaacd
[0m18:46:51.709860 [debug] [Thread-1 (]: Began running node test.enpal_assessment_project.not_null_stg_stages_stage_id.6a7c0c8378
[0m18:46:51.710397 [info ] [Thread-1 (]: 11 of 19 START test not_null_stg_stages_stage_id ............................... [RUN]
[0m18:46:51.711572 [debug] [Thread-1 (]: Re-using an available connection from the pool (formerly test.enpal_assessment_project.not_null_stg_fields_field_name.0230fcaacd, now test.enpal_assessment_project.not_null_stg_stages_stage_id.6a7c0c8378)
[0m18:46:51.712144 [debug] [Thread-1 (]: Began compiling node test.enpal_assessment_project.not_null_stg_stages_stage_id.6a7c0c8378
[0m18:46:51.717651 [debug] [Thread-1 (]: Writing injected SQL for node "test.enpal_assessment_project.not_null_stg_stages_stage_id.6a7c0c8378"
[0m18:46:51.719539 [debug] [Thread-1 (]: Began executing node test.enpal_assessment_project.not_null_stg_stages_stage_id.6a7c0c8378
[0m18:46:51.722978 [debug] [Thread-1 (]: Writing runtime sql for node "test.enpal_assessment_project.not_null_stg_stages_stage_id.6a7c0c8378"
[0m18:46:51.723896 [debug] [Thread-1 (]: Using postgres connection "test.enpal_assessment_project.not_null_stg_stages_stage_id.6a7c0c8378"
[0m18:46:51.724374 [debug] [Thread-1 (]: On test.enpal_assessment_project.not_null_stg_stages_stage_id.6a7c0c8378: BEGIN
[0m18:46:51.724794 [debug] [Thread-1 (]: Opening a new connection, currently in state closed
[0m18:46:51.741209 [debug] [Thread-1 (]: SQL status: BEGIN in 0.016 seconds
[0m18:46:51.742675 [debug] [Thread-1 (]: Using postgres connection "test.enpal_assessment_project.not_null_stg_stages_stage_id.6a7c0c8378"
[0m18:46:51.743239 [debug] [Thread-1 (]: On test.enpal_assessment_project.not_null_stg_stages_stage_id.6a7c0c8378: /* {"app": "dbt", "dbt_version": "1.10.13", "profile_name": "enpal_assessment_project", "target_name": "dev", "node_id": "test.enpal_assessment_project.not_null_stg_stages_stage_id.6a7c0c8378"} */

    select
      count(*) as failures,
      count(*) != 0 as should_warn,
      count(*) != 0 as should_error
    from (
      
    
  
    
    



select stage_id
from "postgres"."public_pipedrive_analytics"."stg_stages"
where stage_id is null



  
  
      
    ) dbt_internal_test
[0m18:46:51.745269 [debug] [Thread-1 (]: SQL status: SELECT 1 in 0.001 seconds
[0m18:46:51.747705 [debug] [Thread-1 (]: On test.enpal_assessment_project.not_null_stg_stages_stage_id.6a7c0c8378: ROLLBACK
[0m18:46:51.749088 [debug] [Thread-1 (]: On test.enpal_assessment_project.not_null_stg_stages_stage_id.6a7c0c8378: Close
[0m18:46:51.750414 [info ] [Thread-1 (]: 11 of 19 PASS not_null_stg_stages_stage_id ..................................... [[32mPASS[0m in 0.04s]
[0m18:46:51.751803 [debug] [Thread-1 (]: Finished running node test.enpal_assessment_project.not_null_stg_stages_stage_id.6a7c0c8378
[0m18:46:51.752556 [debug] [Thread-1 (]: Began running node test.enpal_assessment_project.not_null_stg_stages_stage_name.d8c326ee25
[0m18:46:51.753459 [info ] [Thread-1 (]: 12 of 19 START test not_null_stg_stages_stage_name ............................. [RUN]
[0m18:46:51.754314 [debug] [Thread-1 (]: Re-using an available connection from the pool (formerly test.enpal_assessment_project.not_null_stg_stages_stage_id.6a7c0c8378, now test.enpal_assessment_project.not_null_stg_stages_stage_name.d8c326ee25)
[0m18:46:51.755396 [debug] [Thread-1 (]: Began compiling node test.enpal_assessment_project.not_null_stg_stages_stage_name.d8c326ee25
[0m18:46:51.760110 [debug] [Thread-1 (]: Writing injected SQL for node "test.enpal_assessment_project.not_null_stg_stages_stage_name.d8c326ee25"
[0m18:46:51.762327 [debug] [Thread-1 (]: Began executing node test.enpal_assessment_project.not_null_stg_stages_stage_name.d8c326ee25
[0m18:46:51.766517 [debug] [Thread-1 (]: Writing runtime sql for node "test.enpal_assessment_project.not_null_stg_stages_stage_name.d8c326ee25"
[0m18:46:51.768790 [debug] [Thread-1 (]: Using postgres connection "test.enpal_assessment_project.not_null_stg_stages_stage_name.d8c326ee25"
[0m18:46:51.769371 [debug] [Thread-1 (]: On test.enpal_assessment_project.not_null_stg_stages_stage_name.d8c326ee25: BEGIN
[0m18:46:51.769870 [debug] [Thread-1 (]: Opening a new connection, currently in state closed
[0m18:46:51.791233 [debug] [Thread-1 (]: SQL status: BEGIN in 0.021 seconds
[0m18:46:51.793062 [debug] [Thread-1 (]: Using postgres connection "test.enpal_assessment_project.not_null_stg_stages_stage_name.d8c326ee25"
[0m18:46:51.793999 [debug] [Thread-1 (]: On test.enpal_assessment_project.not_null_stg_stages_stage_name.d8c326ee25: /* {"app": "dbt", "dbt_version": "1.10.13", "profile_name": "enpal_assessment_project", "target_name": "dev", "node_id": "test.enpal_assessment_project.not_null_stg_stages_stage_name.d8c326ee25"} */

    select
      count(*) as failures,
      count(*) != 0 as should_warn,
      count(*) != 0 as should_error
    from (
      
    
  
    
    



select stage_name
from "postgres"."public_pipedrive_analytics"."stg_stages"
where stage_name is null



  
  
      
    ) dbt_internal_test
[0m18:46:51.797164 [debug] [Thread-1 (]: SQL status: SELECT 1 in 0.002 seconds
[0m18:46:51.800613 [debug] [Thread-1 (]: On test.enpal_assessment_project.not_null_stg_stages_stage_name.d8c326ee25: ROLLBACK
[0m18:46:51.802222 [debug] [Thread-1 (]: On test.enpal_assessment_project.not_null_stg_stages_stage_name.d8c326ee25: Close
[0m18:46:51.803582 [info ] [Thread-1 (]: 12 of 19 PASS not_null_stg_stages_stage_name ................................... [[32mPASS[0m in 0.05s]
[0m18:46:51.804512 [debug] [Thread-1 (]: Finished running node test.enpal_assessment_project.not_null_stg_stages_stage_name.d8c326ee25
[0m18:46:51.805215 [debug] [Thread-1 (]: Began running node test.enpal_assessment_project.not_null_stg_users_user_id.980dfc1b77
[0m18:46:51.806072 [info ] [Thread-1 (]: 13 of 19 START test not_null_stg_users_user_id ................................. [RUN]
[0m18:46:51.806719 [debug] [Thread-1 (]: Re-using an available connection from the pool (formerly test.enpal_assessment_project.not_null_stg_stages_stage_name.d8c326ee25, now test.enpal_assessment_project.not_null_stg_users_user_id.980dfc1b77)
[0m18:46:51.807210 [debug] [Thread-1 (]: Began compiling node test.enpal_assessment_project.not_null_stg_users_user_id.980dfc1b77
[0m18:46:51.813781 [debug] [Thread-1 (]: Writing injected SQL for node "test.enpal_assessment_project.not_null_stg_users_user_id.980dfc1b77"
[0m18:46:51.815217 [debug] [Thread-1 (]: Began executing node test.enpal_assessment_project.not_null_stg_users_user_id.980dfc1b77
[0m18:46:51.818853 [debug] [Thread-1 (]: Writing runtime sql for node "test.enpal_assessment_project.not_null_stg_users_user_id.980dfc1b77"
[0m18:46:51.819832 [debug] [Thread-1 (]: Using postgres connection "test.enpal_assessment_project.not_null_stg_users_user_id.980dfc1b77"
[0m18:46:51.820319 [debug] [Thread-1 (]: On test.enpal_assessment_project.not_null_stg_users_user_id.980dfc1b77: BEGIN
[0m18:46:51.820849 [debug] [Thread-1 (]: Opening a new connection, currently in state closed
[0m18:46:51.838866 [debug] [Thread-1 (]: SQL status: BEGIN in 0.018 seconds
[0m18:46:51.841046 [debug] [Thread-1 (]: Using postgres connection "test.enpal_assessment_project.not_null_stg_users_user_id.980dfc1b77"
[0m18:46:51.841973 [debug] [Thread-1 (]: On test.enpal_assessment_project.not_null_stg_users_user_id.980dfc1b77: /* {"app": "dbt", "dbt_version": "1.10.13", "profile_name": "enpal_assessment_project", "target_name": "dev", "node_id": "test.enpal_assessment_project.not_null_stg_users_user_id.980dfc1b77"} */

    select
      count(*) as failures,
      count(*) != 0 as should_warn,
      count(*) != 0 as should_error
    from (
      
    
  
    
    



select user_id
from "postgres"."public_pipedrive_analytics"."stg_users"
where user_id is null



  
  
      
    ) dbt_internal_test
[0m18:46:51.851729 [debug] [Thread-1 (]: SQL status: SELECT 1 in 0.009 seconds
[0m18:46:51.853769 [debug] [Thread-1 (]: On test.enpal_assessment_project.not_null_stg_users_user_id.980dfc1b77: ROLLBACK
[0m18:46:51.855108 [debug] [Thread-1 (]: On test.enpal_assessment_project.not_null_stg_users_user_id.980dfc1b77: Close
[0m18:46:51.856361 [info ] [Thread-1 (]: 13 of 19 PASS not_null_stg_users_user_id ....................................... [[32mPASS[0m in 0.05s]
[0m18:46:51.857366 [debug] [Thread-1 (]: Finished running node test.enpal_assessment_project.not_null_stg_users_user_id.980dfc1b77
[0m18:46:51.858018 [debug] [Thread-1 (]: Began running node test.enpal_assessment_project.not_null_stg_users_user_name.226879cc53
[0m18:46:51.858885 [info ] [Thread-1 (]: 14 of 19 START test not_null_stg_users_user_name ............................... [RUN]
[0m18:46:51.859493 [debug] [Thread-1 (]: Re-using an available connection from the pool (formerly test.enpal_assessment_project.not_null_stg_users_user_id.980dfc1b77, now test.enpal_assessment_project.not_null_stg_users_user_name.226879cc53)
[0m18:46:51.859990 [debug] [Thread-1 (]: Began compiling node test.enpal_assessment_project.not_null_stg_users_user_name.226879cc53
[0m18:46:51.865300 [debug] [Thread-1 (]: Writing injected SQL for node "test.enpal_assessment_project.not_null_stg_users_user_name.226879cc53"
[0m18:46:51.867658 [debug] [Thread-1 (]: Began executing node test.enpal_assessment_project.not_null_stg_users_user_name.226879cc53
[0m18:46:51.870746 [debug] [Thread-1 (]: Writing runtime sql for node "test.enpal_assessment_project.not_null_stg_users_user_name.226879cc53"
[0m18:46:51.873129 [debug] [Thread-1 (]: Using postgres connection "test.enpal_assessment_project.not_null_stg_users_user_name.226879cc53"
[0m18:46:51.873813 [debug] [Thread-1 (]: On test.enpal_assessment_project.not_null_stg_users_user_name.226879cc53: BEGIN
[0m18:46:51.874276 [debug] [Thread-1 (]: Opening a new connection, currently in state closed
[0m18:46:51.897114 [debug] [Thread-1 (]: SQL status: BEGIN in 0.022 seconds
[0m18:46:51.899164 [debug] [Thread-1 (]: Using postgres connection "test.enpal_assessment_project.not_null_stg_users_user_name.226879cc53"
[0m18:46:51.900110 [debug] [Thread-1 (]: On test.enpal_assessment_project.not_null_stg_users_user_name.226879cc53: /* {"app": "dbt", "dbt_version": "1.10.13", "profile_name": "enpal_assessment_project", "target_name": "dev", "node_id": "test.enpal_assessment_project.not_null_stg_users_user_name.226879cc53"} */

    select
      count(*) as failures,
      count(*) != 0 as should_warn,
      count(*) != 0 as should_error
    from (
      
    
  
    
    



select user_name
from "postgres"."public_pipedrive_analytics"."stg_users"
where user_name is null



  
  
      
    ) dbt_internal_test
[0m18:46:51.904224 [debug] [Thread-1 (]: SQL status: SELECT 1 in 0.003 seconds
[0m18:46:51.908402 [debug] [Thread-1 (]: On test.enpal_assessment_project.not_null_stg_users_user_name.226879cc53: ROLLBACK
[0m18:46:51.910181 [debug] [Thread-1 (]: On test.enpal_assessment_project.not_null_stg_users_user_name.226879cc53: Close
[0m18:46:51.912131 [info ] [Thread-1 (]: 14 of 19 PASS not_null_stg_users_user_name ..................................... [[32mPASS[0m in 0.05s]
[0m18:46:51.914429 [debug] [Thread-1 (]: Finished running node test.enpal_assessment_project.not_null_stg_users_user_name.226879cc53
[0m18:46:51.915592 [debug] [Thread-1 (]: Began running node test.enpal_assessment_project.unique_stg_activity_activity_id.6483ff34a9
[0m18:46:51.916863 [info ] [Thread-1 (]: 15 of 19 START test unique_stg_activity_activity_id ............................ [RUN]
[0m18:46:51.918288 [debug] [Thread-1 (]: Re-using an available connection from the pool (formerly test.enpal_assessment_project.not_null_stg_users_user_name.226879cc53, now test.enpal_assessment_project.unique_stg_activity_activity_id.6483ff34a9)
[0m18:46:51.918821 [debug] [Thread-1 (]: Began compiling node test.enpal_assessment_project.unique_stg_activity_activity_id.6483ff34a9
[0m18:46:51.927139 [debug] [Thread-1 (]: Writing injected SQL for node "test.enpal_assessment_project.unique_stg_activity_activity_id.6483ff34a9"
[0m18:46:51.928432 [debug] [Thread-1 (]: Began executing node test.enpal_assessment_project.unique_stg_activity_activity_id.6483ff34a9
[0m18:46:51.932243 [debug] [Thread-1 (]: Writing runtime sql for node "test.enpal_assessment_project.unique_stg_activity_activity_id.6483ff34a9"
[0m18:46:51.933227 [debug] [Thread-1 (]: Using postgres connection "test.enpal_assessment_project.unique_stg_activity_activity_id.6483ff34a9"
[0m18:46:51.933890 [debug] [Thread-1 (]: On test.enpal_assessment_project.unique_stg_activity_activity_id.6483ff34a9: BEGIN
[0m18:46:51.934372 [debug] [Thread-1 (]: Opening a new connection, currently in state closed
[0m18:46:51.952892 [debug] [Thread-1 (]: SQL status: BEGIN in 0.018 seconds
[0m18:46:51.954123 [debug] [Thread-1 (]: Using postgres connection "test.enpal_assessment_project.unique_stg_activity_activity_id.6483ff34a9"
[0m18:46:51.954726 [debug] [Thread-1 (]: On test.enpal_assessment_project.unique_stg_activity_activity_id.6483ff34a9: /* {"app": "dbt", "dbt_version": "1.10.13", "profile_name": "enpal_assessment_project", "target_name": "dev", "node_id": "test.enpal_assessment_project.unique_stg_activity_activity_id.6483ff34a9"} */

    select
      count(*) as failures,
      count(*) != 0 as should_warn,
      count(*) != 0 as should_error
    from (
      
    
  
    
    

select
    activity_id as unique_field,
    count(*) as n_records

from "postgres"."public_pipedrive_analytics"."stg_activity"
where activity_id is not null
group by activity_id
having count(*) > 1



  
  
      
    ) dbt_internal_test
[0m18:46:51.960067 [debug] [Thread-1 (]: SQL status: SELECT 1 in 0.005 seconds
[0m18:46:51.962717 [debug] [Thread-1 (]: On test.enpal_assessment_project.unique_stg_activity_activity_id.6483ff34a9: ROLLBACK
[0m18:46:51.964121 [debug] [Thread-1 (]: On test.enpal_assessment_project.unique_stg_activity_activity_id.6483ff34a9: Close
[0m18:46:51.965340 [error] [Thread-1 (]: 15 of 19 FAIL 11 unique_stg_activity_activity_id ............................... [[31mFAIL 11[0m in 0.05s]
[0m18:46:51.966341 [debug] [Thread-1 (]: Finished running node test.enpal_assessment_project.unique_stg_activity_activity_id.6483ff34a9
[0m18:46:51.966939 [debug] [Thread-1 (]: Began running node test.enpal_assessment_project.unique_stg_activity_types_activity_type_id.065efcc0bd
[0m18:46:51.967862 [info ] [Thread-1 (]: 16 of 19 START test unique_stg_activity_types_activity_type_id ................. [RUN]
[0m18:46:51.968545 [debug] [Thread-1 (]: Re-using an available connection from the pool (formerly test.enpal_assessment_project.unique_stg_activity_activity_id.6483ff34a9, now test.enpal_assessment_project.unique_stg_activity_types_activity_type_id.065efcc0bd)
[0m18:46:51.969044 [debug] [Thread-1 (]: Began compiling node test.enpal_assessment_project.unique_stg_activity_types_activity_type_id.065efcc0bd
[0m18:46:51.973881 [debug] [Thread-1 (]: Writing injected SQL for node "test.enpal_assessment_project.unique_stg_activity_types_activity_type_id.065efcc0bd"
[0m18:46:51.974735 [debug] [Thread-1 (]: Began executing node test.enpal_assessment_project.unique_stg_activity_types_activity_type_id.065efcc0bd
[0m18:46:51.979533 [debug] [Thread-1 (]: Writing runtime sql for node "test.enpal_assessment_project.unique_stg_activity_types_activity_type_id.065efcc0bd"
[0m18:46:51.980499 [debug] [Thread-1 (]: Using postgres connection "test.enpal_assessment_project.unique_stg_activity_types_activity_type_id.065efcc0bd"
[0m18:46:51.981022 [debug] [Thread-1 (]: On test.enpal_assessment_project.unique_stg_activity_types_activity_type_id.065efcc0bd: BEGIN
[0m18:46:51.981477 [debug] [Thread-1 (]: Opening a new connection, currently in state closed
[0m18:46:52.004086 [debug] [Thread-1 (]: SQL status: BEGIN in 0.022 seconds
[0m18:46:52.005296 [debug] [Thread-1 (]: Using postgres connection "test.enpal_assessment_project.unique_stg_activity_types_activity_type_id.065efcc0bd"
[0m18:46:52.006730 [debug] [Thread-1 (]: On test.enpal_assessment_project.unique_stg_activity_types_activity_type_id.065efcc0bd: /* {"app": "dbt", "dbt_version": "1.10.13", "profile_name": "enpal_assessment_project", "target_name": "dev", "node_id": "test.enpal_assessment_project.unique_stg_activity_types_activity_type_id.065efcc0bd"} */

    select
      count(*) as failures,
      count(*) != 0 as should_warn,
      count(*) != 0 as should_error
    from (
      
    
  
    
    

select
    activity_type_id as unique_field,
    count(*) as n_records

from "postgres"."public_pipedrive_analytics"."stg_activity_types"
where activity_type_id is not null
group by activity_type_id
having count(*) > 1



  
  
      
    ) dbt_internal_test
[0m18:46:52.010332 [debug] [Thread-1 (]: SQL status: SELECT 1 in 0.003 seconds
[0m18:46:52.013034 [debug] [Thread-1 (]: On test.enpal_assessment_project.unique_stg_activity_types_activity_type_id.065efcc0bd: ROLLBACK
[0m18:46:52.014945 [debug] [Thread-1 (]: On test.enpal_assessment_project.unique_stg_activity_types_activity_type_id.065efcc0bd: Close
[0m18:46:52.016423 [info ] [Thread-1 (]: 16 of 19 PASS unique_stg_activity_types_activity_type_id ....................... [[32mPASS[0m in 0.05s]
[0m18:46:52.017325 [debug] [Thread-1 (]: Finished running node test.enpal_assessment_project.unique_stg_activity_types_activity_type_id.065efcc0bd
[0m18:46:52.017877 [debug] [Thread-1 (]: Began running node test.enpal_assessment_project.unique_stg_fields_field_key.ea1d2437a4
[0m18:46:52.018743 [info ] [Thread-1 (]: 17 of 19 START test unique_stg_fields_field_key ................................ [RUN]
[0m18:46:52.019390 [debug] [Thread-1 (]: Re-using an available connection from the pool (formerly test.enpal_assessment_project.unique_stg_activity_types_activity_type_id.065efcc0bd, now test.enpal_assessment_project.unique_stg_fields_field_key.ea1d2437a4)
[0m18:46:52.019888 [debug] [Thread-1 (]: Began compiling node test.enpal_assessment_project.unique_stg_fields_field_key.ea1d2437a4
[0m18:46:52.024757 [debug] [Thread-1 (]: Writing injected SQL for node "test.enpal_assessment_project.unique_stg_fields_field_key.ea1d2437a4"
[0m18:46:52.025609 [debug] [Thread-1 (]: Began executing node test.enpal_assessment_project.unique_stg_fields_field_key.ea1d2437a4
[0m18:46:52.028527 [debug] [Thread-1 (]: Writing runtime sql for node "test.enpal_assessment_project.unique_stg_fields_field_key.ea1d2437a4"
[0m18:46:52.029738 [debug] [Thread-1 (]: Using postgres connection "test.enpal_assessment_project.unique_stg_fields_field_key.ea1d2437a4"
[0m18:46:52.030272 [debug] [Thread-1 (]: On test.enpal_assessment_project.unique_stg_fields_field_key.ea1d2437a4: BEGIN
[0m18:46:52.030707 [debug] [Thread-1 (]: Opening a new connection, currently in state closed
[0m18:46:52.052905 [debug] [Thread-1 (]: SQL status: BEGIN in 0.022 seconds
[0m18:46:52.054355 [debug] [Thread-1 (]: Using postgres connection "test.enpal_assessment_project.unique_stg_fields_field_key.ea1d2437a4"
[0m18:46:52.055119 [debug] [Thread-1 (]: On test.enpal_assessment_project.unique_stg_fields_field_key.ea1d2437a4: /* {"app": "dbt", "dbt_version": "1.10.13", "profile_name": "enpal_assessment_project", "target_name": "dev", "node_id": "test.enpal_assessment_project.unique_stg_fields_field_key.ea1d2437a4"} */

    select
      count(*) as failures,
      count(*) != 0 as should_warn,
      count(*) != 0 as should_error
    from (
      
    
  
    
    

select
    field_key as unique_field,
    count(*) as n_records

from "postgres"."public_pipedrive_analytics"."stg_fields"
where field_key is not null
group by field_key
having count(*) > 1



  
  
      
    ) dbt_internal_test
[0m18:46:52.058682 [debug] [Thread-1 (]: SQL status: SELECT 1 in 0.003 seconds
[0m18:46:52.060804 [debug] [Thread-1 (]: On test.enpal_assessment_project.unique_stg_fields_field_key.ea1d2437a4: ROLLBACK
[0m18:46:52.062211 [debug] [Thread-1 (]: On test.enpal_assessment_project.unique_stg_fields_field_key.ea1d2437a4: Close
[0m18:46:52.064197 [info ] [Thread-1 (]: 17 of 19 PASS unique_stg_fields_field_key ...................................... [[32mPASS[0m in 0.04s]
[0m18:46:52.065144 [debug] [Thread-1 (]: Finished running node test.enpal_assessment_project.unique_stg_fields_field_key.ea1d2437a4
[0m18:46:52.065809 [debug] [Thread-1 (]: Began running node test.enpal_assessment_project.unique_stg_stages_stage_id.7d330989f3
[0m18:46:52.066713 [info ] [Thread-1 (]: 18 of 19 START test unique_stg_stages_stage_id ................................. [RUN]
[0m18:46:52.067350 [debug] [Thread-1 (]: Re-using an available connection from the pool (formerly test.enpal_assessment_project.unique_stg_fields_field_key.ea1d2437a4, now test.enpal_assessment_project.unique_stg_stages_stage_id.7d330989f3)
[0m18:46:52.067836 [debug] [Thread-1 (]: Began compiling node test.enpal_assessment_project.unique_stg_stages_stage_id.7d330989f3
[0m18:46:52.072552 [debug] [Thread-1 (]: Writing injected SQL for node "test.enpal_assessment_project.unique_stg_stages_stage_id.7d330989f3"
[0m18:46:52.074054 [debug] [Thread-1 (]: Began executing node test.enpal_assessment_project.unique_stg_stages_stage_id.7d330989f3
[0m18:46:52.078068 [debug] [Thread-1 (]: Writing runtime sql for node "test.enpal_assessment_project.unique_stg_stages_stage_id.7d330989f3"
[0m18:46:52.079773 [debug] [Thread-1 (]: Using postgres connection "test.enpal_assessment_project.unique_stg_stages_stage_id.7d330989f3"
[0m18:46:52.080453 [debug] [Thread-1 (]: On test.enpal_assessment_project.unique_stg_stages_stage_id.7d330989f3: BEGIN
[0m18:46:52.080908 [debug] [Thread-1 (]: Opening a new connection, currently in state closed
[0m18:46:52.098568 [debug] [Thread-1 (]: SQL status: BEGIN in 0.017 seconds
[0m18:46:52.099812 [debug] [Thread-1 (]: Using postgres connection "test.enpal_assessment_project.unique_stg_stages_stage_id.7d330989f3"
[0m18:46:52.100355 [debug] [Thread-1 (]: On test.enpal_assessment_project.unique_stg_stages_stage_id.7d330989f3: /* {"app": "dbt", "dbt_version": "1.10.13", "profile_name": "enpal_assessment_project", "target_name": "dev", "node_id": "test.enpal_assessment_project.unique_stg_stages_stage_id.7d330989f3"} */

    select
      count(*) as failures,
      count(*) != 0 as should_warn,
      count(*) != 0 as should_error
    from (
      
    
  
    
    

select
    stage_id as unique_field,
    count(*) as n_records

from "postgres"."public_pipedrive_analytics"."stg_stages"
where stage_id is not null
group by stage_id
having count(*) > 1



  
  
      
    ) dbt_internal_test
[0m18:46:52.102682 [debug] [Thread-1 (]: SQL status: SELECT 1 in 0.002 seconds
[0m18:46:52.104385 [debug] [Thread-1 (]: On test.enpal_assessment_project.unique_stg_stages_stage_id.7d330989f3: ROLLBACK
[0m18:46:52.106015 [debug] [Thread-1 (]: On test.enpal_assessment_project.unique_stg_stages_stage_id.7d330989f3: Close
[0m18:46:52.107386 [info ] [Thread-1 (]: 18 of 19 PASS unique_stg_stages_stage_id ....................................... [[32mPASS[0m in 0.04s]
[0m18:46:52.108324 [debug] [Thread-1 (]: Finished running node test.enpal_assessment_project.unique_stg_stages_stage_id.7d330989f3
[0m18:46:52.108902 [debug] [Thread-1 (]: Began running node test.enpal_assessment_project.unique_stg_users_user_id.c2ff477e6b
[0m18:46:52.109622 [info ] [Thread-1 (]: 19 of 19 START test unique_stg_users_user_id ................................... [RUN]
[0m18:46:52.110893 [debug] [Thread-1 (]: Re-using an available connection from the pool (formerly test.enpal_assessment_project.unique_stg_stages_stage_id.7d330989f3, now test.enpal_assessment_project.unique_stg_users_user_id.c2ff477e6b)
[0m18:46:52.111796 [debug] [Thread-1 (]: Began compiling node test.enpal_assessment_project.unique_stg_users_user_id.c2ff477e6b
[0m18:46:52.120038 [debug] [Thread-1 (]: Writing injected SQL for node "test.enpal_assessment_project.unique_stg_users_user_id.c2ff477e6b"
[0m18:46:52.120955 [debug] [Thread-1 (]: Began executing node test.enpal_assessment_project.unique_stg_users_user_id.c2ff477e6b
[0m18:46:52.123974 [debug] [Thread-1 (]: Writing runtime sql for node "test.enpal_assessment_project.unique_stg_users_user_id.c2ff477e6b"
[0m18:46:52.124908 [debug] [Thread-1 (]: Using postgres connection "test.enpal_assessment_project.unique_stg_users_user_id.c2ff477e6b"
[0m18:46:52.125388 [debug] [Thread-1 (]: On test.enpal_assessment_project.unique_stg_users_user_id.c2ff477e6b: BEGIN
[0m18:46:52.125816 [debug] [Thread-1 (]: Opening a new connection, currently in state closed
[0m18:46:52.147667 [debug] [Thread-1 (]: SQL status: BEGIN in 0.022 seconds
[0m18:46:52.149100 [debug] [Thread-1 (]: Using postgres connection "test.enpal_assessment_project.unique_stg_users_user_id.c2ff477e6b"
[0m18:46:52.150044 [debug] [Thread-1 (]: On test.enpal_assessment_project.unique_stg_users_user_id.c2ff477e6b: /* {"app": "dbt", "dbt_version": "1.10.13", "profile_name": "enpal_assessment_project", "target_name": "dev", "node_id": "test.enpal_assessment_project.unique_stg_users_user_id.c2ff477e6b"} */

    select
      count(*) as failures,
      count(*) != 0 as should_warn,
      count(*) != 0 as should_error
    from (
      
    
  
    
    

select
    user_id as unique_field,
    count(*) as n_records

from "postgres"."public_pipedrive_analytics"."stg_users"
where user_id is not null
group by user_id
having count(*) > 1



  
  
      
    ) dbt_internal_test
[0m18:46:52.154727 [debug] [Thread-1 (]: SQL status: SELECT 1 in 0.004 seconds
[0m18:46:52.157803 [debug] [Thread-1 (]: On test.enpal_assessment_project.unique_stg_users_user_id.c2ff477e6b: ROLLBACK
[0m18:46:52.159570 [debug] [Thread-1 (]: On test.enpal_assessment_project.unique_stg_users_user_id.c2ff477e6b: Close
[0m18:46:52.160948 [info ] [Thread-1 (]: 19 of 19 PASS unique_stg_users_user_id ......................................... [[32mPASS[0m in 0.05s]
[0m18:46:52.162448 [debug] [Thread-1 (]: Finished running node test.enpal_assessment_project.unique_stg_users_user_id.c2ff477e6b
[0m18:46:52.165694 [debug] [MainThread]: Using postgres connection "master"
[0m18:46:52.166376 [debug] [MainThread]: On master: BEGIN
[0m18:46:52.166902 [debug] [MainThread]: Opening a new connection, currently in state closed
[0m18:46:52.182265 [debug] [MainThread]: SQL status: BEGIN in 0.015 seconds
[0m18:46:52.184013 [debug] [MainThread]: On master: COMMIT
[0m18:46:52.185515 [debug] [MainThread]: Using postgres connection "master"
[0m18:46:52.186000 [debug] [MainThread]: On master: COMMIT
[0m18:46:52.187386 [debug] [MainThread]: SQL status: COMMIT in 0.001 seconds
[0m18:46:52.187934 [debug] [MainThread]: On master: Close
[0m18:46:52.188736 [debug] [MainThread]: Connection 'master' was properly closed.
[0m18:46:52.189549 [debug] [MainThread]: Connection 'test.enpal_assessment_project.unique_stg_users_user_id.c2ff477e6b' was properly closed.
[0m18:46:52.190057 [info ] [MainThread]: 
[0m18:46:52.190548 [info ] [MainThread]: Finished running 19 data tests in 0 hours 0 minutes and 1.45 seconds (1.45s).
[0m18:46:52.194951 [debug] [MainThread]: Command end result
[0m18:46:52.234595 [debug] [MainThread]: Wrote artifact WritableManifest to /Users/macbook/Desktop/ENPAL/Take-Home-Assessment/REPO/dbt_enpal_assessment/target/manifest.json
[0m18:46:52.238065 [debug] [MainThread]: Wrote artifact SemanticManifest to /Users/macbook/Desktop/ENPAL/Take-Home-Assessment/REPO/dbt_enpal_assessment/target/semantic_manifest.json
[0m18:46:52.252136 [debug] [MainThread]: Wrote artifact RunExecutionResult to /Users/macbook/Desktop/ENPAL/Take-Home-Assessment/REPO/dbt_enpal_assessment/target/run_results.json
[0m18:46:52.252928 [info ] [MainThread]: 
[0m18:46:52.253745 [info ] [MainThread]: [31mCompleted with 2 errors, 0 partial successes, and 0 warnings:[0m
[0m18:46:52.254501 [info ] [MainThread]: 
[0m18:46:52.255361 [error] [MainThread]: [31mFailure in test not_null_stg_activity_add_time (models/staging/staging.yml)[0m
[0m18:46:52.256232 [error] [MainThread]:   Database Error in test not_null_stg_activity_add_time (models/staging/staging.yml)
  column "add_time" does not exist
  LINE 16: select add_time
                  ^
  compiled code at target/run/enpal_assessment_project/models/staging/staging.yml/not_null_stg_activity_add_time.sql
[0m18:46:52.256902 [info ] [MainThread]: 
[0m18:46:52.257687 [info ] [MainThread]:   compiled code at target/compiled/enpal_assessment_project/models/staging/staging.yml/not_null_stg_activity_add_time.sql
[0m18:46:52.258393 [info ] [MainThread]: 
[0m18:46:52.259170 [error] [MainThread]: [31mFailure in test unique_stg_activity_activity_id (models/staging/staging.yml)[0m
[0m18:46:52.259918 [error] [MainThread]:   Got 11 results, configured to fail if != 0
[0m18:46:52.260580 [info ] [MainThread]: 
[0m18:46:52.261328 [info ] [MainThread]:   compiled code at target/compiled/enpal_assessment_project/models/staging/staging.yml/unique_stg_activity_activity_id.sql
[0m18:46:52.262104 [info ] [MainThread]: 
[0m18:46:52.263189 [info ] [MainThread]: Done. PASS=17 WARN=0 ERROR=2 SKIP=0 NO-OP=0 TOTAL=19
[0m18:46:52.266910 [debug] [MainThread]: Resource report: {"command_name": "test", "command_success": false, "command_wall_clock_time": 2.6125343, "process_in_blocks": "0", "process_kernel_time": 0.501892, "process_mem_max_rss": "122368000", "process_out_blocks": "0", "process_user_time": 3.290391}
[0m18:46:52.268014 [debug] [MainThread]: Command `dbt test` failed at 18:46:52.267792 after 2.61 seconds
[0m18:46:52.268758 [debug] [MainThread]: Sending event: {'category': 'dbt', 'action': 'invocation', 'label': 'end', 'context': [<snowplow_tracker.self_describing_json.SelfDescribingJson object at 0x7f99bd4b8520>, <snowplow_tracker.self_describing_json.SelfDescribingJson object at 0x7f99bce16260>, <snowplow_tracker.self_describing_json.SelfDescribingJson object at 0x7f99c07cd7b0>]}
[0m18:46:52.269280 [debug] [MainThread]: Flushing usage events
[0m18:46:52.860966 [debug] [MainThread]: An error was encountered while trying to flush usage events
[0m18:51:40.854037 [debug] [MainThread]: Sending event: {'category': 'dbt', 'action': 'invocation', 'label': 'start', 'context': [<snowplow_tracker.self_describing_json.SelfDescribingJson object at 0x7f96bc4a8460>, <snowplow_tracker.self_describing_json.SelfDescribingJson object at 0x7f96be095210>, <snowplow_tracker.self_describing_json.SelfDescribingJson object at 0x7f96be094b20>]}


============================== 18:51:40.861265 | 35349d21-ca82-48b8-89a5-f2051a5fa781 ==============================
[0m18:51:40.861265 [info ] [MainThread]: Running with dbt=1.10.13
[0m18:51:40.862409 [debug] [MainThread]: running dbt with arguments {'empty': 'None', 'introspect': 'True', 'no_print': 'None', 'use_colors': 'True', 'log_cache_events': 'False', 'cache_selected_only': 'False', 'printer_width': '80', 'version_check': 'True', 'partial_parse': 'True', 'debug': 'False', 'use_experimental_parser': 'False', 'write_json': 'True', 'quiet': 'False', 'send_anonymous_usage_stats': 'True', 'profiles_dir': '/Users/macbook/Desktop/Enpal/Take-Home-Assessment/REPO/dbt_enpal_assessment', 'indirect_selection': 'eager', 'warn_error': 'None', 'static_parser': 'True', 'invocation_command': 'dbt clean', 'log_path': '/Users/macbook/Desktop/ENPAL/Take-Home-Assessment/REPO/dbt_enpal_assessment/logs', 'warn_error_options': 'WarnErrorOptionsV2(error=[], warn=[], silence=[])', 'log_format': 'default', 'target_path': 'None', 'fail_fast': 'False'}
[0m18:51:41.213444 [debug] [MainThread]: Sending event: {'category': 'dbt', 'action': 'project_id', 'label': '35349d21-ca82-48b8-89a5-f2051a5fa781', 'context': [<snowplow_tracker.self_describing_json.SelfDescribingJson object at 0x7f96babebd60>]}
[0m18:51:41.313389 [debug] [MainThread]: Resource report: {"command_name": "clean", "command_success": true, "command_wall_clock_time": 0.58281153, "process_in_blocks": "0", "process_kernel_time": 0.644852, "process_mem_max_rss": "98893824", "process_out_blocks": "0", "process_user_time": 2.314556}
[0m18:51:41.317314 [debug] [MainThread]: Command `dbt clean` succeeded at 18:51:41.317025 after 0.59 seconds
[0m18:51:41.318548 [debug] [MainThread]: Sending event: {'category': 'dbt', 'action': 'invocation', 'label': 'end', 'context': [<snowplow_tracker.self_describing_json.SelfDescribingJson object at 0x7f96bc4a8460>, <snowplow_tracker.self_describing_json.SelfDescribingJson object at 0x7f96be088400>, <snowplow_tracker.self_describing_json.SelfDescribingJson object at 0x7f96be2153f0>]}
[0m18:51:41.319547 [debug] [MainThread]: Flushing usage events
[0m18:51:41.973474 [debug] [MainThread]: An error was encountered while trying to flush usage events
[0m18:51:44.387169 [debug] [MainThread]: Sending event: {'category': 'dbt', 'action': 'invocation', 'label': 'start', 'context': [<snowplow_tracker.self_describing_json.SelfDescribingJson object at 0x7fc4e3cb4580>, <snowplow_tracker.self_describing_json.SelfDescribingJson object at 0x7fc4e5735240>, <snowplow_tracker.self_describing_json.SelfDescribingJson object at 0x7fc4e5734b50>]}


============================== 18:51:44.394260 | 74305ed5-3f09-4620-b269-db3bad997a1d ==============================
[0m18:51:44.394260 [info ] [MainThread]: Running with dbt=1.10.13
[0m18:51:44.395014 [debug] [MainThread]: running dbt with arguments {'partial_parse': 'True', 'log_format': 'default', 'introspect': 'True', 'indirect_selection': 'eager', 'debug': 'False', 'invocation_command': 'dbt run --select stg_activity --full-refresh', 'write_json': 'True', 'use_experimental_parser': 'False', 'empty': 'False', 'printer_width': '80', 'version_check': 'True', 'log_path': '/Users/macbook/Desktop/ENPAL/Take-Home-Assessment/REPO/dbt_enpal_assessment/logs', 'log_cache_events': 'False', 'use_colors': 'True', 'fail_fast': 'False', 'warn_error_options': 'WarnErrorOptionsV2(error=[], warn=[], silence=[])', 'warn_error': 'None', 'target_path': 'None', 'cache_selected_only': 'False', 'static_parser': 'True', 'quiet': 'False', 'profiles_dir': '/Users/macbook/Desktop/Enpal/Take-Home-Assessment/REPO/dbt_enpal_assessment', 'send_anonymous_usage_stats': 'True', 'no_print': 'None'}
[0m18:51:44.735461 [debug] [MainThread]: Sending event: {'category': 'dbt', 'action': 'project_id', 'label': '74305ed5-3f09-4620-b269-db3bad997a1d', 'context': [<snowplow_tracker.self_describing_json.SelfDescribingJson object at 0x7fc4e582ace0>]}
[0m18:51:44.820498 [debug] [MainThread]: Sending event: {'category': 'dbt', 'action': 'adapter_info', 'label': '74305ed5-3f09-4620-b269-db3bad997a1d', 'context': [<snowplow_tracker.self_describing_json.SelfDescribingJson object at 0x7fc4e5808430>]}
[0m18:51:44.823512 [info ] [MainThread]: Registered adapter: postgres=1.9.1
[0m18:51:45.068820 [debug] [MainThread]: checksum: 9f0c81e2574b4ff463f3d16d080df83c6982fc0372c9feeacae0504ac9ea3ffe, vars: {}, profile: , target: , version: 1.10.13
[0m18:51:45.069912 [info ] [MainThread]: Unable to do partial parsing because saved manifest not found. Starting full parse.
[0m18:51:45.070450 [debug] [MainThread]: Sending event: {'category': 'dbt', 'action': 'partial_parser', 'label': '74305ed5-3f09-4620-b269-db3bad997a1d', 'context': [<snowplow_tracker.self_describing_json.SelfDescribingJson object at 0x7fc4e5a4af50>]}
[0m18:51:47.059321 [error] [MainThread]: Encountered an error:
Parsing Error
  Invalid models config given in models/staging/staging.yml @ models: {'name': 'stg_users', 'description': 'List of users (sales representatives) from Pipedrive.', 'columns': [{'name': 'user_id', 'description': 'Unique identifier of each user.', 'tests': ['not_null', 'unique']}, {'name': 'user_name', 'description': 'Full name of the user.', 'tests': ['not_null']}, {'name': 'email', 'description': None}], 'original_file_path': 'models/staging/staging.yml', 'yaml_key': 'models', 'package_name': 'enpal_assessment_project'} - at path ['columns'][2]['description']: None is not of type 'string'
[0m18:51:47.061366 [debug] [MainThread]: Resource report: {"command_name": "run", "command_success": false, "command_wall_clock_time": 2.7892745, "process_in_blocks": "0", "process_kernel_time": 0.452244, "process_mem_max_rss": "113725440", "process_out_blocks": "0", "process_user_time": 3.670518}
[0m18:51:47.062125 [debug] [MainThread]: Command `dbt run` failed at 18:51:47.061891 after 2.79 seconds
[0m18:51:47.062629 [debug] [MainThread]: Sending event: {'category': 'dbt', 'action': 'invocation', 'label': 'end', 'context': [<snowplow_tracker.self_describing_json.SelfDescribingJson object at 0x7fc4e3cb4580>, <snowplow_tracker.self_describing_json.SelfDescribingJson object at 0x7fc4e5fcfc10>, <snowplow_tracker.self_describing_json.SelfDescribingJson object at 0x7fc4e5ac9c60>]}
[0m18:51:47.063121 [debug] [MainThread]: Flushing usage events
[0m18:51:47.547210 [debug] [MainThread]: An error was encountered while trying to flush usage events
[0m18:51:49.704700 [debug] [MainThread]: Sending event: {'category': 'dbt', 'action': 'invocation', 'label': 'start', 'context': [<snowplow_tracker.self_describing_json.SelfDescribingJson object at 0x7fbf165bc520>, <snowplow_tracker.self_describing_json.SelfDescribingJson object at 0x7fbf180a91e0>, <snowplow_tracker.self_describing_json.SelfDescribingJson object at 0x7fbf180a8af0>]}


============================== 18:51:49.710634 | d348c038-0178-4b55-a143-b1d296045692 ==============================
[0m18:51:49.710634 [info ] [MainThread]: Running with dbt=1.10.13
[0m18:51:49.711661 [debug] [MainThread]: running dbt with arguments {'warn_error': 'None', 'debug': 'False', 'invocation_command': 'dbt test --select staging', 'fail_fast': 'False', 'static_parser': 'True', 'introspect': 'True', 'no_print': 'None', 'write_json': 'True', 'warn_error_options': 'WarnErrorOptionsV2(error=[], warn=[], silence=[])', 'quiet': 'False', 'use_colors': 'True', 'log_path': '/Users/macbook/Desktop/ENPAL/Take-Home-Assessment/REPO/dbt_enpal_assessment/logs', 'log_cache_events': 'False', 'printer_width': '80', 'target_path': 'None', 'empty': 'None', 'use_experimental_parser': 'False', 'indirect_selection': 'eager', 'log_format': 'default', 'partial_parse': 'True', 'send_anonymous_usage_stats': 'True', 'version_check': 'True', 'cache_selected_only': 'False', 'profiles_dir': '/Users/macbook/Desktop/Enpal/Take-Home-Assessment/REPO/dbt_enpal_assessment'}
[0m18:51:49.958375 [debug] [MainThread]: Sending event: {'category': 'dbt', 'action': 'project_id', 'label': 'd348c038-0178-4b55-a143-b1d296045692', 'context': [<snowplow_tracker.self_describing_json.SelfDescribingJson object at 0x7fbf14be7fa0>]}
[0m18:51:50.042876 [debug] [MainThread]: Sending event: {'category': 'dbt', 'action': 'adapter_info', 'label': 'd348c038-0178-4b55-a143-b1d296045692', 'context': [<snowplow_tracker.self_describing_json.SelfDescribingJson object at 0x7fbf17ee4610>]}
[0m18:51:50.043928 [info ] [MainThread]: Registered adapter: postgres=1.9.1
[0m18:51:50.241358 [debug] [MainThread]: checksum: 9f0c81e2574b4ff463f3d16d080df83c6982fc0372c9feeacae0504ac9ea3ffe, vars: {}, profile: , target: , version: 1.10.13
[0m18:51:50.242431 [info ] [MainThread]: Unable to do partial parsing because saved manifest not found. Starting full parse.
[0m18:51:50.243004 [debug] [MainThread]: Sending event: {'category': 'dbt', 'action': 'partial_parser', 'label': 'd348c038-0178-4b55-a143-b1d296045692', 'context': [<snowplow_tracker.self_describing_json.SelfDescribingJson object at 0x7fbf18442f20>]}
[0m18:51:51.798352 [error] [MainThread]: Encountered an error:
Parsing Error
  Invalid models config given in models/staging/staging.yml @ models: {'name': 'stg_users', 'description': 'List of users (sales representatives) from Pipedrive.', 'columns': [{'name': 'user_id', 'description': 'Unique identifier of each user.', 'tests': ['not_null', 'unique']}, {'name': 'user_name', 'description': 'Full name of the user.', 'tests': ['not_null']}, {'name': 'email', 'description': None}], 'original_file_path': 'models/staging/staging.yml', 'yaml_key': 'models', 'package_name': 'enpal_assessment_project'} - at path ['columns'][2]['description']: None is not of type 'string'
[0m18:51:51.800402 [debug] [MainThread]: Resource report: {"command_name": "test", "command_success": false, "command_wall_clock_time": 2.1855714, "process_in_blocks": "0", "process_kernel_time": 0.37071, "process_mem_max_rss": "114257920", "process_out_blocks": "0", "process_user_time": 3.409586}
[0m18:51:51.801073 [debug] [MainThread]: Command `dbt test` failed at 18:51:51.800942 after 2.19 seconds
[0m18:51:51.801576 [debug] [MainThread]: Sending event: {'category': 'dbt', 'action': 'invocation', 'label': 'end', 'context': [<snowplow_tracker.self_describing_json.SelfDescribingJson object at 0x7fbf165bc520>, <snowplow_tracker.self_describing_json.SelfDescribingJson object at 0x7fbf191709d0>, <snowplow_tracker.self_describing_json.SelfDescribingJson object at 0x7fbf19173a30>]}
[0m18:51:51.802078 [debug] [MainThread]: Flushing usage events
[0m18:51:52.287079 [debug] [MainThread]: An error was encountered while trying to flush usage events
[0m18:53:16.641929 [debug] [MainThread]: Sending event: {'category': 'dbt', 'action': 'invocation', 'label': 'start', 'context': [<snowplow_tracker.self_describing_json.SelfDescribingJson object at 0x7fecc0cb0520>, <snowplow_tracker.self_describing_json.SelfDescribingJson object at 0x7fecc2741240>, <snowplow_tracker.self_describing_json.SelfDescribingJson object at 0x7fecc2740b50>]}


============================== 18:53:16.650695 | 92b1842a-1112-4ec2-bdd6-2f2973b93461 ==============================
[0m18:53:16.650695 [info ] [MainThread]: Running with dbt=1.10.13
[0m18:53:16.652123 [debug] [MainThread]: running dbt with arguments {'partial_parse': 'True', 'debug': 'False', 'cache_selected_only': 'False', 'invocation_command': 'dbt clean', 'indirect_selection': 'eager', 'empty': 'None', 'target_path': 'None', 'use_experimental_parser': 'False', 'log_cache_events': 'False', 'printer_width': '80', 'static_parser': 'True', 'profiles_dir': '/Users/macbook/Desktop/Enpal/Take-Home-Assessment/REPO/dbt_enpal_assessment', 'version_check': 'True', 'send_anonymous_usage_stats': 'True', 'warn_error_options': 'WarnErrorOptionsV2(error=[], warn=[], silence=[])', 'warn_error': 'None', 'fail_fast': 'False', 'no_print': 'None', 'log_format': 'default', 'use_colors': 'True', 'write_json': 'True', 'quiet': 'False', 'log_path': '/Users/macbook/Desktop/ENPAL/Take-Home-Assessment/REPO/dbt_enpal_assessment/logs', 'introspect': 'True'}
[0m18:53:16.863406 [debug] [MainThread]: Sending event: {'category': 'dbt', 'action': 'project_id', 'label': '92b1842a-1112-4ec2-bdd6-2f2973b93461', 'context': [<snowplow_tracker.self_describing_json.SelfDescribingJson object at 0x7fecc29c2d40>]}
[0m18:53:16.905596 [debug] [MainThread]: Resource report: {"command_name": "clean", "command_success": true, "command_wall_clock_time": 0.36825287, "process_in_blocks": "0", "process_kernel_time": 0.578083, "process_mem_max_rss": "99311616", "process_out_blocks": "0", "process_user_time": 2.386322}
[0m18:53:16.906605 [debug] [MainThread]: Command `dbt clean` succeeded at 18:53:16.906373 after 0.37 seconds
[0m18:53:16.907881 [debug] [MainThread]: Sending event: {'category': 'dbt', 'action': 'invocation', 'label': 'end', 'context': [<snowplow_tracker.self_describing_json.SelfDescribingJson object at 0x7fecc0cb0520>, <snowplow_tracker.self_describing_json.SelfDescribingJson object at 0x7fecc29c2d40>, <snowplow_tracker.self_describing_json.SelfDescribingJson object at 0x7fecc29c2050>]}
[0m18:53:16.908677 [debug] [MainThread]: Flushing usage events
[0m18:53:17.584546 [debug] [MainThread]: An error was encountered while trying to flush usage events
[0m18:53:20.154999 [debug] [MainThread]: Sending event: {'category': 'dbt', 'action': 'invocation', 'label': 'start', 'context': [<snowplow_tracker.self_describing_json.SelfDescribingJson object at 0x7f990adb44c0>, <snowplow_tracker.self_describing_json.SelfDescribingJson object at 0x7f990bfa1240>, <snowplow_tracker.self_describing_json.SelfDescribingJson object at 0x7f990bfa0b50>]}


============================== 18:53:20.159879 | 484bec50-ad73-428f-baaf-18d86436ff2d ==============================
[0m18:53:20.159879 [info ] [MainThread]: Running with dbt=1.10.13
[0m18:53:20.160679 [debug] [MainThread]: running dbt with arguments {'quiet': 'False', 'empty': 'False', 'use_experimental_parser': 'False', 'warn_error': 'None', 'send_anonymous_usage_stats': 'True', 'fail_fast': 'False', 'static_parser': 'True', 'profiles_dir': '/Users/macbook/Desktop/Enpal/Take-Home-Assessment/REPO/dbt_enpal_assessment', 'cache_selected_only': 'False', 'target_path': 'None', 'no_print': 'None', 'write_json': 'True', 'log_path': '/Users/macbook/Desktop/ENPAL/Take-Home-Assessment/REPO/dbt_enpal_assessment/logs', 'introspect': 'True', 'partial_parse': 'True', 'debug': 'False', 'printer_width': '80', 'warn_error_options': 'WarnErrorOptionsV2(error=[], warn=[], silence=[])', 'log_cache_events': 'False', 'log_format': 'default', 'use_colors': 'True', 'indirect_selection': 'eager', 'version_check': 'True', 'invocation_command': 'dbt run --select stg_activity --full-refresh'}
[0m18:53:20.664852 [debug] [MainThread]: Sending event: {'category': 'dbt', 'action': 'project_id', 'label': '484bec50-ad73-428f-baaf-18d86436ff2d', 'context': [<snowplow_tracker.self_describing_json.SelfDescribingJson object at 0x7f990c089300>]}
[0m18:53:20.773023 [debug] [MainThread]: Sending event: {'category': 'dbt', 'action': 'adapter_info', 'label': '484bec50-ad73-428f-baaf-18d86436ff2d', 'context': [<snowplow_tracker.self_describing_json.SelfDescribingJson object at 0x7f990b542b90>]}
[0m18:53:20.774538 [info ] [MainThread]: Registered adapter: postgres=1.9.1
[0m18:53:20.994439 [debug] [MainThread]: checksum: 9f0c81e2574b4ff463f3d16d080df83c6982fc0372c9feeacae0504ac9ea3ffe, vars: {}, profile: , target: , version: 1.10.13
[0m18:53:20.995578 [info ] [MainThread]: Unable to do partial parsing because saved manifest not found. Starting full parse.
[0m18:53:20.996139 [debug] [MainThread]: Sending event: {'category': 'dbt', 'action': 'partial_parser', 'label': '484bec50-ad73-428f-baaf-18d86436ff2d', 'context': [<snowplow_tracker.self_describing_json.SelfDescribingJson object at 0x7f990c32ae60>]}
[0m18:53:22.881117 [debug] [MainThread]: Sending event: {'category': 'dbt', 'action': 'load_project', 'label': '484bec50-ad73-428f-baaf-18d86436ff2d', 'context': [<snowplow_tracker.self_describing_json.SelfDescribingJson object at 0x7f990dcc9150>]}
[0m18:53:23.136114 [debug] [MainThread]: Wrote artifact WritableManifest to /Users/macbook/Desktop/ENPAL/Take-Home-Assessment/REPO/dbt_enpal_assessment/target/manifest.json
[0m18:53:23.139565 [debug] [MainThread]: Wrote artifact SemanticManifest to /Users/macbook/Desktop/ENPAL/Take-Home-Assessment/REPO/dbt_enpal_assessment/target/semantic_manifest.json
[0m18:53:23.183371 [debug] [MainThread]: Sending event: {'category': 'dbt', 'action': 'resource_counts', 'label': '484bec50-ad73-428f-baaf-18d86436ff2d', 'context': [<snowplow_tracker.self_describing_json.SelfDescribingJson object at 0x7f990dca9d80>]}
[0m18:53:23.184324 [info ] [MainThread]: Found 9 models, 17 data tests, 6 sources, 447 macros
[0m18:53:23.184916 [debug] [MainThread]: Sending event: {'category': 'dbt', 'action': 'runnable_timing', 'label': '484bec50-ad73-428f-baaf-18d86436ff2d', 'context': [<snowplow_tracker.self_describing_json.SelfDescribingJson object at 0x7f990dafbf70>]}
[0m18:53:23.186924 [info ] [MainThread]: 
[0m18:53:23.187479 [info ] [MainThread]: Concurrency: 1 threads (target='dev')
[0m18:53:23.187978 [info ] [MainThread]: 
[0m18:53:23.188595 [debug] [MainThread]: Acquiring new postgres connection 'master'
[0m18:53:23.189911 [debug] [ThreadPool]: Acquiring new postgres connection 'list_postgres'
[0m18:53:23.315456 [debug] [ThreadPool]: Using postgres connection "list_postgres"
[0m18:53:23.316108 [debug] [ThreadPool]: On list_postgres: /* {"app": "dbt", "dbt_version": "1.10.13", "profile_name": "enpal_assessment_project", "target_name": "dev", "connection_name": "list_postgres"} */

    select distinct nspname from pg_namespace
  
[0m18:53:23.316568 [debug] [ThreadPool]: Opening a new connection, currently in state init
[0m18:53:23.409080 [debug] [ThreadPool]: SQL status: SELECT 5 in 0.092 seconds
[0m18:53:23.410689 [debug] [ThreadPool]: On list_postgres: Close
[0m18:53:23.417504 [debug] [ThreadPool]: Re-using an available connection from the pool (formerly list_postgres, now list_postgres_public_pipedrive_analytics)
[0m18:53:23.424876 [debug] [ThreadPool]: Using postgres connection "list_postgres_public_pipedrive_analytics"
[0m18:53:23.425369 [debug] [ThreadPool]: On list_postgres_public_pipedrive_analytics: BEGIN
[0m18:53:23.425974 [debug] [ThreadPool]: Opening a new connection, currently in state closed
[0m18:53:23.442322 [debug] [ThreadPool]: SQL status: BEGIN in 0.016 seconds
[0m18:53:23.444081 [debug] [ThreadPool]: Using postgres connection "list_postgres_public_pipedrive_analytics"
[0m18:53:23.444749 [debug] [ThreadPool]: On list_postgres_public_pipedrive_analytics: /* {"app": "dbt", "dbt_version": "1.10.13", "profile_name": "enpal_assessment_project", "target_name": "dev", "connection_name": "list_postgres_public_pipedrive_analytics"} */
select
      'postgres' as database,
      tablename as name,
      schemaname as schema,
      'table' as type
    from pg_tables
    where schemaname ilike 'public_pipedrive_analytics'
    union all
    select
      'postgres' as database,
      viewname as name,
      schemaname as schema,
      'view' as type
    from pg_views
    where schemaname ilike 'public_pipedrive_analytics'
    union all
    select
      'postgres' as database,
      matviewname as name,
      schemaname as schema,
      'materialized_view' as type
    from pg_matviews
    where schemaname ilike 'public_pipedrive_analytics'
  
[0m18:53:23.449046 [debug] [ThreadPool]: SQL status: SELECT 10 in 0.004 seconds
[0m18:53:23.451705 [debug] [ThreadPool]: On list_postgres_public_pipedrive_analytics: ROLLBACK
[0m18:53:23.455727 [debug] [ThreadPool]: On list_postgres_public_pipedrive_analytics: Close
[0m18:53:23.476185 [debug] [MainThread]: Using postgres connection "master"
[0m18:53:23.476786 [debug] [MainThread]: On master: BEGIN
[0m18:53:23.477504 [debug] [MainThread]: Opening a new connection, currently in state init
[0m18:53:23.543992 [debug] [MainThread]: SQL status: BEGIN in 0.066 seconds
[0m18:53:23.545175 [debug] [MainThread]: Using postgres connection "master"
[0m18:53:23.545877 [debug] [MainThread]: On master: /* {"app": "dbt", "dbt_version": "1.10.13", "profile_name": "enpal_assessment_project", "target_name": "dev", "connection_name": "master"} */
select distinct
        dependent_namespace.nspname as dependent_schema,
        dependent_class.relname as dependent_name,
        referenced_namespace.nspname as referenced_schema,
        referenced_class.relname as referenced_name

    -- Query for views: views are entries in pg_class with an entry in pg_rewrite, but we avoid
    -- a seq scan on pg_rewrite by leveraging the fact there is an "internal" row in pg_depend for
    -- the view...
    from pg_class as dependent_class
    join pg_namespace as dependent_namespace on dependent_namespace.oid = dependent_class.relnamespace
    join pg_depend as dependent_depend on dependent_depend.refobjid = dependent_class.oid
        and dependent_depend.classid = 'pg_rewrite'::regclass
        and dependent_depend.refclassid = 'pg_class'::regclass
        and dependent_depend.deptype = 'i'

    -- ... and via pg_depend (that has a row per column, hence the need for "distinct" above, and
    -- making sure to exclude the internal row to avoid a view appearing to depend on itself)...
    join pg_depend as joining_depend on joining_depend.objid = dependent_depend.objid
        and joining_depend.classid = 'pg_rewrite'::regclass
        and joining_depend.refclassid = 'pg_class'::regclass
        and joining_depend.refobjid != dependent_depend.refobjid

    -- ... we can find the tables they query from in pg_class, but excluding system tables. Note we
    -- don't need need to exclude _dependent_ system tables, because they only query from other
    -- system tables, and so are automatically excluded by excluding _referenced_ system tables
    join pg_class as referenced_class on referenced_class.oid = joining_depend.refobjid
    join pg_namespace as referenced_namespace on referenced_namespace.oid = referenced_class.relnamespace
        and referenced_namespace.nspname != 'information_schema'
        and referenced_namespace.nspname not like 'pg\_%'

    order by
        dependent_schema, dependent_name, referenced_schema, referenced_name;
[0m18:53:23.552527 [debug] [MainThread]: SQL status: SELECT 10 in 0.006 seconds
[0m18:53:23.556477 [debug] [MainThread]: Sending event: {'category': 'dbt', 'action': 'runnable_timing', 'label': '484bec50-ad73-428f-baaf-18d86436ff2d', 'context': [<snowplow_tracker.self_describing_json.SelfDescribingJson object at 0x7f990c787dc0>]}
[0m18:53:23.557776 [debug] [MainThread]: On master: ROLLBACK
[0m18:53:23.559734 [debug] [MainThread]: Using postgres connection "master"
[0m18:53:23.560408 [debug] [MainThread]: On master: BEGIN
[0m18:53:23.563226 [debug] [MainThread]: SQL status: BEGIN in 0.002 seconds
[0m18:53:23.565565 [debug] [MainThread]: On master: COMMIT
[0m18:53:23.566350 [debug] [MainThread]: Using postgres connection "master"
[0m18:53:23.566908 [debug] [MainThread]: On master: COMMIT
[0m18:53:23.568244 [debug] [MainThread]: SQL status: COMMIT in 0.001 seconds
[0m18:53:23.568959 [debug] [MainThread]: On master: Close
[0m18:53:23.573029 [debug] [Thread-1 (]: Began running node model.enpal_assessment_project.stg_activity
[0m18:53:23.574005 [info ] [Thread-1 (]: 1 of 1 START sql view model public_pipedrive_analytics.stg_activity ............ [RUN]
[0m18:53:23.574909 [debug] [Thread-1 (]: Re-using an available connection from the pool (formerly list_postgres_public_pipedrive_analytics, now model.enpal_assessment_project.stg_activity)
[0m18:53:23.575744 [debug] [Thread-1 (]: Began compiling node model.enpal_assessment_project.stg_activity
[0m18:53:23.599366 [debug] [Thread-1 (]: Writing injected SQL for node "model.enpal_assessment_project.stg_activity"
[0m18:53:23.601599 [debug] [Thread-1 (]: Began executing node model.enpal_assessment_project.stg_activity
[0m18:53:23.660394 [debug] [Thread-1 (]: Writing runtime sql for node "model.enpal_assessment_project.stg_activity"
[0m18:53:23.661989 [debug] [Thread-1 (]: Using postgres connection "model.enpal_assessment_project.stg_activity"
[0m18:53:23.662579 [debug] [Thread-1 (]: On model.enpal_assessment_project.stg_activity: BEGIN
[0m18:53:23.663040 [debug] [Thread-1 (]: Opening a new connection, currently in state closed
[0m18:53:23.682883 [debug] [Thread-1 (]: SQL status: BEGIN in 0.019 seconds
[0m18:53:23.683741 [debug] [Thread-1 (]: Using postgres connection "model.enpal_assessment_project.stg_activity"
[0m18:53:23.684476 [debug] [Thread-1 (]: On model.enpal_assessment_project.stg_activity: /* {"app": "dbt", "dbt_version": "1.10.13", "profile_name": "enpal_assessment_project", "target_name": "dev", "node_id": "model.enpal_assessment_project.stg_activity"} */

  create view "postgres"."public_pipedrive_analytics"."stg_activity__dbt_tmp"
    
    
  as (
    

-- Deduplicate on activity_id to keep the most recent record (if duplicates exist)
select distinct on (activity_id)
  activity_id::bigint       as activity_id,
  type                      as activity_type_key,
  assigned_to_user::bigint  as user_id,
  deal_id::bigint           as deal_id,
  done::boolean             as is_done,
  due_to::timestamp         as due_to
from "postgres"."public"."activity"
order by activity_id, due_to desc
  );
[0m18:53:23.694612 [debug] [Thread-1 (]: SQL status: CREATE VIEW in 0.010 seconds
[0m18:53:23.703152 [debug] [Thread-1 (]: Using postgres connection "model.enpal_assessment_project.stg_activity"
[0m18:53:23.703770 [debug] [Thread-1 (]: On model.enpal_assessment_project.stg_activity: /* {"app": "dbt", "dbt_version": "1.10.13", "profile_name": "enpal_assessment_project", "target_name": "dev", "node_id": "model.enpal_assessment_project.stg_activity"} */
alter table "postgres"."public_pipedrive_analytics"."stg_activity" rename to "stg_activity__dbt_backup"
[0m18:53:23.706088 [debug] [Thread-1 (]: SQL status: ALTER TABLE in 0.002 seconds
[0m18:53:23.710224 [debug] [Thread-1 (]: Using postgres connection "model.enpal_assessment_project.stg_activity"
[0m18:53:23.710781 [debug] [Thread-1 (]: On model.enpal_assessment_project.stg_activity: /* {"app": "dbt", "dbt_version": "1.10.13", "profile_name": "enpal_assessment_project", "target_name": "dev", "node_id": "model.enpal_assessment_project.stg_activity"} */
alter table "postgres"."public_pipedrive_analytics"."stg_activity__dbt_tmp" rename to "stg_activity"
[0m18:53:23.712170 [debug] [Thread-1 (]: SQL status: ALTER TABLE in 0.001 seconds
[0m18:53:23.740822 [debug] [Thread-1 (]: On model.enpal_assessment_project.stg_activity: COMMIT
[0m18:53:23.741444 [debug] [Thread-1 (]: Using postgres connection "model.enpal_assessment_project.stg_activity"
[0m18:53:23.741918 [debug] [Thread-1 (]: On model.enpal_assessment_project.stg_activity: COMMIT
[0m18:53:23.746460 [debug] [Thread-1 (]: SQL status: COMMIT in 0.004 seconds
[0m18:53:23.765441 [debug] [Thread-1 (]: Applying DROP to: "postgres"."public_pipedrive_analytics"."stg_activity__dbt_backup"
[0m18:53:23.772175 [debug] [Thread-1 (]: Using postgres connection "model.enpal_assessment_project.stg_activity"
[0m18:53:23.772881 [debug] [Thread-1 (]: On model.enpal_assessment_project.stg_activity: /* {"app": "dbt", "dbt_version": "1.10.13", "profile_name": "enpal_assessment_project", "target_name": "dev", "node_id": "model.enpal_assessment_project.stg_activity"} */
drop view if exists "postgres"."public_pipedrive_analytics"."stg_activity__dbt_backup" cascade
[0m18:53:23.777174 [debug] [Thread-1 (]: SQL status: DROP VIEW in 0.004 seconds
[0m18:53:23.780230 [debug] [Thread-1 (]: On model.enpal_assessment_project.stg_activity: Close
[0m18:53:23.783648 [debug] [Thread-1 (]: Sending event: {'category': 'dbt', 'action': 'run_model', 'label': '484bec50-ad73-428f-baaf-18d86436ff2d', 'context': [<snowplow_tracker.self_describing_json.SelfDescribingJson object at 0x7f9909554790>]}
[0m18:53:23.784592 [info ] [Thread-1 (]: 1 of 1 OK created sql view model public_pipedrive_analytics.stg_activity ....... [[32mCREATE VIEW[0m in 0.21s]
[0m18:53:23.785403 [debug] [Thread-1 (]: Finished running node model.enpal_assessment_project.stg_activity
[0m18:53:23.786801 [debug] [MainThread]: Using postgres connection "master"
[0m18:53:23.787256 [debug] [MainThread]: On master: BEGIN
[0m18:53:23.787636 [debug] [MainThread]: Opening a new connection, currently in state closed
[0m18:53:23.803432 [debug] [MainThread]: SQL status: BEGIN in 0.016 seconds
[0m18:53:23.804471 [debug] [MainThread]: On master: COMMIT
[0m18:53:23.805393 [debug] [MainThread]: Using postgres connection "master"
[0m18:53:23.805894 [debug] [MainThread]: On master: COMMIT
[0m18:53:23.806978 [debug] [MainThread]: SQL status: COMMIT in 0.001 seconds
[0m18:53:23.807475 [debug] [MainThread]: On master: Close
[0m18:53:23.808178 [debug] [MainThread]: Connection 'master' was properly closed.
[0m18:53:23.808667 [debug] [MainThread]: Connection 'model.enpal_assessment_project.stg_activity' was properly closed.
[0m18:53:23.809107 [info ] [MainThread]: 
[0m18:53:23.809834 [info ] [MainThread]: Finished running 1 view model in 0 hours 0 minutes and 0.62 seconds (0.62s).
[0m18:53:23.810988 [debug] [MainThread]: Command end result
[0m18:53:23.848790 [debug] [MainThread]: Wrote artifact WritableManifest to /Users/macbook/Desktop/ENPAL/Take-Home-Assessment/REPO/dbt_enpal_assessment/target/manifest.json
[0m18:53:23.851227 [debug] [MainThread]: Wrote artifact SemanticManifest to /Users/macbook/Desktop/ENPAL/Take-Home-Assessment/REPO/dbt_enpal_assessment/target/semantic_manifest.json
[0m18:53:23.859994 [debug] [MainThread]: Wrote artifact RunExecutionResult to /Users/macbook/Desktop/ENPAL/Take-Home-Assessment/REPO/dbt_enpal_assessment/target/run_results.json
[0m18:53:23.860463 [info ] [MainThread]: 
[0m18:53:23.861128 [info ] [MainThread]: [32mCompleted successfully[0m
[0m18:53:23.861641 [info ] [MainThread]: 
[0m18:53:23.862143 [info ] [MainThread]: Done. PASS=1 WARN=0 ERROR=0 SKIP=0 NO-OP=0 TOTAL=1
[0m18:53:23.863754 [debug] [MainThread]: Resource report: {"command_name": "run", "command_success": true, "command_wall_clock_time": 3.8053706, "process_in_blocks": "0", "process_kernel_time": 0.580549, "process_mem_max_rss": "127057920", "process_out_blocks": "0", "process_user_time": 4.504801}
[0m18:53:23.864368 [debug] [MainThread]: Command `dbt run` succeeded at 18:53:23.864248 after 3.81 seconds
[0m18:53:23.864998 [debug] [MainThread]: Sending event: {'category': 'dbt', 'action': 'invocation', 'label': 'end', 'context': [<snowplow_tracker.self_describing_json.SelfDescribingJson object at 0x7f990adb44c0>, <snowplow_tracker.self_describing_json.SelfDescribingJson object at 0x7f990ae78fa0>, <snowplow_tracker.self_describing_json.SelfDescribingJson object at 0x7f990c6874c0>]}
[0m18:53:23.865502 [debug] [MainThread]: Flushing usage events
[0m18:53:24.444158 [debug] [MainThread]: An error was encountered while trying to flush usage events
[0m18:53:26.950212 [debug] [MainThread]: Sending event: {'category': 'dbt', 'action': 'invocation', 'label': 'start', 'context': [<snowplow_tracker.self_describing_json.SelfDescribingJson object at 0x7fe5b2cd4520>, <snowplow_tracker.self_describing_json.SelfDescribingJson object at 0x7fe5b3f51bd0>, <snowplow_tracker.self_describing_json.SelfDescribingJson object at 0x7fe5b3f514e0>]}


============================== 18:53:26.955228 | 9599fc68-d8bc-49ab-8eb3-9e601476399a ==============================
[0m18:53:26.955228 [info ] [MainThread]: Running with dbt=1.10.13
[0m18:53:26.955964 [debug] [MainThread]: running dbt with arguments {'warn_error_options': 'WarnErrorOptionsV2(error=[], warn=[], silence=[])', 'no_print': 'None', 'empty': 'None', 'log_format': 'default', 'use_colors': 'True', 'cache_selected_only': 'False', 'printer_width': '80', 'write_json': 'True', 'static_parser': 'True', 'target_path': 'None', 'use_experimental_parser': 'False', 'debug': 'False', 'warn_error': 'None', 'introspect': 'True', 'invocation_command': 'dbt test --select staging', 'log_cache_events': 'False', 'version_check': 'True', 'send_anonymous_usage_stats': 'True', 'partial_parse': 'True', 'quiet': 'False', 'profiles_dir': '/Users/macbook/Desktop/Enpal/Take-Home-Assessment/REPO/dbt_enpal_assessment', 'fail_fast': 'False', 'log_path': '/Users/macbook/Desktop/ENPAL/Take-Home-Assessment/REPO/dbt_enpal_assessment/logs', 'indirect_selection': 'eager'}
[0m18:53:27.250036 [debug] [MainThread]: Sending event: {'category': 'dbt', 'action': 'project_id', 'label': '9599fc68-d8bc-49ab-8eb3-9e601476399a', 'context': [<snowplow_tracker.self_describing_json.SelfDescribingJson object at 0x7fe5b12ebfa0>]}
[0m18:53:27.333981 [debug] [MainThread]: Sending event: {'category': 'dbt', 'action': 'adapter_info', 'label': '9599fc68-d8bc-49ab-8eb3-9e601476399a', 'context': [<snowplow_tracker.self_describing_json.SelfDescribingJson object at 0x7fe5b3d88610>]}
[0m18:53:27.335013 [info ] [MainThread]: Registered adapter: postgres=1.9.1
[0m18:53:27.534211 [debug] [MainThread]: checksum: 9f0c81e2574b4ff463f3d16d080df83c6982fc0372c9feeacae0504ac9ea3ffe, vars: {}, profile: , target: , version: 1.10.13
[0m18:53:27.743287 [debug] [MainThread]: Partial parsing enabled: 0 files deleted, 0 files added, 0 files changed.
[0m18:53:27.743837 [debug] [MainThread]: Partial parsing enabled, no changes found, skipping parsing
[0m18:53:27.814186 [debug] [MainThread]: Sending event: {'category': 'dbt', 'action': 'load_project', 'label': '9599fc68-d8bc-49ab-8eb3-9e601476399a', 'context': [<snowplow_tracker.self_describing_json.SelfDescribingJson object at 0x7fe5b4ff4f10>]}
[0m18:53:28.021160 [debug] [MainThread]: Wrote artifact WritableManifest to /Users/macbook/Desktop/ENPAL/Take-Home-Assessment/REPO/dbt_enpal_assessment/target/manifest.json
[0m18:53:28.024818 [debug] [MainThread]: Wrote artifact SemanticManifest to /Users/macbook/Desktop/ENPAL/Take-Home-Assessment/REPO/dbt_enpal_assessment/target/semantic_manifest.json
[0m18:53:28.058775 [debug] [MainThread]: Sending event: {'category': 'dbt', 'action': 'resource_counts', 'label': '9599fc68-d8bc-49ab-8eb3-9e601476399a', 'context': [<snowplow_tracker.self_describing_json.SelfDescribingJson object at 0x7fe5b503e440>]}
[0m18:53:28.059836 [info ] [MainThread]: Found 9 models, 17 data tests, 6 sources, 447 macros
[0m18:53:28.060449 [debug] [MainThread]: Sending event: {'category': 'dbt', 'action': 'runnable_timing', 'label': '9599fc68-d8bc-49ab-8eb3-9e601476399a', 'context': [<snowplow_tracker.self_describing_json.SelfDescribingJson object at 0x7fe5b2e68280>]}
[0m18:53:28.063494 [info ] [MainThread]: 
[0m18:53:28.064185 [info ] [MainThread]: Concurrency: 1 threads (target='dev')
[0m18:53:28.064779 [info ] [MainThread]: 
[0m18:53:28.065528 [debug] [MainThread]: Acquiring new postgres connection 'master'
[0m18:53:28.071327 [debug] [ThreadPool]: Acquiring new postgres connection 'list_postgres_public_pipedrive_analytics'
[0m18:53:28.141804 [debug] [ThreadPool]: Using postgres connection "list_postgres_public_pipedrive_analytics"
[0m18:53:28.142360 [debug] [ThreadPool]: On list_postgres_public_pipedrive_analytics: BEGIN
[0m18:53:28.142746 [debug] [ThreadPool]: Opening a new connection, currently in state init
[0m18:53:28.172218 [debug] [ThreadPool]: SQL status: BEGIN in 0.029 seconds
[0m18:53:28.173803 [debug] [ThreadPool]: Using postgres connection "list_postgres_public_pipedrive_analytics"
[0m18:53:28.174537 [debug] [ThreadPool]: On list_postgres_public_pipedrive_analytics: /* {"app": "dbt", "dbt_version": "1.10.13", "profile_name": "enpal_assessment_project", "target_name": "dev", "connection_name": "list_postgres_public_pipedrive_analytics"} */
select
      'postgres' as database,
      tablename as name,
      schemaname as schema,
      'table' as type
    from pg_tables
    where schemaname ilike 'public_pipedrive_analytics'
    union all
    select
      'postgres' as database,
      viewname as name,
      schemaname as schema,
      'view' as type
    from pg_views
    where schemaname ilike 'public_pipedrive_analytics'
    union all
    select
      'postgres' as database,
      matviewname as name,
      schemaname as schema,
      'materialized_view' as type
    from pg_matviews
    where schemaname ilike 'public_pipedrive_analytics'
  
[0m18:53:28.178412 [debug] [ThreadPool]: SQL status: SELECT 9 in 0.003 seconds
[0m18:53:28.180694 [debug] [ThreadPool]: On list_postgres_public_pipedrive_analytics: ROLLBACK
[0m18:53:28.183393 [debug] [ThreadPool]: On list_postgres_public_pipedrive_analytics: Close
[0m18:53:28.195524 [debug] [MainThread]: Using postgres connection "master"
[0m18:53:28.196167 [debug] [MainThread]: On master: BEGIN
[0m18:53:28.196646 [debug] [MainThread]: Opening a new connection, currently in state init
[0m18:53:28.222916 [debug] [MainThread]: SQL status: BEGIN in 0.026 seconds
[0m18:53:28.224695 [debug] [MainThread]: Using postgres connection "master"
[0m18:53:28.225279 [debug] [MainThread]: On master: /* {"app": "dbt", "dbt_version": "1.10.13", "profile_name": "enpal_assessment_project", "target_name": "dev", "connection_name": "master"} */
select distinct
        dependent_namespace.nspname as dependent_schema,
        dependent_class.relname as dependent_name,
        referenced_namespace.nspname as referenced_schema,
        referenced_class.relname as referenced_name

    -- Query for views: views are entries in pg_class with an entry in pg_rewrite, but we avoid
    -- a seq scan on pg_rewrite by leveraging the fact there is an "internal" row in pg_depend for
    -- the view...
    from pg_class as dependent_class
    join pg_namespace as dependent_namespace on dependent_namespace.oid = dependent_class.relnamespace
    join pg_depend as dependent_depend on dependent_depend.refobjid = dependent_class.oid
        and dependent_depend.classid = 'pg_rewrite'::regclass
        and dependent_depend.refclassid = 'pg_class'::regclass
        and dependent_depend.deptype = 'i'

    -- ... and via pg_depend (that has a row per column, hence the need for "distinct" above, and
    -- making sure to exclude the internal row to avoid a view appearing to depend on itself)...
    join pg_depend as joining_depend on joining_depend.objid = dependent_depend.objid
        and joining_depend.classid = 'pg_rewrite'::regclass
        and joining_depend.refclassid = 'pg_class'::regclass
        and joining_depend.refobjid != dependent_depend.refobjid

    -- ... we can find the tables they query from in pg_class, but excluding system tables. Note we
    -- don't need need to exclude _dependent_ system tables, because they only query from other
    -- system tables, and so are automatically excluded by excluding _referenced_ system tables
    join pg_class as referenced_class on referenced_class.oid = joining_depend.refobjid
    join pg_namespace as referenced_namespace on referenced_namespace.oid = referenced_class.relnamespace
        and referenced_namespace.nspname != 'information_schema'
        and referenced_namespace.nspname not like 'pg\_%'

    order by
        dependent_schema, dependent_name, referenced_schema, referenced_name;
[0m18:53:28.229546 [debug] [MainThread]: SQL status: SELECT 8 in 0.004 seconds
[0m18:53:28.231828 [debug] [MainThread]: Sending event: {'category': 'dbt', 'action': 'runnable_timing', 'label': '9599fc68-d8bc-49ab-8eb3-9e601476399a', 'context': [<snowplow_tracker.self_describing_json.SelfDescribingJson object at 0x7fe5b2f459c0>]}
[0m18:53:28.232426 [debug] [MainThread]: On master: ROLLBACK
[0m18:53:28.233497 [debug] [MainThread]: Using postgres connection "master"
[0m18:53:28.233956 [debug] [MainThread]: On master: BEGIN
[0m18:53:28.235835 [debug] [MainThread]: SQL status: BEGIN in 0.001 seconds
[0m18:53:28.236741 [debug] [MainThread]: On master: COMMIT
[0m18:53:28.237504 [debug] [MainThread]: Using postgres connection "master"
[0m18:53:28.237901 [debug] [MainThread]: On master: COMMIT
[0m18:53:28.239093 [debug] [MainThread]: SQL status: COMMIT in 0.001 seconds
[0m18:53:28.239595 [debug] [MainThread]: On master: Close
[0m18:53:28.242532 [debug] [Thread-1 (]: Began running node test.enpal_assessment_project.not_null_stg_activity_activity_id.a68836e3e5
[0m18:53:28.243211 [info ] [Thread-1 (]: 1 of 17 START test not_null_stg_activity_activity_id ........................... [RUN]
[0m18:53:28.243882 [debug] [Thread-1 (]: Re-using an available connection from the pool (formerly list_postgres_public_pipedrive_analytics, now test.enpal_assessment_project.not_null_stg_activity_activity_id.a68836e3e5)
[0m18:53:28.244377 [debug] [Thread-1 (]: Began compiling node test.enpal_assessment_project.not_null_stg_activity_activity_id.a68836e3e5
[0m18:53:28.264856 [debug] [Thread-1 (]: Writing injected SQL for node "test.enpal_assessment_project.not_null_stg_activity_activity_id.a68836e3e5"
[0m18:53:28.265893 [debug] [Thread-1 (]: Began executing node test.enpal_assessment_project.not_null_stg_activity_activity_id.a68836e3e5
[0m18:53:28.287873 [debug] [Thread-1 (]: Writing runtime sql for node "test.enpal_assessment_project.not_null_stg_activity_activity_id.a68836e3e5"
[0m18:53:28.288986 [debug] [Thread-1 (]: Using postgres connection "test.enpal_assessment_project.not_null_stg_activity_activity_id.a68836e3e5"
[0m18:53:28.289479 [debug] [Thread-1 (]: On test.enpal_assessment_project.not_null_stg_activity_activity_id.a68836e3e5: BEGIN
[0m18:53:28.289926 [debug] [Thread-1 (]: Opening a new connection, currently in state closed
[0m18:53:28.306660 [debug] [Thread-1 (]: SQL status: BEGIN in 0.016 seconds
[0m18:53:28.307897 [debug] [Thread-1 (]: Using postgres connection "test.enpal_assessment_project.not_null_stg_activity_activity_id.a68836e3e5"
[0m18:53:28.308708 [debug] [Thread-1 (]: On test.enpal_assessment_project.not_null_stg_activity_activity_id.a68836e3e5: /* {"app": "dbt", "dbt_version": "1.10.13", "profile_name": "enpal_assessment_project", "target_name": "dev", "node_id": "test.enpal_assessment_project.not_null_stg_activity_activity_id.a68836e3e5"} */

    select
      count(*) as failures,
      count(*) != 0 as should_warn,
      count(*) != 0 as should_error
    from (
      
    
  
    
    



select activity_id
from "postgres"."public_pipedrive_analytics"."stg_activity"
where activity_id is null



  
  
      
    ) dbt_internal_test
[0m18:53:28.311147 [debug] [Thread-1 (]: SQL status: SELECT 1 in 0.002 seconds
[0m18:53:28.316420 [debug] [Thread-1 (]: On test.enpal_assessment_project.not_null_stg_activity_activity_id.a68836e3e5: ROLLBACK
[0m18:53:28.317621 [debug] [Thread-1 (]: On test.enpal_assessment_project.not_null_stg_activity_activity_id.a68836e3e5: Close
[0m18:53:28.318508 [info ] [Thread-1 (]: 1 of 17 PASS not_null_stg_activity_activity_id ................................. [[32mPASS[0m in 0.07s]
[0m18:53:28.319370 [debug] [Thread-1 (]: Finished running node test.enpal_assessment_project.not_null_stg_activity_activity_id.a68836e3e5
[0m18:53:28.319971 [debug] [Thread-1 (]: Began running node test.enpal_assessment_project.not_null_stg_activity_deal_id.f78c16f252
[0m18:53:28.320879 [info ] [Thread-1 (]: 2 of 17 START test not_null_stg_activity_deal_id ............................... [RUN]
[0m18:53:28.321520 [debug] [Thread-1 (]: Re-using an available connection from the pool (formerly test.enpal_assessment_project.not_null_stg_activity_activity_id.a68836e3e5, now test.enpal_assessment_project.not_null_stg_activity_deal_id.f78c16f252)
[0m18:53:28.322010 [debug] [Thread-1 (]: Began compiling node test.enpal_assessment_project.not_null_stg_activity_deal_id.f78c16f252
[0m18:53:28.326795 [debug] [Thread-1 (]: Writing injected SQL for node "test.enpal_assessment_project.not_null_stg_activity_deal_id.f78c16f252"
[0m18:53:28.327712 [debug] [Thread-1 (]: Began executing node test.enpal_assessment_project.not_null_stg_activity_deal_id.f78c16f252
[0m18:53:28.330884 [debug] [Thread-1 (]: Writing runtime sql for node "test.enpal_assessment_project.not_null_stg_activity_deal_id.f78c16f252"
[0m18:53:28.331801 [debug] [Thread-1 (]: Using postgres connection "test.enpal_assessment_project.not_null_stg_activity_deal_id.f78c16f252"
[0m18:53:28.332280 [debug] [Thread-1 (]: On test.enpal_assessment_project.not_null_stg_activity_deal_id.f78c16f252: BEGIN
[0m18:53:28.332717 [debug] [Thread-1 (]: Opening a new connection, currently in state closed
[0m18:53:28.351140 [debug] [Thread-1 (]: SQL status: BEGIN in 0.018 seconds
[0m18:53:28.355114 [debug] [Thread-1 (]: Using postgres connection "test.enpal_assessment_project.not_null_stg_activity_deal_id.f78c16f252"
[0m18:53:28.356075 [debug] [Thread-1 (]: On test.enpal_assessment_project.not_null_stg_activity_deal_id.f78c16f252: /* {"app": "dbt", "dbt_version": "1.10.13", "profile_name": "enpal_assessment_project", "target_name": "dev", "node_id": "test.enpal_assessment_project.not_null_stg_activity_deal_id.f78c16f252"} */

    select
      count(*) as failures,
      count(*) != 0 as should_warn,
      count(*) != 0 as should_error
    from (
      
    
  
    
    



select deal_id
from "postgres"."public_pipedrive_analytics"."stg_activity"
where deal_id is null



  
  
      
    ) dbt_internal_test
[0m18:53:28.373650 [debug] [Thread-1 (]: SQL status: SELECT 1 in 0.016 seconds
[0m18:53:28.375419 [debug] [Thread-1 (]: On test.enpal_assessment_project.not_null_stg_activity_deal_id.f78c16f252: ROLLBACK
[0m18:53:28.376570 [debug] [Thread-1 (]: On test.enpal_assessment_project.not_null_stg_activity_deal_id.f78c16f252: Close
[0m18:53:28.377550 [info ] [Thread-1 (]: 2 of 17 PASS not_null_stg_activity_deal_id ..................................... [[32mPASS[0m in 0.06s]
[0m18:53:28.378366 [debug] [Thread-1 (]: Finished running node test.enpal_assessment_project.not_null_stg_activity_deal_id.f78c16f252
[0m18:53:28.378916 [debug] [Thread-1 (]: Began running node test.enpal_assessment_project.not_null_stg_activity_types_activity_type_id.10b3776169
[0m18:53:28.379746 [info ] [Thread-1 (]: 3 of 17 START test not_null_stg_activity_types_activity_type_id ................ [RUN]
[0m18:53:28.380636 [debug] [Thread-1 (]: Re-using an available connection from the pool (formerly test.enpal_assessment_project.not_null_stg_activity_deal_id.f78c16f252, now test.enpal_assessment_project.not_null_stg_activity_types_activity_type_id.10b3776169)
[0m18:53:28.381743 [debug] [Thread-1 (]: Began compiling node test.enpal_assessment_project.not_null_stg_activity_types_activity_type_id.10b3776169
[0m18:53:28.388644 [debug] [Thread-1 (]: Writing injected SQL for node "test.enpal_assessment_project.not_null_stg_activity_types_activity_type_id.10b3776169"
[0m18:53:28.389543 [debug] [Thread-1 (]: Began executing node test.enpal_assessment_project.not_null_stg_activity_types_activity_type_id.10b3776169
[0m18:53:28.392762 [debug] [Thread-1 (]: Writing runtime sql for node "test.enpal_assessment_project.not_null_stg_activity_types_activity_type_id.10b3776169"
[0m18:53:28.393773 [debug] [Thread-1 (]: Using postgres connection "test.enpal_assessment_project.not_null_stg_activity_types_activity_type_id.10b3776169"
[0m18:53:28.394405 [debug] [Thread-1 (]: On test.enpal_assessment_project.not_null_stg_activity_types_activity_type_id.10b3776169: BEGIN
[0m18:53:28.394893 [debug] [Thread-1 (]: Opening a new connection, currently in state closed
[0m18:53:28.410744 [debug] [Thread-1 (]: SQL status: BEGIN in 0.016 seconds
[0m18:53:28.412299 [debug] [Thread-1 (]: Using postgres connection "test.enpal_assessment_project.not_null_stg_activity_types_activity_type_id.10b3776169"
[0m18:53:28.413124 [debug] [Thread-1 (]: On test.enpal_assessment_project.not_null_stg_activity_types_activity_type_id.10b3776169: /* {"app": "dbt", "dbt_version": "1.10.13", "profile_name": "enpal_assessment_project", "target_name": "dev", "node_id": "test.enpal_assessment_project.not_null_stg_activity_types_activity_type_id.10b3776169"} */

    select
      count(*) as failures,
      count(*) != 0 as should_warn,
      count(*) != 0 as should_error
    from (
      
    
  
    
    



select activity_type_id
from "postgres"."public_pipedrive_analytics"."stg_activity_types"
where activity_type_id is null



  
  
      
    ) dbt_internal_test
[0m18:53:28.416194 [debug] [Thread-1 (]: SQL status: SELECT 1 in 0.002 seconds
[0m18:53:28.419195 [debug] [Thread-1 (]: On test.enpal_assessment_project.not_null_stg_activity_types_activity_type_id.10b3776169: ROLLBACK
[0m18:53:28.420411 [debug] [Thread-1 (]: On test.enpal_assessment_project.not_null_stg_activity_types_activity_type_id.10b3776169: Close
[0m18:53:28.421339 [info ] [Thread-1 (]: 3 of 17 PASS not_null_stg_activity_types_activity_type_id ...................... [[32mPASS[0m in 0.04s]
[0m18:53:28.422434 [debug] [Thread-1 (]: Finished running node test.enpal_assessment_project.not_null_stg_activity_types_activity_type_id.10b3776169
[0m18:53:28.423027 [debug] [Thread-1 (]: Began running node test.enpal_assessment_project.not_null_stg_activity_types_activity_type_name.1c8fca70c5
[0m18:53:28.423933 [info ] [Thread-1 (]: 4 of 17 START test not_null_stg_activity_types_activity_type_name .............. [RUN]
[0m18:53:28.424610 [debug] [Thread-1 (]: Re-using an available connection from the pool (formerly test.enpal_assessment_project.not_null_stg_activity_types_activity_type_id.10b3776169, now test.enpal_assessment_project.not_null_stg_activity_types_activity_type_name.1c8fca70c5)
[0m18:53:28.425120 [debug] [Thread-1 (]: Began compiling node test.enpal_assessment_project.not_null_stg_activity_types_activity_type_name.1c8fca70c5
[0m18:53:28.431327 [debug] [Thread-1 (]: Writing injected SQL for node "test.enpal_assessment_project.not_null_stg_activity_types_activity_type_name.1c8fca70c5"
[0m18:53:28.433075 [debug] [Thread-1 (]: Began executing node test.enpal_assessment_project.not_null_stg_activity_types_activity_type_name.1c8fca70c5
[0m18:53:28.437891 [debug] [Thread-1 (]: Writing runtime sql for node "test.enpal_assessment_project.not_null_stg_activity_types_activity_type_name.1c8fca70c5"
[0m18:53:28.439023 [debug] [Thread-1 (]: Using postgres connection "test.enpal_assessment_project.not_null_stg_activity_types_activity_type_name.1c8fca70c5"
[0m18:53:28.439507 [debug] [Thread-1 (]: On test.enpal_assessment_project.not_null_stg_activity_types_activity_type_name.1c8fca70c5: BEGIN
[0m18:53:28.439938 [debug] [Thread-1 (]: Opening a new connection, currently in state closed
[0m18:53:28.457031 [debug] [Thread-1 (]: SQL status: BEGIN in 0.017 seconds
[0m18:53:28.458600 [debug] [Thread-1 (]: Using postgres connection "test.enpal_assessment_project.not_null_stg_activity_types_activity_type_name.1c8fca70c5"
[0m18:53:28.460063 [debug] [Thread-1 (]: On test.enpal_assessment_project.not_null_stg_activity_types_activity_type_name.1c8fca70c5: /* {"app": "dbt", "dbt_version": "1.10.13", "profile_name": "enpal_assessment_project", "target_name": "dev", "node_id": "test.enpal_assessment_project.not_null_stg_activity_types_activity_type_name.1c8fca70c5"} */

    select
      count(*) as failures,
      count(*) != 0 as should_warn,
      count(*) != 0 as should_error
    from (
      
    
  
    
    



select activity_type_name
from "postgres"."public_pipedrive_analytics"."stg_activity_types"
where activity_type_name is null



  
  
      
    ) dbt_internal_test
[0m18:53:28.462469 [debug] [Thread-1 (]: SQL status: SELECT 1 in 0.002 seconds
[0m18:53:28.464409 [debug] [Thread-1 (]: On test.enpal_assessment_project.not_null_stg_activity_types_activity_type_name.1c8fca70c5: ROLLBACK
[0m18:53:28.465622 [debug] [Thread-1 (]: On test.enpal_assessment_project.not_null_stg_activity_types_activity_type_name.1c8fca70c5: Close
[0m18:53:28.466560 [info ] [Thread-1 (]: 4 of 17 PASS not_null_stg_activity_types_activity_type_name .................... [[32mPASS[0m in 0.04s]
[0m18:53:28.467778 [debug] [Thread-1 (]: Finished running node test.enpal_assessment_project.not_null_stg_activity_types_activity_type_name.1c8fca70c5
[0m18:53:28.468523 [debug] [Thread-1 (]: Began running node test.enpal_assessment_project.not_null_stg_deal_changes_change_time.d739b89f9d
[0m18:53:28.469244 [info ] [Thread-1 (]: 5 of 17 START test not_null_stg_deal_changes_change_time ....................... [RUN]
[0m18:53:28.469919 [debug] [Thread-1 (]: Re-using an available connection from the pool (formerly test.enpal_assessment_project.not_null_stg_activity_types_activity_type_name.1c8fca70c5, now test.enpal_assessment_project.not_null_stg_deal_changes_change_time.d739b89f9d)
[0m18:53:28.470414 [debug] [Thread-1 (]: Began compiling node test.enpal_assessment_project.not_null_stg_deal_changes_change_time.d739b89f9d
[0m18:53:28.478388 [debug] [Thread-1 (]: Writing injected SQL for node "test.enpal_assessment_project.not_null_stg_deal_changes_change_time.d739b89f9d"
[0m18:53:28.479403 [debug] [Thread-1 (]: Began executing node test.enpal_assessment_project.not_null_stg_deal_changes_change_time.d739b89f9d
[0m18:53:28.482902 [debug] [Thread-1 (]: Writing runtime sql for node "test.enpal_assessment_project.not_null_stg_deal_changes_change_time.d739b89f9d"
[0m18:53:28.484043 [debug] [Thread-1 (]: Using postgres connection "test.enpal_assessment_project.not_null_stg_deal_changes_change_time.d739b89f9d"
[0m18:53:28.484644 [debug] [Thread-1 (]: On test.enpal_assessment_project.not_null_stg_deal_changes_change_time.d739b89f9d: BEGIN
[0m18:53:28.485228 [debug] [Thread-1 (]: Opening a new connection, currently in state closed
[0m18:53:28.502214 [debug] [Thread-1 (]: SQL status: BEGIN in 0.017 seconds
[0m18:53:28.503514 [debug] [Thread-1 (]: Using postgres connection "test.enpal_assessment_project.not_null_stg_deal_changes_change_time.d739b89f9d"
[0m18:53:28.504105 [debug] [Thread-1 (]: On test.enpal_assessment_project.not_null_stg_deal_changes_change_time.d739b89f9d: /* {"app": "dbt", "dbt_version": "1.10.13", "profile_name": "enpal_assessment_project", "target_name": "dev", "node_id": "test.enpal_assessment_project.not_null_stg_deal_changes_change_time.d739b89f9d"} */

    select
      count(*) as failures,
      count(*) != 0 as should_warn,
      count(*) != 0 as should_error
    from (
      
    
  
    
    



select change_time
from "postgres"."public_pipedrive_analytics"."stg_deal_changes"
where change_time is null



  
  
      
    ) dbt_internal_test
[0m18:53:28.506865 [debug] [Thread-1 (]: SQL status: SELECT 1 in 0.002 seconds
[0m18:53:28.508947 [debug] [Thread-1 (]: On test.enpal_assessment_project.not_null_stg_deal_changes_change_time.d739b89f9d: ROLLBACK
[0m18:53:28.510794 [debug] [Thread-1 (]: On test.enpal_assessment_project.not_null_stg_deal_changes_change_time.d739b89f9d: Close
[0m18:53:28.512330 [info ] [Thread-1 (]: 5 of 17 PASS not_null_stg_deal_changes_change_time ............................. [[32mPASS[0m in 0.04s]
[0m18:53:28.513510 [debug] [Thread-1 (]: Finished running node test.enpal_assessment_project.not_null_stg_deal_changes_change_time.d739b89f9d
[0m18:53:28.514128 [debug] [Thread-1 (]: Began running node test.enpal_assessment_project.not_null_stg_deal_changes_changed_field_key.bd8a8a5b1f
[0m18:53:28.515294 [info ] [Thread-1 (]: 6 of 17 START test not_null_stg_deal_changes_changed_field_key ................. [RUN]
[0m18:53:28.516569 [debug] [Thread-1 (]: Re-using an available connection from the pool (formerly test.enpal_assessment_project.not_null_stg_deal_changes_change_time.d739b89f9d, now test.enpal_assessment_project.not_null_stg_deal_changes_changed_field_key.bd8a8a5b1f)
[0m18:53:28.517167 [debug] [Thread-1 (]: Began compiling node test.enpal_assessment_project.not_null_stg_deal_changes_changed_field_key.bd8a8a5b1f
[0m18:53:28.522652 [debug] [Thread-1 (]: Writing injected SQL for node "test.enpal_assessment_project.not_null_stg_deal_changes_changed_field_key.bd8a8a5b1f"
[0m18:53:28.523645 [debug] [Thread-1 (]: Began executing node test.enpal_assessment_project.not_null_stg_deal_changes_changed_field_key.bd8a8a5b1f
[0m18:53:28.528013 [debug] [Thread-1 (]: Writing runtime sql for node "test.enpal_assessment_project.not_null_stg_deal_changes_changed_field_key.bd8a8a5b1f"
[0m18:53:28.528945 [debug] [Thread-1 (]: Using postgres connection "test.enpal_assessment_project.not_null_stg_deal_changes_changed_field_key.bd8a8a5b1f"
[0m18:53:28.529416 [debug] [Thread-1 (]: On test.enpal_assessment_project.not_null_stg_deal_changes_changed_field_key.bd8a8a5b1f: BEGIN
[0m18:53:28.529952 [debug] [Thread-1 (]: Opening a new connection, currently in state closed
[0m18:53:28.546149 [debug] [Thread-1 (]: SQL status: BEGIN in 0.016 seconds
[0m18:53:28.547635 [debug] [Thread-1 (]: Using postgres connection "test.enpal_assessment_project.not_null_stg_deal_changes_changed_field_key.bd8a8a5b1f"
[0m18:53:28.548362 [debug] [Thread-1 (]: On test.enpal_assessment_project.not_null_stg_deal_changes_changed_field_key.bd8a8a5b1f: /* {"app": "dbt", "dbt_version": "1.10.13", "profile_name": "enpal_assessment_project", "target_name": "dev", "node_id": "test.enpal_assessment_project.not_null_stg_deal_changes_changed_field_key.bd8a8a5b1f"} */

    select
      count(*) as failures,
      count(*) != 0 as should_warn,
      count(*) != 0 as should_error
    from (
      
    
  
    
    



select changed_field_key
from "postgres"."public_pipedrive_analytics"."stg_deal_changes"
where changed_field_key is null



  
  
      
    ) dbt_internal_test
[0m18:53:28.550670 [debug] [Thread-1 (]: SQL status: SELECT 1 in 0.002 seconds
[0m18:53:28.552481 [debug] [Thread-1 (]: On test.enpal_assessment_project.not_null_stg_deal_changes_changed_field_key.bd8a8a5b1f: ROLLBACK
[0m18:53:28.553683 [debug] [Thread-1 (]: On test.enpal_assessment_project.not_null_stg_deal_changes_changed_field_key.bd8a8a5b1f: Close
[0m18:53:28.554572 [info ] [Thread-1 (]: 6 of 17 PASS not_null_stg_deal_changes_changed_field_key ....................... [[32mPASS[0m in 0.04s]
[0m18:53:28.555386 [debug] [Thread-1 (]: Finished running node test.enpal_assessment_project.not_null_stg_deal_changes_changed_field_key.bd8a8a5b1f
[0m18:53:28.556021 [debug] [Thread-1 (]: Began running node test.enpal_assessment_project.not_null_stg_deal_changes_deal_id.32d7e9b75e
[0m18:53:28.556874 [info ] [Thread-1 (]: 7 of 17 START test not_null_stg_deal_changes_deal_id ........................... [RUN]
[0m18:53:28.557557 [debug] [Thread-1 (]: Re-using an available connection from the pool (formerly test.enpal_assessment_project.not_null_stg_deal_changes_changed_field_key.bd8a8a5b1f, now test.enpal_assessment_project.not_null_stg_deal_changes_deal_id.32d7e9b75e)
[0m18:53:28.558060 [debug] [Thread-1 (]: Began compiling node test.enpal_assessment_project.not_null_stg_deal_changes_deal_id.32d7e9b75e
[0m18:53:28.565386 [debug] [Thread-1 (]: Writing injected SQL for node "test.enpal_assessment_project.not_null_stg_deal_changes_deal_id.32d7e9b75e"
[0m18:53:28.568248 [debug] [Thread-1 (]: Began executing node test.enpal_assessment_project.not_null_stg_deal_changes_deal_id.32d7e9b75e
[0m18:53:28.575737 [debug] [Thread-1 (]: Writing runtime sql for node "test.enpal_assessment_project.not_null_stg_deal_changes_deal_id.32d7e9b75e"
[0m18:53:28.576759 [debug] [Thread-1 (]: Using postgres connection "test.enpal_assessment_project.not_null_stg_deal_changes_deal_id.32d7e9b75e"
[0m18:53:28.577264 [debug] [Thread-1 (]: On test.enpal_assessment_project.not_null_stg_deal_changes_deal_id.32d7e9b75e: BEGIN
[0m18:53:28.578131 [debug] [Thread-1 (]: Opening a new connection, currently in state closed
[0m18:53:28.611249 [debug] [Thread-1 (]: SQL status: BEGIN in 0.033 seconds
[0m18:53:28.612572 [debug] [Thread-1 (]: Using postgres connection "test.enpal_assessment_project.not_null_stg_deal_changes_deal_id.32d7e9b75e"
[0m18:53:28.613203 [debug] [Thread-1 (]: On test.enpal_assessment_project.not_null_stg_deal_changes_deal_id.32d7e9b75e: /* {"app": "dbt", "dbt_version": "1.10.13", "profile_name": "enpal_assessment_project", "target_name": "dev", "node_id": "test.enpal_assessment_project.not_null_stg_deal_changes_deal_id.32d7e9b75e"} */

    select
      count(*) as failures,
      count(*) != 0 as should_warn,
      count(*) != 0 as should_error
    from (
      
    
  
    
    



select deal_id
from "postgres"."public_pipedrive_analytics"."stg_deal_changes"
where deal_id is null



  
  
      
    ) dbt_internal_test
[0m18:53:28.616292 [debug] [Thread-1 (]: SQL status: SELECT 1 in 0.003 seconds
[0m18:53:28.618037 [debug] [Thread-1 (]: On test.enpal_assessment_project.not_null_stg_deal_changes_deal_id.32d7e9b75e: ROLLBACK
[0m18:53:28.619195 [debug] [Thread-1 (]: On test.enpal_assessment_project.not_null_stg_deal_changes_deal_id.32d7e9b75e: Close
[0m18:53:28.620130 [info ] [Thread-1 (]: 7 of 17 PASS not_null_stg_deal_changes_deal_id ................................. [[32mPASS[0m in 0.06s]
[0m18:53:28.621103 [debug] [Thread-1 (]: Finished running node test.enpal_assessment_project.not_null_stg_deal_changes_deal_id.32d7e9b75e
[0m18:53:28.621673 [debug] [Thread-1 (]: Began running node test.enpal_assessment_project.not_null_stg_fields_field_key.f981d3affe
[0m18:53:28.622454 [info ] [Thread-1 (]: 8 of 17 START test not_null_stg_fields_field_key ............................... [RUN]
[0m18:53:28.623147 [debug] [Thread-1 (]: Re-using an available connection from the pool (formerly test.enpal_assessment_project.not_null_stg_deal_changes_deal_id.32d7e9b75e, now test.enpal_assessment_project.not_null_stg_fields_field_key.f981d3affe)
[0m18:53:28.623638 [debug] [Thread-1 (]: Began compiling node test.enpal_assessment_project.not_null_stg_fields_field_key.f981d3affe
[0m18:53:28.628365 [debug] [Thread-1 (]: Writing injected SQL for node "test.enpal_assessment_project.not_null_stg_fields_field_key.f981d3affe"
[0m18:53:28.629394 [debug] [Thread-1 (]: Began executing node test.enpal_assessment_project.not_null_stg_fields_field_key.f981d3affe
[0m18:53:28.632578 [debug] [Thread-1 (]: Writing runtime sql for node "test.enpal_assessment_project.not_null_stg_fields_field_key.f981d3affe"
[0m18:53:28.633527 [debug] [Thread-1 (]: Using postgres connection "test.enpal_assessment_project.not_null_stg_fields_field_key.f981d3affe"
[0m18:53:28.634015 [debug] [Thread-1 (]: On test.enpal_assessment_project.not_null_stg_fields_field_key.f981d3affe: BEGIN
[0m18:53:28.634458 [debug] [Thread-1 (]: Opening a new connection, currently in state closed
[0m18:53:28.653093 [debug] [Thread-1 (]: SQL status: BEGIN in 0.018 seconds
[0m18:53:28.654789 [debug] [Thread-1 (]: Using postgres connection "test.enpal_assessment_project.not_null_stg_fields_field_key.f981d3affe"
[0m18:53:28.657163 [debug] [Thread-1 (]: On test.enpal_assessment_project.not_null_stg_fields_field_key.f981d3affe: /* {"app": "dbt", "dbt_version": "1.10.13", "profile_name": "enpal_assessment_project", "target_name": "dev", "node_id": "test.enpal_assessment_project.not_null_stg_fields_field_key.f981d3affe"} */

    select
      count(*) as failures,
      count(*) != 0 as should_warn,
      count(*) != 0 as should_error
    from (
      
    
  
    
    



select field_key
from "postgres"."public_pipedrive_analytics"."stg_fields"
where field_key is null



  
  
      
    ) dbt_internal_test
[0m18:53:28.660234 [debug] [Thread-1 (]: SQL status: SELECT 1 in 0.002 seconds
[0m18:53:28.662776 [debug] [Thread-1 (]: On test.enpal_assessment_project.not_null_stg_fields_field_key.f981d3affe: ROLLBACK
[0m18:53:28.664230 [debug] [Thread-1 (]: On test.enpal_assessment_project.not_null_stg_fields_field_key.f981d3affe: Close
[0m18:53:28.665855 [info ] [Thread-1 (]: 8 of 17 PASS not_null_stg_fields_field_key ..................................... [[32mPASS[0m in 0.04s]
[0m18:53:28.666975 [debug] [Thread-1 (]: Finished running node test.enpal_assessment_project.not_null_stg_fields_field_key.f981d3affe
[0m18:53:28.667665 [debug] [Thread-1 (]: Began running node test.enpal_assessment_project.not_null_stg_fields_field_name.0230fcaacd
[0m18:53:28.668725 [info ] [Thread-1 (]: 9 of 17 START test not_null_stg_fields_field_name .............................. [RUN]
[0m18:53:28.669423 [debug] [Thread-1 (]: Re-using an available connection from the pool (formerly test.enpal_assessment_project.not_null_stg_fields_field_key.f981d3affe, now test.enpal_assessment_project.not_null_stg_fields_field_name.0230fcaacd)
[0m18:53:28.670106 [debug] [Thread-1 (]: Began compiling node test.enpal_assessment_project.not_null_stg_fields_field_name.0230fcaacd
[0m18:53:28.677548 [debug] [Thread-1 (]: Writing injected SQL for node "test.enpal_assessment_project.not_null_stg_fields_field_name.0230fcaacd"
[0m18:53:28.678984 [debug] [Thread-1 (]: Began executing node test.enpal_assessment_project.not_null_stg_fields_field_name.0230fcaacd
[0m18:53:28.684861 [debug] [Thread-1 (]: Writing runtime sql for node "test.enpal_assessment_project.not_null_stg_fields_field_name.0230fcaacd"
[0m18:53:28.685961 [debug] [Thread-1 (]: Using postgres connection "test.enpal_assessment_project.not_null_stg_fields_field_name.0230fcaacd"
[0m18:53:28.686469 [debug] [Thread-1 (]: On test.enpal_assessment_project.not_null_stg_fields_field_name.0230fcaacd: BEGIN
[0m18:53:28.686906 [debug] [Thread-1 (]: Opening a new connection, currently in state closed
[0m18:53:28.704693 [debug] [Thread-1 (]: SQL status: BEGIN in 0.018 seconds
[0m18:53:28.706202 [debug] [Thread-1 (]: Using postgres connection "test.enpal_assessment_project.not_null_stg_fields_field_name.0230fcaacd"
[0m18:53:28.707717 [debug] [Thread-1 (]: On test.enpal_assessment_project.not_null_stg_fields_field_name.0230fcaacd: /* {"app": "dbt", "dbt_version": "1.10.13", "profile_name": "enpal_assessment_project", "target_name": "dev", "node_id": "test.enpal_assessment_project.not_null_stg_fields_field_name.0230fcaacd"} */

    select
      count(*) as failures,
      count(*) != 0 as should_warn,
      count(*) != 0 as should_error
    from (
      
    
  
    
    



select field_name
from "postgres"."public_pipedrive_analytics"."stg_fields"
where field_name is null



  
  
      
    ) dbt_internal_test
[0m18:53:28.724671 [debug] [Thread-1 (]: SQL status: SELECT 1 in 0.011 seconds
[0m18:53:28.728792 [debug] [Thread-1 (]: On test.enpal_assessment_project.not_null_stg_fields_field_name.0230fcaacd: ROLLBACK
[0m18:53:28.732491 [debug] [Thread-1 (]: On test.enpal_assessment_project.not_null_stg_fields_field_name.0230fcaacd: Close
[0m18:53:28.733918 [info ] [Thread-1 (]: 9 of 17 PASS not_null_stg_fields_field_name .................................... [[32mPASS[0m in 0.06s]
[0m18:53:28.734795 [debug] [Thread-1 (]: Finished running node test.enpal_assessment_project.not_null_stg_fields_field_name.0230fcaacd
[0m18:53:28.735340 [debug] [Thread-1 (]: Began running node test.enpal_assessment_project.not_null_stg_stages_stage_id.6a7c0c8378
[0m18:53:28.736179 [info ] [Thread-1 (]: 10 of 17 START test not_null_stg_stages_stage_id ............................... [RUN]
[0m18:53:28.736881 [debug] [Thread-1 (]: Re-using an available connection from the pool (formerly test.enpal_assessment_project.not_null_stg_fields_field_name.0230fcaacd, now test.enpal_assessment_project.not_null_stg_stages_stage_id.6a7c0c8378)
[0m18:53:28.737362 [debug] [Thread-1 (]: Began compiling node test.enpal_assessment_project.not_null_stg_stages_stage_id.6a7c0c8378
[0m18:53:28.743532 [debug] [Thread-1 (]: Writing injected SQL for node "test.enpal_assessment_project.not_null_stg_stages_stage_id.6a7c0c8378"
[0m18:53:28.745376 [debug] [Thread-1 (]: Began executing node test.enpal_assessment_project.not_null_stg_stages_stage_id.6a7c0c8378
[0m18:53:28.749414 [debug] [Thread-1 (]: Writing runtime sql for node "test.enpal_assessment_project.not_null_stg_stages_stage_id.6a7c0c8378"
[0m18:53:28.751012 [debug] [Thread-1 (]: Using postgres connection "test.enpal_assessment_project.not_null_stg_stages_stage_id.6a7c0c8378"
[0m18:53:28.751744 [debug] [Thread-1 (]: On test.enpal_assessment_project.not_null_stg_stages_stage_id.6a7c0c8378: BEGIN
[0m18:53:28.752292 [debug] [Thread-1 (]: Opening a new connection, currently in state closed
[0m18:53:28.775404 [debug] [Thread-1 (]: SQL status: BEGIN in 0.023 seconds
[0m18:53:28.776418 [debug] [Thread-1 (]: Using postgres connection "test.enpal_assessment_project.not_null_stg_stages_stage_id.6a7c0c8378"
[0m18:53:28.778168 [debug] [Thread-1 (]: On test.enpal_assessment_project.not_null_stg_stages_stage_id.6a7c0c8378: /* {"app": "dbt", "dbt_version": "1.10.13", "profile_name": "enpal_assessment_project", "target_name": "dev", "node_id": "test.enpal_assessment_project.not_null_stg_stages_stage_id.6a7c0c8378"} */

    select
      count(*) as failures,
      count(*) != 0 as should_warn,
      count(*) != 0 as should_error
    from (
      
    
  
    
    



select stage_id
from "postgres"."public_pipedrive_analytics"."stg_stages"
where stage_id is null



  
  
      
    ) dbt_internal_test
[0m18:53:28.782052 [debug] [Thread-1 (]: SQL status: SELECT 1 in 0.003 seconds
[0m18:53:28.784343 [debug] [Thread-1 (]: On test.enpal_assessment_project.not_null_stg_stages_stage_id.6a7c0c8378: ROLLBACK
[0m18:53:28.785710 [debug] [Thread-1 (]: On test.enpal_assessment_project.not_null_stg_stages_stage_id.6a7c0c8378: Close
[0m18:53:28.786830 [info ] [Thread-1 (]: 10 of 17 PASS not_null_stg_stages_stage_id ..................................... [[32mPASS[0m in 0.05s]
[0m18:53:28.788256 [debug] [Thread-1 (]: Finished running node test.enpal_assessment_project.not_null_stg_stages_stage_id.6a7c0c8378
[0m18:53:28.789276 [debug] [Thread-1 (]: Began running node test.enpal_assessment_project.not_null_stg_stages_stage_name.d8c326ee25
[0m18:53:28.789994 [info ] [Thread-1 (]: 11 of 17 START test not_null_stg_stages_stage_name ............................. [RUN]
[0m18:53:28.790640 [debug] [Thread-1 (]: Re-using an available connection from the pool (formerly test.enpal_assessment_project.not_null_stg_stages_stage_id.6a7c0c8378, now test.enpal_assessment_project.not_null_stg_stages_stage_name.d8c326ee25)
[0m18:53:28.791128 [debug] [Thread-1 (]: Began compiling node test.enpal_assessment_project.not_null_stg_stages_stage_name.d8c326ee25
[0m18:53:28.797585 [debug] [Thread-1 (]: Writing injected SQL for node "test.enpal_assessment_project.not_null_stg_stages_stage_name.d8c326ee25"
[0m18:53:28.799028 [debug] [Thread-1 (]: Began executing node test.enpal_assessment_project.not_null_stg_stages_stage_name.d8c326ee25
[0m18:53:28.804351 [debug] [Thread-1 (]: Writing runtime sql for node "test.enpal_assessment_project.not_null_stg_stages_stage_name.d8c326ee25"
[0m18:53:28.805802 [debug] [Thread-1 (]: Using postgres connection "test.enpal_assessment_project.not_null_stg_stages_stage_name.d8c326ee25"
[0m18:53:28.806741 [debug] [Thread-1 (]: On test.enpal_assessment_project.not_null_stg_stages_stage_name.d8c326ee25: BEGIN
[0m18:53:28.807557 [debug] [Thread-1 (]: Opening a new connection, currently in state closed
[0m18:53:28.832656 [debug] [Thread-1 (]: SQL status: BEGIN in 0.025 seconds
[0m18:53:28.834136 [debug] [Thread-1 (]: Using postgres connection "test.enpal_assessment_project.not_null_stg_stages_stage_name.d8c326ee25"
[0m18:53:28.835277 [debug] [Thread-1 (]: On test.enpal_assessment_project.not_null_stg_stages_stage_name.d8c326ee25: /* {"app": "dbt", "dbt_version": "1.10.13", "profile_name": "enpal_assessment_project", "target_name": "dev", "node_id": "test.enpal_assessment_project.not_null_stg_stages_stage_name.d8c326ee25"} */

    select
      count(*) as failures,
      count(*) != 0 as should_warn,
      count(*) != 0 as should_error
    from (
      
    
  
    
    



select stage_name
from "postgres"."public_pipedrive_analytics"."stg_stages"
where stage_name is null



  
  
      
    ) dbt_internal_test
[0m18:53:28.837609 [debug] [Thread-1 (]: SQL status: SELECT 1 in 0.001 seconds
[0m18:53:28.839371 [debug] [Thread-1 (]: On test.enpal_assessment_project.not_null_stg_stages_stage_name.d8c326ee25: ROLLBACK
[0m18:53:28.840556 [debug] [Thread-1 (]: On test.enpal_assessment_project.not_null_stg_stages_stage_name.d8c326ee25: Close
[0m18:53:28.841670 [info ] [Thread-1 (]: 11 of 17 PASS not_null_stg_stages_stage_name ................................... [[32mPASS[0m in 0.05s]
[0m18:53:28.842551 [debug] [Thread-1 (]: Finished running node test.enpal_assessment_project.not_null_stg_stages_stage_name.d8c326ee25
[0m18:53:28.843096 [debug] [Thread-1 (]: Began running node test.enpal_assessment_project.not_null_stg_users_user_id.980dfc1b77
[0m18:53:28.844132 [info ] [Thread-1 (]: 12 of 17 START test not_null_stg_users_user_id ................................. [RUN]
[0m18:53:28.845192 [debug] [Thread-1 (]: Re-using an available connection from the pool (formerly test.enpal_assessment_project.not_null_stg_stages_stage_name.d8c326ee25, now test.enpal_assessment_project.not_null_stg_users_user_id.980dfc1b77)
[0m18:53:28.845817 [debug] [Thread-1 (]: Began compiling node test.enpal_assessment_project.not_null_stg_users_user_id.980dfc1b77
[0m18:53:28.854070 [debug] [Thread-1 (]: Writing injected SQL for node "test.enpal_assessment_project.not_null_stg_users_user_id.980dfc1b77"
[0m18:53:28.855447 [debug] [Thread-1 (]: Began executing node test.enpal_assessment_project.not_null_stg_users_user_id.980dfc1b77
[0m18:53:28.860022 [debug] [Thread-1 (]: Writing runtime sql for node "test.enpal_assessment_project.not_null_stg_users_user_id.980dfc1b77"
[0m18:53:28.860992 [debug] [Thread-1 (]: Using postgres connection "test.enpal_assessment_project.not_null_stg_users_user_id.980dfc1b77"
[0m18:53:28.861800 [debug] [Thread-1 (]: On test.enpal_assessment_project.not_null_stg_users_user_id.980dfc1b77: BEGIN
[0m18:53:28.862279 [debug] [Thread-1 (]: Opening a new connection, currently in state closed
[0m18:53:28.882874 [debug] [Thread-1 (]: SQL status: BEGIN in 0.020 seconds
[0m18:53:28.883592 [debug] [Thread-1 (]: Using postgres connection "test.enpal_assessment_project.not_null_stg_users_user_id.980dfc1b77"
[0m18:53:28.884084 [debug] [Thread-1 (]: On test.enpal_assessment_project.not_null_stg_users_user_id.980dfc1b77: /* {"app": "dbt", "dbt_version": "1.10.13", "profile_name": "enpal_assessment_project", "target_name": "dev", "node_id": "test.enpal_assessment_project.not_null_stg_users_user_id.980dfc1b77"} */

    select
      count(*) as failures,
      count(*) != 0 as should_warn,
      count(*) != 0 as should_error
    from (
      
    
  
    
    



select user_id
from "postgres"."public_pipedrive_analytics"."stg_users"
where user_id is null



  
  
      
    ) dbt_internal_test
[0m18:53:28.886167 [debug] [Thread-1 (]: SQL status: SELECT 1 in 0.002 seconds
[0m18:53:28.887860 [debug] [Thread-1 (]: On test.enpal_assessment_project.not_null_stg_users_user_id.980dfc1b77: ROLLBACK
[0m18:53:28.888999 [debug] [Thread-1 (]: On test.enpal_assessment_project.not_null_stg_users_user_id.980dfc1b77: Close
[0m18:53:28.890068 [info ] [Thread-1 (]: 12 of 17 PASS not_null_stg_users_user_id ....................................... [[32mPASS[0m in 0.04s]
[0m18:53:28.890960 [debug] [Thread-1 (]: Finished running node test.enpal_assessment_project.not_null_stg_users_user_id.980dfc1b77
[0m18:53:28.892117 [debug] [Thread-1 (]: Began running node test.enpal_assessment_project.not_null_stg_users_user_name.226879cc53
[0m18:53:28.892921 [info ] [Thread-1 (]: 13 of 17 START test not_null_stg_users_user_name ............................... [RUN]
[0m18:53:28.893666 [debug] [Thread-1 (]: Re-using an available connection from the pool (formerly test.enpal_assessment_project.not_null_stg_users_user_id.980dfc1b77, now test.enpal_assessment_project.not_null_stg_users_user_name.226879cc53)
[0m18:53:28.894263 [debug] [Thread-1 (]: Began compiling node test.enpal_assessment_project.not_null_stg_users_user_name.226879cc53
[0m18:53:28.901462 [debug] [Thread-1 (]: Writing injected SQL for node "test.enpal_assessment_project.not_null_stg_users_user_name.226879cc53"
[0m18:53:28.902892 [debug] [Thread-1 (]: Began executing node test.enpal_assessment_project.not_null_stg_users_user_name.226879cc53
[0m18:53:28.906012 [debug] [Thread-1 (]: Writing runtime sql for node "test.enpal_assessment_project.not_null_stg_users_user_name.226879cc53"
[0m18:53:28.906891 [debug] [Thread-1 (]: Using postgres connection "test.enpal_assessment_project.not_null_stg_users_user_name.226879cc53"
[0m18:53:28.907357 [debug] [Thread-1 (]: On test.enpal_assessment_project.not_null_stg_users_user_name.226879cc53: BEGIN
[0m18:53:28.907785 [debug] [Thread-1 (]: Opening a new connection, currently in state closed
[0m18:53:28.925005 [debug] [Thread-1 (]: SQL status: BEGIN in 0.016 seconds
[0m18:53:28.925704 [debug] [Thread-1 (]: Using postgres connection "test.enpal_assessment_project.not_null_stg_users_user_name.226879cc53"
[0m18:53:28.926213 [debug] [Thread-1 (]: On test.enpal_assessment_project.not_null_stg_users_user_name.226879cc53: /* {"app": "dbt", "dbt_version": "1.10.13", "profile_name": "enpal_assessment_project", "target_name": "dev", "node_id": "test.enpal_assessment_project.not_null_stg_users_user_name.226879cc53"} */

    select
      count(*) as failures,
      count(*) != 0 as should_warn,
      count(*) != 0 as should_error
    from (
      
    
  
    
    



select user_name
from "postgres"."public_pipedrive_analytics"."stg_users"
where user_name is null



  
  
      
    ) dbt_internal_test
[0m18:53:28.928754 [debug] [Thread-1 (]: SQL status: SELECT 1 in 0.002 seconds
[0m18:53:28.930514 [debug] [Thread-1 (]: On test.enpal_assessment_project.not_null_stg_users_user_name.226879cc53: ROLLBACK
[0m18:53:28.932151 [debug] [Thread-1 (]: On test.enpal_assessment_project.not_null_stg_users_user_name.226879cc53: Close
[0m18:53:28.933231 [info ] [Thread-1 (]: 13 of 17 PASS not_null_stg_users_user_name ..................................... [[32mPASS[0m in 0.04s]
[0m18:53:28.934264 [debug] [Thread-1 (]: Finished running node test.enpal_assessment_project.not_null_stg_users_user_name.226879cc53
[0m18:53:28.935277 [debug] [Thread-1 (]: Began running node test.enpal_assessment_project.unique_stg_activity_types_activity_type_id.065efcc0bd
[0m18:53:28.936460 [info ] [Thread-1 (]: 14 of 17 START test unique_stg_activity_types_activity_type_id ................. [RUN]
[0m18:53:28.937208 [debug] [Thread-1 (]: Re-using an available connection from the pool (formerly test.enpal_assessment_project.not_null_stg_users_user_name.226879cc53, now test.enpal_assessment_project.unique_stg_activity_types_activity_type_id.065efcc0bd)
[0m18:53:28.937739 [debug] [Thread-1 (]: Began compiling node test.enpal_assessment_project.unique_stg_activity_types_activity_type_id.065efcc0bd
[0m18:53:28.946775 [debug] [Thread-1 (]: Writing injected SQL for node "test.enpal_assessment_project.unique_stg_activity_types_activity_type_id.065efcc0bd"
[0m18:53:28.947805 [debug] [Thread-1 (]: Began executing node test.enpal_assessment_project.unique_stg_activity_types_activity_type_id.065efcc0bd
[0m18:53:28.951014 [debug] [Thread-1 (]: Writing runtime sql for node "test.enpal_assessment_project.unique_stg_activity_types_activity_type_id.065efcc0bd"
[0m18:53:28.952069 [debug] [Thread-1 (]: Using postgres connection "test.enpal_assessment_project.unique_stg_activity_types_activity_type_id.065efcc0bd"
[0m18:53:28.952582 [debug] [Thread-1 (]: On test.enpal_assessment_project.unique_stg_activity_types_activity_type_id.065efcc0bd: BEGIN
[0m18:53:28.953022 [debug] [Thread-1 (]: Opening a new connection, currently in state closed
[0m18:53:28.972900 [debug] [Thread-1 (]: SQL status: BEGIN in 0.019 seconds
[0m18:53:28.974159 [debug] [Thread-1 (]: Using postgres connection "test.enpal_assessment_project.unique_stg_activity_types_activity_type_id.065efcc0bd"
[0m18:53:28.974973 [debug] [Thread-1 (]: On test.enpal_assessment_project.unique_stg_activity_types_activity_type_id.065efcc0bd: /* {"app": "dbt", "dbt_version": "1.10.13", "profile_name": "enpal_assessment_project", "target_name": "dev", "node_id": "test.enpal_assessment_project.unique_stg_activity_types_activity_type_id.065efcc0bd"} */

    select
      count(*) as failures,
      count(*) != 0 as should_warn,
      count(*) != 0 as should_error
    from (
      
    
  
    
    

select
    activity_type_id as unique_field,
    count(*) as n_records

from "postgres"."public_pipedrive_analytics"."stg_activity_types"
where activity_type_id is not null
group by activity_type_id
having count(*) > 1



  
  
      
    ) dbt_internal_test
[0m18:53:28.978557 [debug] [Thread-1 (]: SQL status: SELECT 1 in 0.003 seconds
[0m18:53:28.980383 [debug] [Thread-1 (]: On test.enpal_assessment_project.unique_stg_activity_types_activity_type_id.065efcc0bd: ROLLBACK
[0m18:53:28.981947 [debug] [Thread-1 (]: On test.enpal_assessment_project.unique_stg_activity_types_activity_type_id.065efcc0bd: Close
[0m18:53:28.983157 [info ] [Thread-1 (]: 14 of 17 PASS unique_stg_activity_types_activity_type_id ....................... [[32mPASS[0m in 0.05s]
[0m18:53:28.984204 [debug] [Thread-1 (]: Finished running node test.enpal_assessment_project.unique_stg_activity_types_activity_type_id.065efcc0bd
[0m18:53:28.984855 [debug] [Thread-1 (]: Began running node test.enpal_assessment_project.unique_stg_fields_field_key.ea1d2437a4
[0m18:53:28.985760 [info ] [Thread-1 (]: 15 of 17 START test unique_stg_fields_field_key ................................ [RUN]
[0m18:53:28.986497 [debug] [Thread-1 (]: Re-using an available connection from the pool (formerly test.enpal_assessment_project.unique_stg_activity_types_activity_type_id.065efcc0bd, now test.enpal_assessment_project.unique_stg_fields_field_key.ea1d2437a4)
[0m18:53:28.987423 [debug] [Thread-1 (]: Began compiling node test.enpal_assessment_project.unique_stg_fields_field_key.ea1d2437a4
[0m18:53:28.992476 [debug] [Thread-1 (]: Writing injected SQL for node "test.enpal_assessment_project.unique_stg_fields_field_key.ea1d2437a4"
[0m18:53:28.994203 [debug] [Thread-1 (]: Began executing node test.enpal_assessment_project.unique_stg_fields_field_key.ea1d2437a4
[0m18:53:28.997604 [debug] [Thread-1 (]: Writing runtime sql for node "test.enpal_assessment_project.unique_stg_fields_field_key.ea1d2437a4"
[0m18:53:28.999245 [debug] [Thread-1 (]: Using postgres connection "test.enpal_assessment_project.unique_stg_fields_field_key.ea1d2437a4"
[0m18:53:28.999824 [debug] [Thread-1 (]: On test.enpal_assessment_project.unique_stg_fields_field_key.ea1d2437a4: BEGIN
[0m18:53:29.000279 [debug] [Thread-1 (]: Opening a new connection, currently in state closed
[0m18:53:29.022682 [debug] [Thread-1 (]: SQL status: BEGIN in 0.022 seconds
[0m18:53:29.024166 [debug] [Thread-1 (]: Using postgres connection "test.enpal_assessment_project.unique_stg_fields_field_key.ea1d2437a4"
[0m18:53:29.024813 [debug] [Thread-1 (]: On test.enpal_assessment_project.unique_stg_fields_field_key.ea1d2437a4: /* {"app": "dbt", "dbt_version": "1.10.13", "profile_name": "enpal_assessment_project", "target_name": "dev", "node_id": "test.enpal_assessment_project.unique_stg_fields_field_key.ea1d2437a4"} */

    select
      count(*) as failures,
      count(*) != 0 as should_warn,
      count(*) != 0 as should_error
    from (
      
    
  
    
    

select
    field_key as unique_field,
    count(*) as n_records

from "postgres"."public_pipedrive_analytics"."stg_fields"
where field_key is not null
group by field_key
having count(*) > 1



  
  
      
    ) dbt_internal_test
[0m18:53:29.027559 [debug] [Thread-1 (]: SQL status: SELECT 1 in 0.002 seconds
[0m18:53:29.029357 [debug] [Thread-1 (]: On test.enpal_assessment_project.unique_stg_fields_field_key.ea1d2437a4: ROLLBACK
[0m18:53:29.030751 [debug] [Thread-1 (]: On test.enpal_assessment_project.unique_stg_fields_field_key.ea1d2437a4: Close
[0m18:53:29.032347 [info ] [Thread-1 (]: 15 of 17 PASS unique_stg_fields_field_key ...................................... [[32mPASS[0m in 0.05s]
[0m18:53:29.033944 [debug] [Thread-1 (]: Finished running node test.enpal_assessment_project.unique_stg_fields_field_key.ea1d2437a4
[0m18:53:29.034945 [debug] [Thread-1 (]: Began running node test.enpal_assessment_project.unique_stg_stages_stage_id.7d330989f3
[0m18:53:29.035608 [info ] [Thread-1 (]: 16 of 17 START test unique_stg_stages_stage_id ................................. [RUN]
[0m18:53:29.036271 [debug] [Thread-1 (]: Re-using an available connection from the pool (formerly test.enpal_assessment_project.unique_stg_fields_field_key.ea1d2437a4, now test.enpal_assessment_project.unique_stg_stages_stage_id.7d330989f3)
[0m18:53:29.036876 [debug] [Thread-1 (]: Began compiling node test.enpal_assessment_project.unique_stg_stages_stage_id.7d330989f3
[0m18:53:29.042006 [debug] [Thread-1 (]: Writing injected SQL for node "test.enpal_assessment_project.unique_stg_stages_stage_id.7d330989f3"
[0m18:53:29.042879 [debug] [Thread-1 (]: Began executing node test.enpal_assessment_project.unique_stg_stages_stage_id.7d330989f3
[0m18:53:29.049534 [debug] [Thread-1 (]: Writing runtime sql for node "test.enpal_assessment_project.unique_stg_stages_stage_id.7d330989f3"
[0m18:53:29.051621 [debug] [Thread-1 (]: Using postgres connection "test.enpal_assessment_project.unique_stg_stages_stage_id.7d330989f3"
[0m18:53:29.052424 [debug] [Thread-1 (]: On test.enpal_assessment_project.unique_stg_stages_stage_id.7d330989f3: BEGIN
[0m18:53:29.053380 [debug] [Thread-1 (]: Opening a new connection, currently in state closed
[0m18:53:29.070457 [debug] [Thread-1 (]: SQL status: BEGIN in 0.017 seconds
[0m18:53:29.071875 [debug] [Thread-1 (]: Using postgres connection "test.enpal_assessment_project.unique_stg_stages_stage_id.7d330989f3"
[0m18:53:29.072426 [debug] [Thread-1 (]: On test.enpal_assessment_project.unique_stg_stages_stage_id.7d330989f3: /* {"app": "dbt", "dbt_version": "1.10.13", "profile_name": "enpal_assessment_project", "target_name": "dev", "node_id": "test.enpal_assessment_project.unique_stg_stages_stage_id.7d330989f3"} */

    select
      count(*) as failures,
      count(*) != 0 as should_warn,
      count(*) != 0 as should_error
    from (
      
    
  
    
    

select
    stage_id as unique_field,
    count(*) as n_records

from "postgres"."public_pipedrive_analytics"."stg_stages"
where stage_id is not null
group by stage_id
having count(*) > 1



  
  
      
    ) dbt_internal_test
[0m18:53:29.074721 [debug] [Thread-1 (]: SQL status: SELECT 1 in 0.002 seconds
[0m18:53:29.076700 [debug] [Thread-1 (]: On test.enpal_assessment_project.unique_stg_stages_stage_id.7d330989f3: ROLLBACK
[0m18:53:29.078128 [debug] [Thread-1 (]: On test.enpal_assessment_project.unique_stg_stages_stage_id.7d330989f3: Close
[0m18:53:29.079137 [info ] [Thread-1 (]: 16 of 17 PASS unique_stg_stages_stage_id ....................................... [[32mPASS[0m in 0.04s]
[0m18:53:29.080071 [debug] [Thread-1 (]: Finished running node test.enpal_assessment_project.unique_stg_stages_stage_id.7d330989f3
[0m18:53:29.080643 [debug] [Thread-1 (]: Began running node test.enpal_assessment_project.unique_stg_users_user_id.c2ff477e6b
[0m18:53:29.081370 [info ] [Thread-1 (]: 17 of 17 START test unique_stg_users_user_id ................................... [RUN]
[0m18:53:29.082406 [debug] [Thread-1 (]: Re-using an available connection from the pool (formerly test.enpal_assessment_project.unique_stg_stages_stage_id.7d330989f3, now test.enpal_assessment_project.unique_stg_users_user_id.c2ff477e6b)
[0m18:53:29.083270 [debug] [Thread-1 (]: Began compiling node test.enpal_assessment_project.unique_stg_users_user_id.c2ff477e6b
[0m18:53:29.088915 [debug] [Thread-1 (]: Writing injected SQL for node "test.enpal_assessment_project.unique_stg_users_user_id.c2ff477e6b"
[0m18:53:29.090347 [debug] [Thread-1 (]: Began executing node test.enpal_assessment_project.unique_stg_users_user_id.c2ff477e6b
[0m18:53:29.093581 [debug] [Thread-1 (]: Writing runtime sql for node "test.enpal_assessment_project.unique_stg_users_user_id.c2ff477e6b"
[0m18:53:29.095248 [debug] [Thread-1 (]: Using postgres connection "test.enpal_assessment_project.unique_stg_users_user_id.c2ff477e6b"
[0m18:53:29.096039 [debug] [Thread-1 (]: On test.enpal_assessment_project.unique_stg_users_user_id.c2ff477e6b: BEGIN
[0m18:53:29.096612 [debug] [Thread-1 (]: Opening a new connection, currently in state closed
[0m18:53:29.117262 [debug] [Thread-1 (]: SQL status: BEGIN in 0.020 seconds
[0m18:53:29.118659 [debug] [Thread-1 (]: Using postgres connection "test.enpal_assessment_project.unique_stg_users_user_id.c2ff477e6b"
[0m18:53:29.119624 [debug] [Thread-1 (]: On test.enpal_assessment_project.unique_stg_users_user_id.c2ff477e6b: /* {"app": "dbt", "dbt_version": "1.10.13", "profile_name": "enpal_assessment_project", "target_name": "dev", "node_id": "test.enpal_assessment_project.unique_stg_users_user_id.c2ff477e6b"} */

    select
      count(*) as failures,
      count(*) != 0 as should_warn,
      count(*) != 0 as should_error
    from (
      
    
  
    
    

select
    user_id as unique_field,
    count(*) as n_records

from "postgres"."public_pipedrive_analytics"."stg_users"
where user_id is not null
group by user_id
having count(*) > 1



  
  
      
    ) dbt_internal_test
[0m18:53:29.122974 [debug] [Thread-1 (]: SQL status: SELECT 1 in 0.003 seconds
[0m18:53:29.124716 [debug] [Thread-1 (]: On test.enpal_assessment_project.unique_stg_users_user_id.c2ff477e6b: ROLLBACK
[0m18:53:29.126154 [debug] [Thread-1 (]: On test.enpal_assessment_project.unique_stg_users_user_id.c2ff477e6b: Close
[0m18:53:29.127427 [info ] [Thread-1 (]: 17 of 17 PASS unique_stg_users_user_id ......................................... [[32mPASS[0m in 0.04s]
[0m18:53:29.128871 [debug] [Thread-1 (]: Finished running node test.enpal_assessment_project.unique_stg_users_user_id.c2ff477e6b
[0m18:53:29.131112 [debug] [MainThread]: Using postgres connection "master"
[0m18:53:29.131812 [debug] [MainThread]: On master: BEGIN
[0m18:53:29.132311 [debug] [MainThread]: Opening a new connection, currently in state closed
[0m18:53:29.151356 [debug] [MainThread]: SQL status: BEGIN in 0.019 seconds
[0m18:53:29.152395 [debug] [MainThread]: On master: COMMIT
[0m18:53:29.153708 [debug] [MainThread]: Using postgres connection "master"
[0m18:53:29.154166 [debug] [MainThread]: On master: COMMIT
[0m18:53:29.155528 [debug] [MainThread]: SQL status: COMMIT in 0.001 seconds
[0m18:53:29.156094 [debug] [MainThread]: On master: Close
[0m18:53:29.156793 [debug] [MainThread]: Connection 'master' was properly closed.
[0m18:53:29.157557 [debug] [MainThread]: Connection 'test.enpal_assessment_project.unique_stg_users_user_id.c2ff477e6b' was properly closed.
[0m18:53:29.158701 [info ] [MainThread]: 
[0m18:53:29.159632 [info ] [MainThread]: Finished running 17 data tests in 0 hours 0 minutes and 1.09 seconds (1.09s).
[0m18:53:29.163213 [debug] [MainThread]: Command end result
[0m18:53:29.199607 [debug] [MainThread]: Wrote artifact WritableManifest to /Users/macbook/Desktop/ENPAL/Take-Home-Assessment/REPO/dbt_enpal_assessment/target/manifest.json
[0m18:53:29.203349 [debug] [MainThread]: Wrote artifact SemanticManifest to /Users/macbook/Desktop/ENPAL/Take-Home-Assessment/REPO/dbt_enpal_assessment/target/semantic_manifest.json
[0m18:53:29.219095 [debug] [MainThread]: Wrote artifact RunExecutionResult to /Users/macbook/Desktop/ENPAL/Take-Home-Assessment/REPO/dbt_enpal_assessment/target/run_results.json
[0m18:53:29.219623 [info ] [MainThread]: 
[0m18:53:29.220248 [info ] [MainThread]: [32mCompleted successfully[0m
[0m18:53:29.220745 [info ] [MainThread]: 
[0m18:53:29.221211 [info ] [MainThread]: Done. PASS=17 WARN=0 ERROR=0 SKIP=0 NO-OP=0 TOTAL=17
[0m18:53:29.222820 [debug] [MainThread]: Resource report: {"command_name": "test", "command_success": true, "command_wall_clock_time": 2.3997757, "process_in_blocks": "0", "process_kernel_time": 0.460728, "process_mem_max_rss": "121974784", "process_out_blocks": "0", "process_user_time": 3.269722}
[0m18:53:29.223404 [debug] [MainThread]: Command `dbt test` succeeded at 18:53:29.223284 after 2.40 seconds
[0m18:53:29.223890 [debug] [MainThread]: Sending event: {'category': 'dbt', 'action': 'invocation', 'label': 'end', 'context': [<snowplow_tracker.self_describing_json.SelfDescribingJson object at 0x7fe5b2cd4520>, <snowplow_tracker.self_describing_json.SelfDescribingJson object at 0x7fe5b2e9a920>, <snowplow_tracker.self_describing_json.SelfDescribingJson object at 0x7fe5b56efe80>]}
[0m18:53:29.224367 [debug] [MainThread]: Flushing usage events
[0m18:53:29.754965 [debug] [MainThread]: An error was encountered while trying to flush usage events
[0m18:54:20.398326 [debug] [MainThread]: Sending event: {'category': 'dbt', 'action': 'invocation', 'label': 'start', 'context': [<snowplow_tracker.self_describing_json.SelfDescribingJson object at 0x7fe47659c4f0>, <snowplow_tracker.self_describing_json.SelfDescribingJson object at 0x7fe477f1dc00>, <snowplow_tracker.self_describing_json.SelfDescribingJson object at 0x7fe477f1d510>]}


============================== 18:54:20.405822 | 8c45d517-42ad-49fc-a82f-238f4eff78ba ==============================
[0m18:54:20.405822 [info ] [MainThread]: Running with dbt=1.10.13
[0m18:54:20.407479 [debug] [MainThread]: running dbt with arguments {'invocation_command': 'dbt test --select intermediate', 'fail_fast': 'False', 'send_anonymous_usage_stats': 'True', 'version_check': 'True', 'log_cache_events': 'False', 'use_experimental_parser': 'False', 'cache_selected_only': 'False', 'introspect': 'True', 'log_path': '/Users/macbook/Desktop/ENPAL/Take-Home-Assessment/REPO/dbt_enpal_assessment/logs', 'use_colors': 'True', 'target_path': 'None', 'log_format': 'default', 'printer_width': '80', 'indirect_selection': 'eager', 'profiles_dir': '/Users/macbook/Desktop/Enpal/Take-Home-Assessment/REPO/dbt_enpal_assessment', 'empty': 'None', 'warn_error_options': 'WarnErrorOptionsV2(error=[], warn=[], silence=[])', 'static_parser': 'True', 'no_print': 'None', 'partial_parse': 'True', 'quiet': 'False', 'write_json': 'True', 'debug': 'False', 'warn_error': 'None'}
[0m18:54:20.755582 [debug] [MainThread]: Sending event: {'category': 'dbt', 'action': 'project_id', 'label': '8c45d517-42ad-49fc-a82f-238f4eff78ba', 'context': [<snowplow_tracker.self_describing_json.SelfDescribingJson object at 0x7fe474bebe80>]}
[0m18:54:20.836323 [debug] [MainThread]: Sending event: {'category': 'dbt', 'action': 'adapter_info', 'label': '8c45d517-42ad-49fc-a82f-238f4eff78ba', 'context': [<snowplow_tracker.self_describing_json.SelfDescribingJson object at 0x7fe476e25f90>]}
[0m18:54:20.839151 [info ] [MainThread]: Registered adapter: postgres=1.9.1
[0m18:54:21.060113 [debug] [MainThread]: checksum: 9f0c81e2574b4ff463f3d16d080df83c6982fc0372c9feeacae0504ac9ea3ffe, vars: {}, profile: , target: , version: 1.10.13
[0m18:54:21.319429 [debug] [MainThread]: Partial parsing enabled: 0 files deleted, 0 files added, 0 files changed.
[0m18:54:21.320015 [debug] [MainThread]: Partial parsing enabled, no changes found, skipping parsing
[0m18:54:21.389350 [debug] [MainThread]: Sending event: {'category': 'dbt', 'action': 'load_project', 'label': '8c45d517-42ad-49fc-a82f-238f4eff78ba', 'context': [<snowplow_tracker.self_describing_json.SelfDescribingJson object at 0x7fe47873ce80>]}
[0m18:54:21.587930 [debug] [MainThread]: Wrote artifact WritableManifest to /Users/macbook/Desktop/ENPAL/Take-Home-Assessment/REPO/dbt_enpal_assessment/target/manifest.json
[0m18:54:21.593678 [debug] [MainThread]: Wrote artifact SemanticManifest to /Users/macbook/Desktop/ENPAL/Take-Home-Assessment/REPO/dbt_enpal_assessment/target/semantic_manifest.json
[0m18:54:21.655122 [debug] [MainThread]: Sending event: {'category': 'dbt', 'action': 'resource_counts', 'label': '8c45d517-42ad-49fc-a82f-238f4eff78ba', 'context': [<snowplow_tracker.self_describing_json.SelfDescribingJson object at 0x7fe47883bbe0>]}
[0m18:54:21.655875 [info ] [MainThread]: Found 9 models, 17 data tests, 6 sources, 447 macros
[0m18:54:21.656446 [debug] [MainThread]: Sending event: {'category': 'dbt', 'action': 'runnable_timing', 'label': '8c45d517-42ad-49fc-a82f-238f4eff78ba', 'context': [<snowplow_tracker.self_describing_json.SelfDescribingJson object at 0x7fe47883aec0>]}
[0m18:54:21.658357 [warn ] [MainThread]: Nothing to do. Try checking your model configs and model specification args
[0m18:54:21.660891 [debug] [MainThread]: Command end result
[0m18:54:21.771129 [debug] [MainThread]: Wrote artifact WritableManifest to /Users/macbook/Desktop/ENPAL/Take-Home-Assessment/REPO/dbt_enpal_assessment/target/manifest.json
[0m18:54:21.778246 [debug] [MainThread]: Wrote artifact SemanticManifest to /Users/macbook/Desktop/ENPAL/Take-Home-Assessment/REPO/dbt_enpal_assessment/target/semantic_manifest.json
[0m18:54:21.784799 [debug] [MainThread]: Wrote artifact RunExecutionResult to /Users/macbook/Desktop/ENPAL/Take-Home-Assessment/REPO/dbt_enpal_assessment/target/run_results.json
[0m18:54:21.787645 [debug] [MainThread]: Resource report: {"command_name": "test", "command_success": true, "command_wall_clock_time": 1.4916313, "process_in_blocks": "0", "process_kernel_time": 0.684863, "process_mem_max_rss": "111046656", "process_out_blocks": "0", "process_user_time": 3.072242}
[0m18:54:21.788615 [debug] [MainThread]: Command `dbt test` succeeded at 18:54:21.788425 after 1.49 seconds
[0m18:54:21.789602 [debug] [MainThread]: Sending event: {'category': 'dbt', 'action': 'invocation', 'label': 'end', 'context': [<snowplow_tracker.self_describing_json.SelfDescribingJson object at 0x7fe47659c4f0>, <snowplow_tracker.self_describing_json.SelfDescribingJson object at 0x7fe476660e80>, <snowplow_tracker.self_describing_json.SelfDescribingJson object at 0x7fe47886d990>]}
[0m18:54:21.790163 [debug] [MainThread]: Flushing usage events
[0m18:54:22.295368 [debug] [MainThread]: An error was encountered while trying to flush usage events
[0m18:54:24.598776 [debug] [MainThread]: Sending event: {'category': 'dbt', 'action': 'invocation', 'label': 'start', 'context': [<snowplow_tracker.self_describing_json.SelfDescribingJson object at 0x7f7ba64d8550>, <snowplow_tracker.self_describing_json.SelfDescribingJson object at 0x7f7ba79b5c60>, <snowplow_tracker.self_describing_json.SelfDescribingJson object at 0x7f7ba79b5570>]}


============================== 18:54:24.603964 | c199e2aa-1f1b-4a4c-9b28-2ad62e62edc4 ==============================
[0m18:54:24.603964 [info ] [MainThread]: Running with dbt=1.10.13
[0m18:54:24.604720 [debug] [MainThread]: running dbt with arguments {'partial_parse': 'True', 'log_format': 'default', 'target_path': 'None', 'use_colors': 'True', 'quiet': 'False', 'send_anonymous_usage_stats': 'True', 'cache_selected_only': 'False', 'profiles_dir': '/Users/macbook/Desktop/Enpal/Take-Home-Assessment/REPO/dbt_enpal_assessment', 'introspect': 'True', 'log_cache_events': 'False', 'warn_error_options': 'WarnErrorOptionsV2(error=[], warn=[], silence=[])', 'log_path': '/Users/macbook/Desktop/ENPAL/Take-Home-Assessment/REPO/dbt_enpal_assessment/logs', 'write_json': 'True', 'printer_width': '80', 'static_parser': 'True', 'warn_error': 'None', 'fail_fast': 'False', 'indirect_selection': 'eager', 'debug': 'False', 'no_print': 'None', 'invocation_command': 'dbt test --select marts', 'use_experimental_parser': 'False', 'empty': 'None', 'version_check': 'True'}
[0m18:54:24.987997 [debug] [MainThread]: Sending event: {'category': 'dbt', 'action': 'project_id', 'label': 'c199e2aa-1f1b-4a4c-9b28-2ad62e62edc4', 'context': [<snowplow_tracker.self_describing_json.SelfDescribingJson object at 0x7f7ba6786ef0>]}
[0m18:54:25.094752 [debug] [MainThread]: Sending event: {'category': 'dbt', 'action': 'adapter_info', 'label': 'c199e2aa-1f1b-4a4c-9b28-2ad62e62edc4', 'context': [<snowplow_tracker.self_describing_json.SelfDescribingJson object at 0x7f7ba77ed570>]}
[0m18:54:25.096092 [info ] [MainThread]: Registered adapter: postgres=1.9.1
[0m18:54:25.393759 [debug] [MainThread]: checksum: 9f0c81e2574b4ff463f3d16d080df83c6982fc0372c9feeacae0504ac9ea3ffe, vars: {}, profile: , target: , version: 1.10.13
[0m18:54:25.582538 [debug] [MainThread]: Partial parsing enabled: 0 files deleted, 0 files added, 0 files changed.
[0m18:54:25.583377 [debug] [MainThread]: Partial parsing enabled, no changes found, skipping parsing
[0m18:54:25.667788 [debug] [MainThread]: Sending event: {'category': 'dbt', 'action': 'load_project', 'label': 'c199e2aa-1f1b-4a4c-9b28-2ad62e62edc4', 'context': [<snowplow_tracker.self_describing_json.SelfDescribingJson object at 0x7f7ba8855120>]}
[0m18:54:25.854386 [debug] [MainThread]: Wrote artifact WritableManifest to /Users/macbook/Desktop/ENPAL/Take-Home-Assessment/REPO/dbt_enpal_assessment/target/manifest.json
[0m18:54:25.856543 [debug] [MainThread]: Wrote artifact SemanticManifest to /Users/macbook/Desktop/ENPAL/Take-Home-Assessment/REPO/dbt_enpal_assessment/target/semantic_manifest.json
[0m18:54:25.886322 [debug] [MainThread]: Sending event: {'category': 'dbt', 'action': 'resource_counts', 'label': 'c199e2aa-1f1b-4a4c-9b28-2ad62e62edc4', 'context': [<snowplow_tracker.self_describing_json.SelfDescribingJson object at 0x7f7ba893cd30>]}
[0m18:54:25.887007 [info ] [MainThread]: Found 9 models, 17 data tests, 6 sources, 447 macros
[0m18:54:25.887497 [debug] [MainThread]: Sending event: {'category': 'dbt', 'action': 'runnable_timing', 'label': 'c199e2aa-1f1b-4a4c-9b28-2ad62e62edc4', 'context': [<snowplow_tracker.self_describing_json.SelfDescribingJson object at 0x7f7ba893d900>]}
[0m18:54:25.889279 [warn ] [MainThread]: Nothing to do. Try checking your model configs and model specification args
[0m18:54:25.891812 [debug] [MainThread]: Command end result
[0m18:54:25.924222 [debug] [MainThread]: Wrote artifact WritableManifest to /Users/macbook/Desktop/ENPAL/Take-Home-Assessment/REPO/dbt_enpal_assessment/target/manifest.json
[0m18:54:25.929024 [debug] [MainThread]: Wrote artifact SemanticManifest to /Users/macbook/Desktop/ENPAL/Take-Home-Assessment/REPO/dbt_enpal_assessment/target/semantic_manifest.json
[0m18:54:25.933783 [debug] [MainThread]: Wrote artifact RunExecutionResult to /Users/macbook/Desktop/ENPAL/Take-Home-Assessment/REPO/dbt_enpal_assessment/target/run_results.json
[0m18:54:25.936682 [debug] [MainThread]: Resource report: {"command_name": "test", "command_success": true, "command_wall_clock_time": 1.424592, "process_in_blocks": "0", "process_kernel_time": 0.378233, "process_mem_max_rss": "110989312", "process_out_blocks": "0", "process_user_time": 2.600289}
[0m18:54:25.937509 [debug] [MainThread]: Command `dbt test` succeeded at 18:54:25.937226 after 1.43 seconds
[0m18:54:25.938300 [debug] [MainThread]: Sending event: {'category': 'dbt', 'action': 'invocation', 'label': 'end', 'context': [<snowplow_tracker.self_describing_json.SelfDescribingJson object at 0x7f7ba64d8550>, <snowplow_tracker.self_describing_json.SelfDescribingJson object at 0x7f7ba6786ef0>, <snowplow_tracker.self_describing_json.SelfDescribingJson object at 0x7f7ba8987fd0>]}
[0m18:54:25.938915 [debug] [MainThread]: Flushing usage events
[0m18:54:26.420419 [debug] [MainThread]: An error was encountered while trying to flush usage events
[0m18:55:34.015046 [debug] [MainThread]: Sending event: {'category': 'dbt', 'action': 'invocation', 'label': 'start', 'context': [<snowplow_tracker.self_describing_json.SelfDescribingJson object at 0x7fe685dc44f0>, <snowplow_tracker.self_describing_json.SelfDescribingJson object at 0x7fe68783d930>, <snowplow_tracker.self_describing_json.SelfDescribingJson object at 0x7fe68783d240>]}


============================== 18:55:34.020678 | f1a3dd40-878d-4e01-a8ce-b0c9d423bb9c ==============================
[0m18:55:34.020678 [info ] [MainThread]: Running with dbt=1.10.13
[0m18:55:34.021541 [debug] [MainThread]: running dbt with arguments {'static_parser': 'True', 'partial_parse': 'True', 'debug': 'False', 'target_path': 'None', 'quiet': 'False', 'profiles_dir': '/Users/macbook/Desktop/Enpal/Take-Home-Assessment/REPO/dbt_enpal_assessment', 'indirect_selection': 'eager', 'version_check': 'True', 'warn_error_options': 'WarnErrorOptionsV2(error=[], warn=[], silence=[])', 'log_path': '/Users/macbook/Desktop/ENPAL/Take-Home-Assessment/REPO/dbt_enpal_assessment/logs', 'warn_error': 'None', 'printer_width': '80', 'use_experimental_parser': 'False', 'invocation_command': 'dbt clean', 'log_format': 'default', 'use_colors': 'True', 'log_cache_events': 'False', 'cache_selected_only': 'False', 'empty': 'None', 'fail_fast': 'False', 'no_print': 'None', 'write_json': 'True', 'introspect': 'True', 'send_anonymous_usage_stats': 'True'}
[0m18:55:34.253009 [debug] [MainThread]: Sending event: {'category': 'dbt', 'action': 'project_id', 'label': 'f1a3dd40-878d-4e01-a8ce-b0c9d423bb9c', 'context': [<snowplow_tracker.self_describing_json.SelfDescribingJson object at 0x7fe687837c70>]}
[0m18:55:34.285549 [debug] [MainThread]: Resource report: {"command_name": "clean", "command_success": true, "command_wall_clock_time": 0.37403855, "process_in_blocks": "0", "process_kernel_time": 0.24176, "process_mem_max_rss": "98926592", "process_out_blocks": "0", "process_user_time": 1.819064}
[0m18:55:34.286289 [debug] [MainThread]: Command `dbt clean` succeeded at 18:55:34.286149 after 0.37 seconds
[0m18:55:34.286802 [debug] [MainThread]: Sending event: {'category': 'dbt', 'action': 'invocation', 'label': 'end', 'context': [<snowplow_tracker.self_describing_json.SelfDescribingJson object at 0x7fe685dc44f0>, <snowplow_tracker.self_describing_json.SelfDescribingJson object at 0x7fe6843dc190>, <snowplow_tracker.self_describing_json.SelfDescribingJson object at 0x7fe6879c97b0>]}
[0m18:55:34.287367 [debug] [MainThread]: Flushing usage events
[0m18:55:34.819782 [debug] [MainThread]: An error was encountered while trying to flush usage events
[0m18:55:36.996396 [debug] [MainThread]: Sending event: {'category': 'dbt', 'action': 'invocation', 'label': 'start', 'context': [<snowplow_tracker.self_describing_json.SelfDescribingJson object at 0x7fed19cb0520>, <snowplow_tracker.self_describing_json.SelfDescribingJson object at 0x7fed1b0a11e0>, <snowplow_tracker.self_describing_json.SelfDescribingJson object at 0x7fed1b0a0af0>]}


============================== 18:55:37.001645 | e40974d6-e95f-4311-a225-c48f0f2e2297 ==============================
[0m18:55:37.001645 [info ] [MainThread]: Running with dbt=1.10.13
[0m18:55:37.002492 [debug] [MainThread]: running dbt with arguments {'log_path': '/Users/macbook/Desktop/ENPAL/Take-Home-Assessment/REPO/dbt_enpal_assessment/logs', 'printer_width': '80', 'invocation_command': 'dbt run --select intermediate marts --full-refresh', 'cache_selected_only': 'False', 'send_anonymous_usage_stats': 'True', 'no_print': 'None', 'introspect': 'True', 'empty': 'False', 'target_path': 'None', 'fail_fast': 'False', 'partial_parse': 'True', 'indirect_selection': 'eager', 'debug': 'False', 'warn_error': 'None', 'use_colors': 'True', 'write_json': 'True', 'quiet': 'False', 'version_check': 'True', 'log_cache_events': 'False', 'profiles_dir': '/Users/macbook/Desktop/Enpal/Take-Home-Assessment/REPO/dbt_enpal_assessment', 'use_experimental_parser': 'False', 'warn_error_options': 'WarnErrorOptionsV2(error=[], warn=[], silence=[])', 'log_format': 'default', 'static_parser': 'True'}
[0m18:55:37.298770 [debug] [MainThread]: Sending event: {'category': 'dbt', 'action': 'project_id', 'label': 'e40974d6-e95f-4311-a225-c48f0f2e2297', 'context': [<snowplow_tracker.self_describing_json.SelfDescribingJson object at 0x7fed19e78460>]}
[0m18:55:37.379233 [debug] [MainThread]: Sending event: {'category': 'dbt', 'action': 'adapter_info', 'label': 'e40974d6-e95f-4311-a225-c48f0f2e2297', 'context': [<snowplow_tracker.self_describing_json.SelfDescribingJson object at 0x7fed1b1742b0>]}
[0m18:55:37.382061 [info ] [MainThread]: Registered adapter: postgres=1.9.1
[0m18:55:37.588743 [debug] [MainThread]: checksum: 9f0c81e2574b4ff463f3d16d080df83c6982fc0372c9feeacae0504ac9ea3ffe, vars: {}, profile: , target: , version: 1.10.13
[0m18:55:37.589942 [info ] [MainThread]: Unable to do partial parsing because saved manifest not found. Starting full parse.
[0m18:55:37.590528 [debug] [MainThread]: Sending event: {'category': 'dbt', 'action': 'partial_parser', 'label': 'e40974d6-e95f-4311-a225-c48f0f2e2297', 'context': [<snowplow_tracker.self_describing_json.SelfDescribingJson object at 0x7fed1b33bc10>]}
[0m18:55:39.420907 [debug] [MainThread]: Sending event: {'category': 'dbt', 'action': 'load_project', 'label': 'e40974d6-e95f-4311-a225-c48f0f2e2297', 'context': [<snowplow_tracker.self_describing_json.SelfDescribingJson object at 0x7fed1cbd11e0>]}
[0m18:55:39.613148 [debug] [MainThread]: Wrote artifact WritableManifest to /Users/macbook/Desktop/ENPAL/Take-Home-Assessment/REPO/dbt_enpal_assessment/target/manifest.json
[0m18:55:39.616699 [debug] [MainThread]: Wrote artifact SemanticManifest to /Users/macbook/Desktop/ENPAL/Take-Home-Assessment/REPO/dbt_enpal_assessment/target/semantic_manifest.json
[0m18:55:39.640361 [debug] [MainThread]: Sending event: {'category': 'dbt', 'action': 'resource_counts', 'label': 'e40974d6-e95f-4311-a225-c48f0f2e2297', 'context': [<snowplow_tracker.self_describing_json.SelfDescribingJson object at 0x7fed1ca13970>]}
[0m18:55:39.641068 [info ] [MainThread]: Found 9 models, 17 data tests, 6 sources, 447 macros
[0m18:55:39.641588 [debug] [MainThread]: Sending event: {'category': 'dbt', 'action': 'runnable_timing', 'label': 'e40974d6-e95f-4311-a225-c48f0f2e2297', 'context': [<snowplow_tracker.self_describing_json.SelfDescribingJson object at 0x7fed1cbd28c0>]}
[0m18:55:39.643681 [info ] [MainThread]: 
[0m18:55:39.644202 [info ] [MainThread]: Concurrency: 1 threads (target='dev')
[0m18:55:39.644638 [info ] [MainThread]: 
[0m18:55:39.645264 [debug] [MainThread]: Acquiring new postgres connection 'master'
[0m18:55:39.651167 [debug] [ThreadPool]: Acquiring new postgres connection 'list_postgres'
[0m18:55:39.732945 [debug] [ThreadPool]: Using postgres connection "list_postgres"
[0m18:55:39.733642 [debug] [ThreadPool]: On list_postgres: /* {"app": "dbt", "dbt_version": "1.10.13", "profile_name": "enpal_assessment_project", "target_name": "dev", "connection_name": "list_postgres"} */

    select distinct nspname from pg_namespace
  
[0m18:55:39.734727 [debug] [ThreadPool]: Opening a new connection, currently in state init
[0m18:55:39.814133 [debug] [ThreadPool]: SQL status: SELECT 5 in 0.079 seconds
[0m18:55:39.815989 [debug] [ThreadPool]: On list_postgres: Close
[0m18:55:39.818206 [debug] [ThreadPool]: Re-using an available connection from the pool (formerly list_postgres, now list_postgres_public_pipedrive_analytics)
[0m18:55:39.825542 [debug] [ThreadPool]: Using postgres connection "list_postgres_public_pipedrive_analytics"
[0m18:55:39.826073 [debug] [ThreadPool]: On list_postgres_public_pipedrive_analytics: BEGIN
[0m18:55:39.826456 [debug] [ThreadPool]: Opening a new connection, currently in state closed
[0m18:55:39.841765 [debug] [ThreadPool]: SQL status: BEGIN in 0.015 seconds
[0m18:55:39.842728 [debug] [ThreadPool]: Using postgres connection "list_postgres_public_pipedrive_analytics"
[0m18:55:39.843786 [debug] [ThreadPool]: On list_postgres_public_pipedrive_analytics: /* {"app": "dbt", "dbt_version": "1.10.13", "profile_name": "enpal_assessment_project", "target_name": "dev", "connection_name": "list_postgres_public_pipedrive_analytics"} */
select
      'postgres' as database,
      tablename as name,
      schemaname as schema,
      'table' as type
    from pg_tables
    where schemaname ilike 'public_pipedrive_analytics'
    union all
    select
      'postgres' as database,
      viewname as name,
      schemaname as schema,
      'view' as type
    from pg_views
    where schemaname ilike 'public_pipedrive_analytics'
    union all
    select
      'postgres' as database,
      matviewname as name,
      schemaname as schema,
      'materialized_view' as type
    from pg_matviews
    where schemaname ilike 'public_pipedrive_analytics'
  
[0m18:55:39.847697 [debug] [ThreadPool]: SQL status: SELECT 9 in 0.003 seconds
[0m18:55:39.849507 [debug] [ThreadPool]: On list_postgres_public_pipedrive_analytics: ROLLBACK
[0m18:55:39.850666 [debug] [ThreadPool]: On list_postgres_public_pipedrive_analytics: Close
[0m18:55:39.859364 [debug] [MainThread]: Using postgres connection "master"
[0m18:55:39.859913 [debug] [MainThread]: On master: BEGIN
[0m18:55:39.860358 [debug] [MainThread]: Opening a new connection, currently in state init
[0m18:55:39.876506 [debug] [MainThread]: SQL status: BEGIN in 0.016 seconds
[0m18:55:39.878030 [debug] [MainThread]: Using postgres connection "master"
[0m18:55:39.879050 [debug] [MainThread]: On master: /* {"app": "dbt", "dbt_version": "1.10.13", "profile_name": "enpal_assessment_project", "target_name": "dev", "connection_name": "master"} */
select distinct
        dependent_namespace.nspname as dependent_schema,
        dependent_class.relname as dependent_name,
        referenced_namespace.nspname as referenced_schema,
        referenced_class.relname as referenced_name

    -- Query for views: views are entries in pg_class with an entry in pg_rewrite, but we avoid
    -- a seq scan on pg_rewrite by leveraging the fact there is an "internal" row in pg_depend for
    -- the view...
    from pg_class as dependent_class
    join pg_namespace as dependent_namespace on dependent_namespace.oid = dependent_class.relnamespace
    join pg_depend as dependent_depend on dependent_depend.refobjid = dependent_class.oid
        and dependent_depend.classid = 'pg_rewrite'::regclass
        and dependent_depend.refclassid = 'pg_class'::regclass
        and dependent_depend.deptype = 'i'

    -- ... and via pg_depend (that has a row per column, hence the need for "distinct" above, and
    -- making sure to exclude the internal row to avoid a view appearing to depend on itself)...
    join pg_depend as joining_depend on joining_depend.objid = dependent_depend.objid
        and joining_depend.classid = 'pg_rewrite'::regclass
        and joining_depend.refclassid = 'pg_class'::regclass
        and joining_depend.refobjid != dependent_depend.refobjid

    -- ... we can find the tables they query from in pg_class, but excluding system tables. Note we
    -- don't need need to exclude _dependent_ system tables, because they only query from other
    -- system tables, and so are automatically excluded by excluding _referenced_ system tables
    join pg_class as referenced_class on referenced_class.oid = joining_depend.refobjid
    join pg_namespace as referenced_namespace on referenced_namespace.oid = referenced_class.relnamespace
        and referenced_namespace.nspname != 'information_schema'
        and referenced_namespace.nspname not like 'pg\_%'

    order by
        dependent_schema, dependent_name, referenced_schema, referenced_name;
[0m18:55:39.889479 [debug] [MainThread]: SQL status: SELECT 8 in 0.010 seconds
[0m18:55:39.891939 [debug] [MainThread]: Sending event: {'category': 'dbt', 'action': 'runnable_timing', 'label': 'e40974d6-e95f-4311-a225-c48f0f2e2297', 'context': [<snowplow_tracker.self_describing_json.SelfDescribingJson object at 0x7fed1ca12dd0>]}
[0m18:55:39.892686 [debug] [MainThread]: On master: ROLLBACK
[0m18:55:39.894062 [debug] [MainThread]: Using postgres connection "master"
[0m18:55:39.894745 [debug] [MainThread]: On master: BEGIN
[0m18:55:39.897827 [debug] [MainThread]: SQL status: BEGIN in 0.002 seconds
[0m18:55:39.899598 [debug] [MainThread]: On master: COMMIT
[0m18:55:39.900597 [debug] [MainThread]: Using postgres connection "master"
[0m18:55:39.901503 [debug] [MainThread]: On master: COMMIT
[0m18:55:39.902931 [debug] [MainThread]: SQL status: COMMIT in 0.001 seconds
[0m18:55:39.903556 [debug] [MainThread]: On master: Close
[0m18:55:39.907775 [debug] [Thread-1 (]: Began running node model.enpal_assessment_project.int_activity_events
[0m18:55:39.908599 [info ] [Thread-1 (]: 1 of 3 START sql view model public_pipedrive_analytics.int_activity_events ..... [RUN]
[0m18:55:39.909598 [debug] [Thread-1 (]: Re-using an available connection from the pool (formerly list_postgres_public_pipedrive_analytics, now model.enpal_assessment_project.int_activity_events)
[0m18:55:39.910228 [debug] [Thread-1 (]: Began compiling node model.enpal_assessment_project.int_activity_events
[0m18:55:39.920916 [debug] [Thread-1 (]: Writing injected SQL for node "model.enpal_assessment_project.int_activity_events"
[0m18:55:39.922193 [debug] [Thread-1 (]: Began executing node model.enpal_assessment_project.int_activity_events
[0m18:55:39.969236 [debug] [Thread-1 (]: Writing runtime sql for node "model.enpal_assessment_project.int_activity_events"
[0m18:55:39.970978 [debug] [Thread-1 (]: Using postgres connection "model.enpal_assessment_project.int_activity_events"
[0m18:55:39.971998 [debug] [Thread-1 (]: On model.enpal_assessment_project.int_activity_events: BEGIN
[0m18:55:39.972573 [debug] [Thread-1 (]: Opening a new connection, currently in state closed
[0m18:55:39.989273 [debug] [Thread-1 (]: SQL status: BEGIN in 0.017 seconds
[0m18:55:39.990398 [debug] [Thread-1 (]: Using postgres connection "model.enpal_assessment_project.int_activity_events"
[0m18:55:39.991317 [debug] [Thread-1 (]: On model.enpal_assessment_project.int_activity_events: /* {"app": "dbt", "dbt_version": "1.10.13", "profile_name": "enpal_assessment_project", "target_name": "dev", "node_id": "model.enpal_assessment_project.int_activity_events"} */

  create view "postgres"."public_pipedrive_analytics"."int_activity_events__dbt_tmp"
    
    
  as (
    

select
  a.deal_id,
  a.due_to::timestamp as activity_date,
  at.activity_type_name,
  at.activity_type_key,
  a.is_done as is_completed
from "postgres"."public_pipedrive_analytics"."stg_activity" a
left join "postgres"."public_pipedrive_analytics"."stg_activity_types" at
  on a.activity_type_key = at.activity_type_key
where a.deal_id is not null
  );
[0m18:55:39.998472 [debug] [Thread-1 (]: SQL status: CREATE VIEW in 0.006 seconds
[0m18:55:40.016396 [debug] [Thread-1 (]: Using postgres connection "model.enpal_assessment_project.int_activity_events"
[0m18:55:40.017211 [debug] [Thread-1 (]: On model.enpal_assessment_project.int_activity_events: /* {"app": "dbt", "dbt_version": "1.10.13", "profile_name": "enpal_assessment_project", "target_name": "dev", "node_id": "model.enpal_assessment_project.int_activity_events"} */
alter table "postgres"."public_pipedrive_analytics"."int_activity_events__dbt_tmp" rename to "int_activity_events"
[0m18:55:40.019047 [debug] [Thread-1 (]: SQL status: ALTER TABLE in 0.001 seconds
[0m18:55:40.054784 [debug] [Thread-1 (]: On model.enpal_assessment_project.int_activity_events: COMMIT
[0m18:55:40.055451 [debug] [Thread-1 (]: Using postgres connection "model.enpal_assessment_project.int_activity_events"
[0m18:55:40.055919 [debug] [Thread-1 (]: On model.enpal_assessment_project.int_activity_events: COMMIT
[0m18:55:40.061064 [debug] [Thread-1 (]: SQL status: COMMIT in 0.005 seconds
[0m18:55:40.072930 [debug] [Thread-1 (]: Applying DROP to: "postgres"."public_pipedrive_analytics"."int_activity_events__dbt_backup"
[0m18:55:40.079130 [debug] [Thread-1 (]: Using postgres connection "model.enpal_assessment_project.int_activity_events"
[0m18:55:40.079783 [debug] [Thread-1 (]: On model.enpal_assessment_project.int_activity_events: /* {"app": "dbt", "dbt_version": "1.10.13", "profile_name": "enpal_assessment_project", "target_name": "dev", "node_id": "model.enpal_assessment_project.int_activity_events"} */
drop view if exists "postgres"."public_pipedrive_analytics"."int_activity_events__dbt_backup" cascade
[0m18:55:40.081167 [debug] [Thread-1 (]: SQL status: DROP VIEW in 0.001 seconds
[0m18:55:40.084999 [debug] [Thread-1 (]: On model.enpal_assessment_project.int_activity_events: Close
[0m18:55:40.088205 [debug] [Thread-1 (]: Sending event: {'category': 'dbt', 'action': 'run_model', 'label': 'e40974d6-e95f-4311-a225-c48f0f2e2297', 'context': [<snowplow_tracker.self_describing_json.SelfDescribingJson object at 0x7fed185447f0>]}
[0m18:55:40.089123 [info ] [Thread-1 (]: 1 of 3 OK created sql view model public_pipedrive_analytics.int_activity_events  [[32mCREATE VIEW[0m in 0.18s]
[0m18:55:40.089971 [debug] [Thread-1 (]: Finished running node model.enpal_assessment_project.int_activity_events
[0m18:55:40.090633 [debug] [Thread-1 (]: Began running node model.enpal_assessment_project.int_stage_transitions
[0m18:55:40.091336 [info ] [Thread-1 (]: 2 of 3 START sql view model public_pipedrive_analytics.int_stage_transitions ... [RUN]
[0m18:55:40.092020 [debug] [Thread-1 (]: Re-using an available connection from the pool (formerly model.enpal_assessment_project.int_activity_events, now model.enpal_assessment_project.int_stage_transitions)
[0m18:55:40.092639 [debug] [Thread-1 (]: Began compiling node model.enpal_assessment_project.int_stage_transitions
[0m18:55:40.097356 [debug] [Thread-1 (]: Writing injected SQL for node "model.enpal_assessment_project.int_stage_transitions"
[0m18:55:40.098361 [debug] [Thread-1 (]: Began executing node model.enpal_assessment_project.int_stage_transitions
[0m18:55:40.104543 [debug] [Thread-1 (]: Writing runtime sql for node "model.enpal_assessment_project.int_stage_transitions"
[0m18:55:40.105494 [debug] [Thread-1 (]: Using postgres connection "model.enpal_assessment_project.int_stage_transitions"
[0m18:55:40.105979 [debug] [Thread-1 (]: On model.enpal_assessment_project.int_stage_transitions: BEGIN
[0m18:55:40.106596 [debug] [Thread-1 (]: Opening a new connection, currently in state closed
[0m18:55:40.135648 [debug] [Thread-1 (]: SQL status: BEGIN in 0.027 seconds
[0m18:55:40.136513 [debug] [Thread-1 (]: Using postgres connection "model.enpal_assessment_project.int_stage_transitions"
[0m18:55:40.137119 [debug] [Thread-1 (]: On model.enpal_assessment_project.int_stage_transitions: /* {"app": "dbt", "dbt_version": "1.10.13", "profile_name": "enpal_assessment_project", "target_name": "dev", "node_id": "model.enpal_assessment_project.int_stage_transitions"} */

  create view "postgres"."public_pipedrive_analytics"."int_stage_transitions__dbt_tmp"
    
    
  as (
    

select
  dc.deal_id,
  dc.change_time::timestamp as change_time,
  dc.new_value::int as stage_id,
  s.stage_name
from "postgres"."public_pipedrive_analytics"."stg_deal_changes" dc
left join "postgres"."public_pipedrive_analytics"."stg_stages" s
  on dc.new_value::int = s.stage_id
where dc.changed_field_key = 'stage_id'
  );
[0m18:55:40.141481 [debug] [Thread-1 (]: SQL status: CREATE VIEW in 0.004 seconds
[0m18:55:40.146368 [debug] [Thread-1 (]: Using postgres connection "model.enpal_assessment_project.int_stage_transitions"
[0m18:55:40.146916 [debug] [Thread-1 (]: On model.enpal_assessment_project.int_stage_transitions: /* {"app": "dbt", "dbt_version": "1.10.13", "profile_name": "enpal_assessment_project", "target_name": "dev", "node_id": "model.enpal_assessment_project.int_stage_transitions"} */
alter table "postgres"."public_pipedrive_analytics"."int_stage_transitions" rename to "int_stage_transitions__dbt_backup"
[0m18:55:40.150419 [debug] [Thread-1 (]: SQL status: ALTER TABLE in 0.003 seconds
[0m18:55:40.156048 [debug] [Thread-1 (]: Using postgres connection "model.enpal_assessment_project.int_stage_transitions"
[0m18:55:40.156624 [debug] [Thread-1 (]: On model.enpal_assessment_project.int_stage_transitions: /* {"app": "dbt", "dbt_version": "1.10.13", "profile_name": "enpal_assessment_project", "target_name": "dev", "node_id": "model.enpal_assessment_project.int_stage_transitions"} */
alter table "postgres"."public_pipedrive_analytics"."int_stage_transitions__dbt_tmp" rename to "int_stage_transitions"
[0m18:55:40.158072 [debug] [Thread-1 (]: SQL status: ALTER TABLE in 0.001 seconds
[0m18:55:40.162552 [debug] [Thread-1 (]: On model.enpal_assessment_project.int_stage_transitions: COMMIT
[0m18:55:40.163112 [debug] [Thread-1 (]: Using postgres connection "model.enpal_assessment_project.int_stage_transitions"
[0m18:55:40.163569 [debug] [Thread-1 (]: On model.enpal_assessment_project.int_stage_transitions: COMMIT
[0m18:55:40.167324 [debug] [Thread-1 (]: SQL status: COMMIT in 0.003 seconds
[0m18:55:40.172133 [debug] [Thread-1 (]: Applying DROP to: "postgres"."public_pipedrive_analytics"."int_stage_transitions__dbt_backup"
[0m18:55:40.173253 [debug] [Thread-1 (]: Using postgres connection "model.enpal_assessment_project.int_stage_transitions"
[0m18:55:40.173797 [debug] [Thread-1 (]: On model.enpal_assessment_project.int_stage_transitions: /* {"app": "dbt", "dbt_version": "1.10.13", "profile_name": "enpal_assessment_project", "target_name": "dev", "node_id": "model.enpal_assessment_project.int_stage_transitions"} */
drop view if exists "postgres"."public_pipedrive_analytics"."int_stage_transitions__dbt_backup" cascade
[0m18:55:40.178201 [debug] [Thread-1 (]: SQL status: DROP VIEW in 0.004 seconds
[0m18:55:40.179844 [debug] [Thread-1 (]: On model.enpal_assessment_project.int_stage_transitions: Close
[0m18:55:40.180672 [debug] [Thread-1 (]: Sending event: {'category': 'dbt', 'action': 'run_model', 'label': 'e40974d6-e95f-4311-a225-c48f0f2e2297', 'context': [<snowplow_tracker.self_describing_json.SelfDescribingJson object at 0x7fed1add89d0>]}
[0m18:55:40.181772 [info ] [Thread-1 (]: 2 of 3 OK created sql view model public_pipedrive_analytics.int_stage_transitions  [[32mCREATE VIEW[0m in 0.09s]
[0m18:55:40.183388 [debug] [Thread-1 (]: Finished running node model.enpal_assessment_project.int_stage_transitions
[0m18:55:40.184470 [debug] [Thread-1 (]: Began running node model.enpal_assessment_project.rep_sales_funnel_monthly
[0m18:55:40.185218 [info ] [Thread-1 (]: 3 of 3 START sql table model public_pipedrive_analytics.rep_sales_funnel_monthly  [RUN]
[0m18:55:40.185915 [debug] [Thread-1 (]: Re-using an available connection from the pool (formerly model.enpal_assessment_project.int_stage_transitions, now model.enpal_assessment_project.rep_sales_funnel_monthly)
[0m18:55:40.186429 [debug] [Thread-1 (]: Began compiling node model.enpal_assessment_project.rep_sales_funnel_monthly
[0m18:55:40.190424 [debug] [Thread-1 (]: Writing injected SQL for node "model.enpal_assessment_project.rep_sales_funnel_monthly"
[0m18:55:40.191387 [debug] [Thread-1 (]: Began executing node model.enpal_assessment_project.rep_sales_funnel_monthly
[0m18:55:40.219720 [debug] [Thread-1 (]: Writing runtime sql for node "model.enpal_assessment_project.rep_sales_funnel_monthly"
[0m18:55:40.220876 [debug] [Thread-1 (]: Using postgres connection "model.enpal_assessment_project.rep_sales_funnel_monthly"
[0m18:55:40.221408 [debug] [Thread-1 (]: On model.enpal_assessment_project.rep_sales_funnel_monthly: BEGIN
[0m18:55:40.221890 [debug] [Thread-1 (]: Opening a new connection, currently in state closed
[0m18:55:40.241805 [debug] [Thread-1 (]: SQL status: BEGIN in 0.019 seconds
[0m18:55:40.243992 [debug] [Thread-1 (]: Using postgres connection "model.enpal_assessment_project.rep_sales_funnel_monthly"
[0m18:55:40.245092 [debug] [Thread-1 (]: On model.enpal_assessment_project.rep_sales_funnel_monthly: /* {"app": "dbt", "dbt_version": "1.10.13", "profile_name": "enpal_assessment_project", "target_name": "dev", "node_id": "model.enpal_assessment_project.rep_sales_funnel_monthly"} */

  
    

  create  table "postgres"."public_pipedrive_analytics"."rep_sales_funnel_monthly__dbt_tmp"
  
  
    as
  
  (
    

with stage_transitions as (
    select
        date_trunc('month', change_time) as month,
        stage_name as kpi_name,
        stage_name as funnel_step,
        count(distinct deal_id) as deals_count
    from "postgres"."public_pipedrive_analytics"."int_stage_transitions"
    group by 1, 2, 3
),

activity_events as (
    select
        date_trunc('month', activity_date) as month,
        activity_type_name as kpi_name,
        activity_type_name as funnel_step,
        count(distinct deal_id) as deals_count
    from "postgres"."public_pipedrive_analytics"."int_activity_events"
    where is_completed = true
    group by 1, 2, 3
)

select *
from stage_transitions
union all
select *
from activity_events
  );
  
[0m18:55:40.286138 [debug] [Thread-1 (]: SQL status: SELECT 146 in 0.040 seconds
[0m18:55:40.294367 [debug] [Thread-1 (]: Using postgres connection "model.enpal_assessment_project.rep_sales_funnel_monthly"
[0m18:55:40.294934 [debug] [Thread-1 (]: On model.enpal_assessment_project.rep_sales_funnel_monthly: /* {"app": "dbt", "dbt_version": "1.10.13", "profile_name": "enpal_assessment_project", "target_name": "dev", "node_id": "model.enpal_assessment_project.rep_sales_funnel_monthly"} */
alter table "postgres"."public_pipedrive_analytics"."rep_sales_funnel_monthly" rename to "rep_sales_funnel_monthly__dbt_backup"
[0m18:55:40.296264 [debug] [Thread-1 (]: SQL status: ALTER TABLE in 0.001 seconds
[0m18:55:40.300713 [debug] [Thread-1 (]: Using postgres connection "model.enpal_assessment_project.rep_sales_funnel_monthly"
[0m18:55:40.301443 [debug] [Thread-1 (]: On model.enpal_assessment_project.rep_sales_funnel_monthly: /* {"app": "dbt", "dbt_version": "1.10.13", "profile_name": "enpal_assessment_project", "target_name": "dev", "node_id": "model.enpal_assessment_project.rep_sales_funnel_monthly"} */
alter table "postgres"."public_pipedrive_analytics"."rep_sales_funnel_monthly__dbt_tmp" rename to "rep_sales_funnel_monthly"
[0m18:55:40.302974 [debug] [Thread-1 (]: SQL status: ALTER TABLE in 0.001 seconds
[0m18:55:40.305120 [debug] [Thread-1 (]: On model.enpal_assessment_project.rep_sales_funnel_monthly: COMMIT
[0m18:55:40.305740 [debug] [Thread-1 (]: Using postgres connection "model.enpal_assessment_project.rep_sales_funnel_monthly"
[0m18:55:40.306369 [debug] [Thread-1 (]: On model.enpal_assessment_project.rep_sales_funnel_monthly: COMMIT
[0m18:55:40.308764 [debug] [Thread-1 (]: SQL status: COMMIT in 0.002 seconds
[0m18:55:40.312110 [debug] [Thread-1 (]: Applying DROP to: "postgres"."public_pipedrive_analytics"."rep_sales_funnel_monthly__dbt_backup"
[0m18:55:40.315290 [debug] [Thread-1 (]: Using postgres connection "model.enpal_assessment_project.rep_sales_funnel_monthly"
[0m18:55:40.315934 [debug] [Thread-1 (]: On model.enpal_assessment_project.rep_sales_funnel_monthly: /* {"app": "dbt", "dbt_version": "1.10.13", "profile_name": "enpal_assessment_project", "target_name": "dev", "node_id": "model.enpal_assessment_project.rep_sales_funnel_monthly"} */
drop table if exists "postgres"."public_pipedrive_analytics"."rep_sales_funnel_monthly__dbt_backup" cascade
[0m18:55:40.325845 [debug] [Thread-1 (]: SQL status: DROP TABLE in 0.009 seconds
[0m18:55:40.327760 [debug] [Thread-1 (]: On model.enpal_assessment_project.rep_sales_funnel_monthly: Close
[0m18:55:40.328658 [debug] [Thread-1 (]: Sending event: {'category': 'dbt', 'action': 'run_model', 'label': 'e40974d6-e95f-4311-a225-c48f0f2e2297', 'context': [<snowplow_tracker.self_describing_json.SelfDescribingJson object at 0x7fed1b5b1a20>]}
[0m18:55:40.329731 [info ] [Thread-1 (]: 3 of 3 OK created sql table model public_pipedrive_analytics.rep_sales_funnel_monthly  [[32mSELECT 146[0m in 0.14s]
[0m18:55:40.330685 [debug] [Thread-1 (]: Finished running node model.enpal_assessment_project.rep_sales_funnel_monthly
[0m18:55:40.332479 [debug] [MainThread]: Using postgres connection "master"
[0m18:55:40.332963 [debug] [MainThread]: On master: BEGIN
[0m18:55:40.333421 [debug] [MainThread]: Opening a new connection, currently in state closed
[0m18:55:40.351025 [debug] [MainThread]: SQL status: BEGIN in 0.017 seconds
[0m18:55:40.352058 [debug] [MainThread]: On master: COMMIT
[0m18:55:40.353115 [debug] [MainThread]: Using postgres connection "master"
[0m18:55:40.353769 [debug] [MainThread]: On master: COMMIT
[0m18:55:40.355303 [debug] [MainThread]: SQL status: COMMIT in 0.001 seconds
[0m18:55:40.355827 [debug] [MainThread]: On master: Close
[0m18:55:40.356467 [debug] [MainThread]: Connection 'master' was properly closed.
[0m18:55:40.356936 [debug] [MainThread]: Connection 'model.enpal_assessment_project.rep_sales_funnel_monthly' was properly closed.
[0m18:55:40.357546 [info ] [MainThread]: 
[0m18:55:40.358115 [info ] [MainThread]: Finished running 1 table model, 2 view models in 0 hours 0 minutes and 0.71 seconds (0.71s).
[0m18:55:40.362239 [debug] [MainThread]: Command end result
[0m18:55:40.405528 [debug] [MainThread]: Wrote artifact WritableManifest to /Users/macbook/Desktop/ENPAL/Take-Home-Assessment/REPO/dbt_enpal_assessment/target/manifest.json
[0m18:55:40.407881 [debug] [MainThread]: Wrote artifact SemanticManifest to /Users/macbook/Desktop/ENPAL/Take-Home-Assessment/REPO/dbt_enpal_assessment/target/semantic_manifest.json
[0m18:55:40.416105 [debug] [MainThread]: Wrote artifact RunExecutionResult to /Users/macbook/Desktop/ENPAL/Take-Home-Assessment/REPO/dbt_enpal_assessment/target/run_results.json
[0m18:55:40.416628 [info ] [MainThread]: 
[0m18:55:40.417448 [info ] [MainThread]: [32mCompleted successfully[0m
[0m18:55:40.418161 [info ] [MainThread]: 
[0m18:55:40.418850 [info ] [MainThread]: Done. PASS=3 WARN=0 ERROR=0 SKIP=0 NO-OP=0 TOTAL=3
[0m18:55:40.421076 [debug] [MainThread]: Resource report: {"command_name": "run", "command_success": true, "command_wall_clock_time": 3.5120554, "process_in_blocks": "0", "process_kernel_time": 0.479559, "process_mem_max_rss": "126967808", "process_out_blocks": "0", "process_user_time": 4.423339}
[0m18:55:40.422040 [debug] [MainThread]: Command `dbt run` succeeded at 18:55:40.421850 after 3.51 seconds
[0m18:55:40.422773 [debug] [MainThread]: Sending event: {'category': 'dbt', 'action': 'invocation', 'label': 'end', 'context': [<snowplow_tracker.self_describing_json.SelfDescribingJson object at 0x7fed19cb0520>, <snowplow_tracker.self_describing_json.SelfDescribingJson object at 0x7fed19e76320>, <snowplow_tracker.self_describing_json.SelfDescribingJson object at 0x7fed1c8e1960>]}
[0m18:55:40.423553 [debug] [MainThread]: Flushing usage events
[0m18:55:40.903912 [debug] [MainThread]: An error was encountered while trying to flush usage events
[0m18:55:43.128599 [debug] [MainThread]: Sending event: {'category': 'dbt', 'action': 'invocation', 'label': 'start', 'context': [<snowplow_tracker.self_describing_json.SelfDescribingJson object at 0x7f988ccb4580>, <snowplow_tracker.self_describing_json.SelfDescribingJson object at 0x7f988df35c00>, <snowplow_tracker.self_describing_json.SelfDescribingJson object at 0x7f988df35510>]}


============================== 18:55:43.134479 | 286495dd-0087-408e-97b1-5de2d3880d43 ==============================
[0m18:55:43.134479 [info ] [MainThread]: Running with dbt=1.10.13
[0m18:55:43.135350 [debug] [MainThread]: running dbt with arguments {'introspect': 'True', 'log_cache_events': 'False', 'log_format': 'default', 'profiles_dir': '/Users/macbook/Desktop/Enpal/Take-Home-Assessment/REPO/dbt_enpal_assessment', 'warn_error': 'None', 'invocation_command': 'dbt test --select intermediate marts', 'write_json': 'True', 'target_path': 'None', 'fail_fast': 'False', 'cache_selected_only': 'False', 'indirect_selection': 'eager', 'use_experimental_parser': 'False', 'warn_error_options': 'WarnErrorOptionsV2(error=[], warn=[], silence=[])', 'send_anonymous_usage_stats': 'True', 'printer_width': '80', 'log_path': '/Users/macbook/Desktop/ENPAL/Take-Home-Assessment/REPO/dbt_enpal_assessment/logs', 'no_print': 'None', 'debug': 'False', 'static_parser': 'True', 'partial_parse': 'True', 'version_check': 'True', 'use_colors': 'True', 'quiet': 'False', 'empty': 'None'}
[0m18:55:43.397872 [debug] [MainThread]: Sending event: {'category': 'dbt', 'action': 'project_id', 'label': '286495dd-0087-408e-97b1-5de2d3880d43', 'context': [<snowplow_tracker.self_describing_json.SelfDescribingJson object at 0x7f988b2df0a0>]}
[0m18:55:43.484041 [debug] [MainThread]: Sending event: {'category': 'dbt', 'action': 'adapter_info', 'label': '286495dd-0087-408e-97b1-5de2d3880d43', 'context': [<snowplow_tracker.self_describing_json.SelfDescribingJson object at 0x7f988dd68640>]}
[0m18:55:43.485111 [info ] [MainThread]: Registered adapter: postgres=1.9.1
[0m18:55:43.676639 [debug] [MainThread]: checksum: 9f0c81e2574b4ff463f3d16d080df83c6982fc0372c9feeacae0504ac9ea3ffe, vars: {}, profile: , target: , version: 1.10.13
[0m18:55:43.862576 [debug] [MainThread]: Partial parsing enabled: 0 files deleted, 0 files added, 0 files changed.
[0m18:55:43.863139 [debug] [MainThread]: Partial parsing enabled, no changes found, skipping parsing
[0m18:55:43.948845 [debug] [MainThread]: Sending event: {'category': 'dbt', 'action': 'load_project', 'label': '286495dd-0087-408e-97b1-5de2d3880d43', 'context': [<snowplow_tracker.self_describing_json.SelfDescribingJson object at 0x7f988f127fa0>]}
[0m18:55:44.179247 [debug] [MainThread]: Wrote artifact WritableManifest to /Users/macbook/Desktop/ENPAL/Take-Home-Assessment/REPO/dbt_enpal_assessment/target/manifest.json
[0m18:55:44.182105 [debug] [MainThread]: Wrote artifact SemanticManifest to /Users/macbook/Desktop/ENPAL/Take-Home-Assessment/REPO/dbt_enpal_assessment/target/semantic_manifest.json
[0m18:55:44.210609 [debug] [MainThread]: Sending event: {'category': 'dbt', 'action': 'resource_counts', 'label': '286495dd-0087-408e-97b1-5de2d3880d43', 'context': [<snowplow_tracker.self_describing_json.SelfDescribingJson object at 0x7f988f146410>]}
[0m18:55:44.211274 [info ] [MainThread]: Found 9 models, 17 data tests, 6 sources, 447 macros
[0m18:55:44.211872 [debug] [MainThread]: Sending event: {'category': 'dbt', 'action': 'runnable_timing', 'label': '286495dd-0087-408e-97b1-5de2d3880d43', 'context': [<snowplow_tracker.self_describing_json.SelfDescribingJson object at 0x7f988f146440>]}
[0m18:55:44.213784 [warn ] [MainThread]: Nothing to do. Try checking your model configs and model specification args
[0m18:55:44.216408 [debug] [MainThread]: Command end result
[0m18:55:44.247807 [debug] [MainThread]: Wrote artifact WritableManifest to /Users/macbook/Desktop/ENPAL/Take-Home-Assessment/REPO/dbt_enpal_assessment/target/manifest.json
[0m18:55:44.252250 [debug] [MainThread]: Wrote artifact SemanticManifest to /Users/macbook/Desktop/ENPAL/Take-Home-Assessment/REPO/dbt_enpal_assessment/target/semantic_manifest.json
[0m18:55:44.256493 [debug] [MainThread]: Wrote artifact RunExecutionResult to /Users/macbook/Desktop/ENPAL/Take-Home-Assessment/REPO/dbt_enpal_assessment/target/run_results.json
[0m18:55:44.258166 [debug] [MainThread]: Resource report: {"command_name": "test", "command_success": true, "command_wall_clock_time": 1.2266693, "process_in_blocks": "0", "process_kernel_time": 0.366344, "process_mem_max_rss": "111534080", "process_out_blocks": "0", "process_user_time": 2.559363}
[0m18:55:44.258888 [debug] [MainThread]: Command `dbt test` succeeded at 18:55:44.258747 after 1.23 seconds
[0m18:55:44.259417 [debug] [MainThread]: Sending event: {'category': 'dbt', 'action': 'invocation', 'label': 'end', 'context': [<snowplow_tracker.self_describing_json.SelfDescribingJson object at 0x7f988ccb4580>, <snowplow_tracker.self_describing_json.SelfDescribingJson object at 0x7f988ce78940>, <snowplow_tracker.self_describing_json.SelfDescribingJson object at 0x7f988f18d9c0>]}
[0m18:55:44.259905 [debug] [MainThread]: Flushing usage events
[0m18:55:44.955735 [debug] [MainThread]: An error was encountered while trying to flush usage events
[0m18:56:52.840278 [debug] [MainThread]: Sending event: {'category': 'dbt', 'action': 'invocation', 'label': 'start', 'context': [<snowplow_tracker.self_describing_json.SelfDescribingJson object at 0x7fd67b4b84f0>, <snowplow_tracker.self_describing_json.SelfDescribingJson object at 0x7fd67d0a9930>, <snowplow_tracker.self_describing_json.SelfDescribingJson object at 0x7fd67d0a9240>]}


============================== 18:56:52.848548 | 707402aa-e8c1-49cd-8a3b-cccd090ed61f ==============================
[0m18:56:52.848548 [info ] [MainThread]: Running with dbt=1.10.13
[0m18:56:52.852428 [debug] [MainThread]: running dbt with arguments {'introspect': 'True', 'use_experimental_parser': 'False', 'no_print': 'None', 'warn_error': 'None', 'target_path': 'None', 'cache_selected_only': 'False', 'send_anonymous_usage_stats': 'True', 'invocation_command': 'dbt clean', 'empty': 'None', 'static_parser': 'True', 'quiet': 'False', 'partial_parse': 'True', 'fail_fast': 'False', 'log_cache_events': 'False', 'use_colors': 'True', 'indirect_selection': 'eager', 'printer_width': '80', 'warn_error_options': 'WarnErrorOptionsV2(error=[], warn=[], silence=[])', 'profiles_dir': '/Users/macbook/Desktop/Enpal/Take-Home-Assessment/REPO/dbt_enpal_assessment', 'version_check': 'True', 'write_json': 'True', 'debug': 'False', 'log_path': '/Users/macbook/Desktop/ENPAL/Take-Home-Assessment/REPO/dbt_enpal_assessment/logs', 'log_format': 'default'}
[0m18:56:53.337360 [debug] [MainThread]: Sending event: {'category': 'dbt', 'action': 'project_id', 'label': '707402aa-e8c1-49cd-8a3b-cccd090ed61f', 'context': [<snowplow_tracker.self_describing_json.SelfDescribingJson object at 0x7fd67d0a3c70>]}
[0m18:56:53.391828 [debug] [MainThread]: Resource report: {"command_name": "clean", "command_success": true, "command_wall_clock_time": 0.66212964, "process_in_blocks": "0", "process_kernel_time": 0.652502, "process_mem_max_rss": "98942976", "process_out_blocks": "0", "process_user_time": 2.371376}
[0m18:56:53.392960 [debug] [MainThread]: Command `dbt clean` succeeded at 18:56:53.392771 after 0.66 seconds
[0m18:56:53.393533 [debug] [MainThread]: Sending event: {'category': 'dbt', 'action': 'invocation', 'label': 'end', 'context': [<snowplow_tracker.self_describing_json.SelfDescribingJson object at 0x7fd67b4b84f0>, <snowplow_tracker.self_describing_json.SelfDescribingJson object at 0x7fd679bebe80>, <snowplow_tracker.self_describing_json.SelfDescribingJson object at 0x7fd67d22a4d0>]}
[0m18:56:53.394047 [debug] [MainThread]: Flushing usage events
[0m18:56:54.066354 [debug] [MainThread]: An error was encountered while trying to flush usage events
[0m18:56:56.495039 [debug] [MainThread]: Sending event: {'category': 'dbt', 'action': 'invocation', 'label': 'start', 'context': [<snowplow_tracker.self_describing_json.SelfDescribingJson object at 0x7f87ac49c4c0>, <snowplow_tracker.self_describing_json.SelfDescribingJson object at 0x7f87adf1d240>, <snowplow_tracker.self_describing_json.SelfDescribingJson object at 0x7f87adf1cb50>]}


============================== 18:56:56.499792 | c9613c9f-656c-43c7-9230-a3ee634627c7 ==============================
[0m18:56:56.499792 [info ] [MainThread]: Running with dbt=1.10.13
[0m18:56:56.500578 [debug] [MainThread]: running dbt with arguments {'write_json': 'True', 'static_parser': 'True', 'warn_error': 'None', 'log_path': '/Users/macbook/Desktop/ENPAL/Take-Home-Assessment/REPO/dbt_enpal_assessment/logs', 'profiles_dir': '/Users/macbook/Desktop/Enpal/Take-Home-Assessment/REPO/dbt_enpal_assessment', 'indirect_selection': 'eager', 'use_experimental_parser': 'False', 'no_print': 'None', 'log_format': 'default', 'warn_error_options': 'WarnErrorOptionsV2(error=[], warn=[], silence=[])', 'send_anonymous_usage_stats': 'True', 'log_cache_events': 'False', 'cache_selected_only': 'False', 'fail_fast': 'False', 'quiet': 'False', 'partial_parse': 'True', 'invocation_command': 'dbt run --select intermediate marts --full-refresh', 'target_path': 'None', 'version_check': 'True', 'introspect': 'True', 'use_colors': 'True', 'empty': 'False', 'debug': 'False', 'printer_width': '80'}
[0m18:56:56.808418 [debug] [MainThread]: Sending event: {'category': 'dbt', 'action': 'project_id', 'label': 'c9613c9f-656c-43c7-9230-a3ee634627c7', 'context': [<snowplow_tracker.self_describing_json.SelfDescribingJson object at 0x7f87adec2680>]}
[0m18:56:56.896711 [debug] [MainThread]: Sending event: {'category': 'dbt', 'action': 'adapter_info', 'label': 'c9613c9f-656c-43c7-9230-a3ee634627c7', 'context': [<snowplow_tracker.self_describing_json.SelfDescribingJson object at 0x7f87add49d20>]}
[0m18:56:56.898396 [info ] [MainThread]: Registered adapter: postgres=1.9.1
[0m18:56:57.106445 [debug] [MainThread]: checksum: 9f0c81e2574b4ff463f3d16d080df83c6982fc0372c9feeacae0504ac9ea3ffe, vars: {}, profile: , target: , version: 1.10.13
[0m18:56:57.107718 [info ] [MainThread]: Unable to do partial parsing because saved manifest not found. Starting full parse.
[0m18:56:57.108380 [debug] [MainThread]: Sending event: {'category': 'dbt', 'action': 'partial_parser', 'label': 'c9613c9f-656c-43c7-9230-a3ee634627c7', 'context': [<snowplow_tracker.self_describing_json.SelfDescribingJson object at 0x7f87ae333bb0>]}
[0m18:56:58.948204 [debug] [MainThread]: Sending event: {'category': 'dbt', 'action': 'load_project', 'label': 'c9613c9f-656c-43c7-9230-a3ee634627c7', 'context': [<snowplow_tracker.self_describing_json.SelfDescribingJson object at 0x7f87aecc9e70>]}
[0m18:56:59.153792 [debug] [MainThread]: Wrote artifact WritableManifest to /Users/macbook/Desktop/ENPAL/Take-Home-Assessment/REPO/dbt_enpal_assessment/target/manifest.json
[0m18:56:59.157557 [debug] [MainThread]: Wrote artifact SemanticManifest to /Users/macbook/Desktop/ENPAL/Take-Home-Assessment/REPO/dbt_enpal_assessment/target/semantic_manifest.json
[0m18:56:59.183499 [debug] [MainThread]: Sending event: {'category': 'dbt', 'action': 'resource_counts', 'label': 'c9613c9f-656c-43c7-9230-a3ee634627c7', 'context': [<snowplow_tracker.self_describing_json.SelfDescribingJson object at 0x7f87ae932650>]}
[0m18:56:59.184322 [info ] [MainThread]: Found 9 models, 23 data tests, 6 sources, 447 macros
[0m18:56:59.184896 [debug] [MainThread]: Sending event: {'category': 'dbt', 'action': 'runnable_timing', 'label': 'c9613c9f-656c-43c7-9230-a3ee634627c7', 'context': [<snowplow_tracker.self_describing_json.SelfDescribingJson object at 0x7f87ae932950>]}
[0m18:56:59.187427 [info ] [MainThread]: 
[0m18:56:59.187963 [info ] [MainThread]: Concurrency: 1 threads (target='dev')
[0m18:56:59.188395 [info ] [MainThread]: 
[0m18:56:59.189106 [debug] [MainThread]: Acquiring new postgres connection 'master'
[0m18:56:59.195548 [debug] [ThreadPool]: Acquiring new postgres connection 'list_postgres'
[0m18:56:59.349078 [debug] [ThreadPool]: Using postgres connection "list_postgres"
[0m18:56:59.349720 [debug] [ThreadPool]: On list_postgres: /* {"app": "dbt", "dbt_version": "1.10.13", "profile_name": "enpal_assessment_project", "target_name": "dev", "connection_name": "list_postgres"} */

    select distinct nspname from pg_namespace
  
[0m18:56:59.350189 [debug] [ThreadPool]: Opening a new connection, currently in state init
[0m18:56:59.436423 [debug] [ThreadPool]: SQL status: SELECT 5 in 0.086 seconds
[0m18:56:59.438147 [debug] [ThreadPool]: On list_postgres: Close
[0m18:56:59.440459 [debug] [ThreadPool]: Re-using an available connection from the pool (formerly list_postgres, now list_postgres_public_pipedrive_analytics)
[0m18:56:59.449187 [debug] [ThreadPool]: Using postgres connection "list_postgres_public_pipedrive_analytics"
[0m18:56:59.449749 [debug] [ThreadPool]: On list_postgres_public_pipedrive_analytics: BEGIN
[0m18:56:59.450237 [debug] [ThreadPool]: Opening a new connection, currently in state closed
[0m18:56:59.466173 [debug] [ThreadPool]: SQL status: BEGIN in 0.016 seconds
[0m18:56:59.467259 [debug] [ThreadPool]: Using postgres connection "list_postgres_public_pipedrive_analytics"
[0m18:56:59.468235 [debug] [ThreadPool]: On list_postgres_public_pipedrive_analytics: /* {"app": "dbt", "dbt_version": "1.10.13", "profile_name": "enpal_assessment_project", "target_name": "dev", "connection_name": "list_postgres_public_pipedrive_analytics"} */
select
      'postgres' as database,
      tablename as name,
      schemaname as schema,
      'table' as type
    from pg_tables
    where schemaname ilike 'public_pipedrive_analytics'
    union all
    select
      'postgres' as database,
      viewname as name,
      schemaname as schema,
      'view' as type
    from pg_views
    where schemaname ilike 'public_pipedrive_analytics'
    union all
    select
      'postgres' as database,
      matviewname as name,
      schemaname as schema,
      'materialized_view' as type
    from pg_matviews
    where schemaname ilike 'public_pipedrive_analytics'
  
[0m18:56:59.472097 [debug] [ThreadPool]: SQL status: SELECT 10 in 0.003 seconds
[0m18:56:59.473880 [debug] [ThreadPool]: On list_postgres_public_pipedrive_analytics: ROLLBACK
[0m18:56:59.475122 [debug] [ThreadPool]: On list_postgres_public_pipedrive_analytics: Close
[0m18:56:59.484014 [debug] [MainThread]: Using postgres connection "master"
[0m18:56:59.484546 [debug] [MainThread]: On master: BEGIN
[0m18:56:59.484937 [debug] [MainThread]: Opening a new connection, currently in state init
[0m18:56:59.501210 [debug] [MainThread]: SQL status: BEGIN in 0.016 seconds
[0m18:56:59.502578 [debug] [MainThread]: Using postgres connection "master"
[0m18:56:59.503520 [debug] [MainThread]: On master: /* {"app": "dbt", "dbt_version": "1.10.13", "profile_name": "enpal_assessment_project", "target_name": "dev", "connection_name": "master"} */
select distinct
        dependent_namespace.nspname as dependent_schema,
        dependent_class.relname as dependent_name,
        referenced_namespace.nspname as referenced_schema,
        referenced_class.relname as referenced_name

    -- Query for views: views are entries in pg_class with an entry in pg_rewrite, but we avoid
    -- a seq scan on pg_rewrite by leveraging the fact there is an "internal" row in pg_depend for
    -- the view...
    from pg_class as dependent_class
    join pg_namespace as dependent_namespace on dependent_namespace.oid = dependent_class.relnamespace
    join pg_depend as dependent_depend on dependent_depend.refobjid = dependent_class.oid
        and dependent_depend.classid = 'pg_rewrite'::regclass
        and dependent_depend.refclassid = 'pg_class'::regclass
        and dependent_depend.deptype = 'i'

    -- ... and via pg_depend (that has a row per column, hence the need for "distinct" above, and
    -- making sure to exclude the internal row to avoid a view appearing to depend on itself)...
    join pg_depend as joining_depend on joining_depend.objid = dependent_depend.objid
        and joining_depend.classid = 'pg_rewrite'::regclass
        and joining_depend.refclassid = 'pg_class'::regclass
        and joining_depend.refobjid != dependent_depend.refobjid

    -- ... we can find the tables they query from in pg_class, but excluding system tables. Note we
    -- don't need need to exclude _dependent_ system tables, because they only query from other
    -- system tables, and so are automatically excluded by excluding _referenced_ system tables
    join pg_class as referenced_class on referenced_class.oid = joining_depend.refobjid
    join pg_namespace as referenced_namespace on referenced_namespace.oid = referenced_class.relnamespace
        and referenced_namespace.nspname != 'information_schema'
        and referenced_namespace.nspname not like 'pg\_%'

    order by
        dependent_schema, dependent_name, referenced_schema, referenced_name;
[0m18:56:59.508558 [debug] [MainThread]: SQL status: SELECT 10 in 0.004 seconds
[0m18:56:59.512001 [debug] [MainThread]: Sending event: {'category': 'dbt', 'action': 'runnable_timing', 'label': 'c9613c9f-656c-43c7-9230-a3ee634627c7', 'context': [<snowplow_tracker.self_describing_json.SelfDescribingJson object at 0x7f87aae4bfd0>]}
[0m18:56:59.512695 [debug] [MainThread]: On master: ROLLBACK
[0m18:56:59.514599 [debug] [MainThread]: Using postgres connection "master"
[0m18:56:59.515160 [debug] [MainThread]: On master: BEGIN
[0m18:56:59.516895 [debug] [MainThread]: SQL status: BEGIN in 0.001 seconds
[0m18:56:59.518018 [debug] [MainThread]: On master: COMMIT
[0m18:56:59.518869 [debug] [MainThread]: Using postgres connection "master"
[0m18:56:59.519359 [debug] [MainThread]: On master: COMMIT
[0m18:56:59.520514 [debug] [MainThread]: SQL status: COMMIT in 0.001 seconds
[0m18:56:59.521074 [debug] [MainThread]: On master: Close
[0m18:56:59.524830 [debug] [Thread-1 (]: Began running node model.enpal_assessment_project.int_activity_events
[0m18:56:59.527755 [info ] [Thread-1 (]: 1 of 3 START sql view model public_pipedrive_analytics.int_activity_events ..... [RUN]
[0m18:56:59.528855 [debug] [Thread-1 (]: Re-using an available connection from the pool (formerly list_postgres_public_pipedrive_analytics, now model.enpal_assessment_project.int_activity_events)
[0m18:56:59.531591 [debug] [Thread-1 (]: Began compiling node model.enpal_assessment_project.int_activity_events
[0m18:56:59.564430 [debug] [Thread-1 (]: Writing injected SQL for node "model.enpal_assessment_project.int_activity_events"
[0m18:56:59.567786 [debug] [Thread-1 (]: Began executing node model.enpal_assessment_project.int_activity_events
[0m18:56:59.614639 [debug] [Thread-1 (]: Writing runtime sql for node "model.enpal_assessment_project.int_activity_events"
[0m18:56:59.616543 [debug] [Thread-1 (]: Using postgres connection "model.enpal_assessment_project.int_activity_events"
[0m18:56:59.617120 [debug] [Thread-1 (]: On model.enpal_assessment_project.int_activity_events: BEGIN
[0m18:56:59.617573 [debug] [Thread-1 (]: Opening a new connection, currently in state closed
[0m18:56:59.634177 [debug] [Thread-1 (]: SQL status: BEGIN in 0.016 seconds
[0m18:56:59.636093 [debug] [Thread-1 (]: Using postgres connection "model.enpal_assessment_project.int_activity_events"
[0m18:56:59.636672 [debug] [Thread-1 (]: On model.enpal_assessment_project.int_activity_events: /* {"app": "dbt", "dbt_version": "1.10.13", "profile_name": "enpal_assessment_project", "target_name": "dev", "node_id": "model.enpal_assessment_project.int_activity_events"} */

  create view "postgres"."public_pipedrive_analytics"."int_activity_events__dbt_tmp"
    
    
  as (
    

select
  a.deal_id,
  a.due_to::timestamp as activity_date,
  at.activity_type_name,
  at.activity_type_key,
  a.is_done as is_completed
from "postgres"."public_pipedrive_analytics"."stg_activity" a
left join "postgres"."public_pipedrive_analytics"."stg_activity_types" at
  on a.activity_type_key = at.activity_type_key
where a.deal_id is not null
  );
[0m18:56:59.641700 [debug] [Thread-1 (]: SQL status: CREATE VIEW in 0.004 seconds
[0m18:56:59.652495 [debug] [Thread-1 (]: Using postgres connection "model.enpal_assessment_project.int_activity_events"
[0m18:56:59.653071 [debug] [Thread-1 (]: On model.enpal_assessment_project.int_activity_events: /* {"app": "dbt", "dbt_version": "1.10.13", "profile_name": "enpal_assessment_project", "target_name": "dev", "node_id": "model.enpal_assessment_project.int_activity_events"} */
alter table "postgres"."public_pipedrive_analytics"."int_activity_events" rename to "int_activity_events__dbt_backup"
[0m18:56:59.654534 [debug] [Thread-1 (]: SQL status: ALTER TABLE in 0.001 seconds
[0m18:56:59.658505 [debug] [Thread-1 (]: Using postgres connection "model.enpal_assessment_project.int_activity_events"
[0m18:56:59.659080 [debug] [Thread-1 (]: On model.enpal_assessment_project.int_activity_events: /* {"app": "dbt", "dbt_version": "1.10.13", "profile_name": "enpal_assessment_project", "target_name": "dev", "node_id": "model.enpal_assessment_project.int_activity_events"} */
alter table "postgres"."public_pipedrive_analytics"."int_activity_events__dbt_tmp" rename to "int_activity_events"
[0m18:56:59.660524 [debug] [Thread-1 (]: SQL status: ALTER TABLE in 0.001 seconds
[0m18:56:59.683424 [debug] [Thread-1 (]: On model.enpal_assessment_project.int_activity_events: COMMIT
[0m18:56:59.684139 [debug] [Thread-1 (]: Using postgres connection "model.enpal_assessment_project.int_activity_events"
[0m18:56:59.684630 [debug] [Thread-1 (]: On model.enpal_assessment_project.int_activity_events: COMMIT
[0m18:56:59.686933 [debug] [Thread-1 (]: SQL status: COMMIT in 0.002 seconds
[0m18:56:59.694611 [debug] [Thread-1 (]: Applying DROP to: "postgres"."public_pipedrive_analytics"."int_activity_events__dbt_backup"
[0m18:56:59.700185 [debug] [Thread-1 (]: Using postgres connection "model.enpal_assessment_project.int_activity_events"
[0m18:56:59.700760 [debug] [Thread-1 (]: On model.enpal_assessment_project.int_activity_events: /* {"app": "dbt", "dbt_version": "1.10.13", "profile_name": "enpal_assessment_project", "target_name": "dev", "node_id": "model.enpal_assessment_project.int_activity_events"} */
drop view if exists "postgres"."public_pipedrive_analytics"."int_activity_events__dbt_backup" cascade
[0m18:56:59.703440 [debug] [Thread-1 (]: SQL status: DROP VIEW in 0.002 seconds
[0m18:56:59.706442 [debug] [Thread-1 (]: On model.enpal_assessment_project.int_activity_events: Close
[0m18:56:59.709493 [debug] [Thread-1 (]: Sending event: {'category': 'dbt', 'action': 'run_model', 'label': 'c9613c9f-656c-43c7-9230-a3ee634627c7', 'context': [<snowplow_tracker.self_describing_json.SelfDescribingJson object at 0x7f87ae6290c0>]}
[0m18:56:59.710723 [info ] [Thread-1 (]: 1 of 3 OK created sql view model public_pipedrive_analytics.int_activity_events  [[32mCREATE VIEW[0m in 0.18s]
[0m18:56:59.711570 [debug] [Thread-1 (]: Finished running node model.enpal_assessment_project.int_activity_events
[0m18:56:59.712126 [debug] [Thread-1 (]: Began running node model.enpal_assessment_project.int_stage_transitions
[0m18:56:59.712823 [info ] [Thread-1 (]: 2 of 3 START sql view model public_pipedrive_analytics.int_stage_transitions ... [RUN]
[0m18:56:59.713457 [debug] [Thread-1 (]: Re-using an available connection from the pool (formerly model.enpal_assessment_project.int_activity_events, now model.enpal_assessment_project.int_stage_transitions)
[0m18:56:59.713964 [debug] [Thread-1 (]: Began compiling node model.enpal_assessment_project.int_stage_transitions
[0m18:56:59.718280 [debug] [Thread-1 (]: Writing injected SQL for node "model.enpal_assessment_project.int_stage_transitions"
[0m18:56:59.719173 [debug] [Thread-1 (]: Began executing node model.enpal_assessment_project.int_stage_transitions
[0m18:56:59.723777 [debug] [Thread-1 (]: Writing runtime sql for node "model.enpal_assessment_project.int_stage_transitions"
[0m18:56:59.724818 [debug] [Thread-1 (]: Using postgres connection "model.enpal_assessment_project.int_stage_transitions"
[0m18:56:59.725314 [debug] [Thread-1 (]: On model.enpal_assessment_project.int_stage_transitions: BEGIN
[0m18:56:59.725765 [debug] [Thread-1 (]: Opening a new connection, currently in state closed
[0m18:56:59.741866 [debug] [Thread-1 (]: SQL status: BEGIN in 0.016 seconds
[0m18:56:59.743376 [debug] [Thread-1 (]: Using postgres connection "model.enpal_assessment_project.int_stage_transitions"
[0m18:56:59.744088 [debug] [Thread-1 (]: On model.enpal_assessment_project.int_stage_transitions: /* {"app": "dbt", "dbt_version": "1.10.13", "profile_name": "enpal_assessment_project", "target_name": "dev", "node_id": "model.enpal_assessment_project.int_stage_transitions"} */

  create view "postgres"."public_pipedrive_analytics"."int_stage_transitions__dbt_tmp"
    
    
  as (
    

select
  dc.deal_id,
  dc.change_time::timestamp as change_time,
  dc.new_value::int as stage_id,
  s.stage_name
from "postgres"."public_pipedrive_analytics"."stg_deal_changes" dc
left join "postgres"."public_pipedrive_analytics"."stg_stages" s
  on dc.new_value::int = s.stage_id
where dc.changed_field_key = 'stage_id'
  );
[0m18:56:59.747442 [debug] [Thread-1 (]: SQL status: CREATE VIEW in 0.003 seconds
[0m18:56:59.752735 [debug] [Thread-1 (]: Using postgres connection "model.enpal_assessment_project.int_stage_transitions"
[0m18:56:59.753331 [debug] [Thread-1 (]: On model.enpal_assessment_project.int_stage_transitions: /* {"app": "dbt", "dbt_version": "1.10.13", "profile_name": "enpal_assessment_project", "target_name": "dev", "node_id": "model.enpal_assessment_project.int_stage_transitions"} */
alter table "postgres"."public_pipedrive_analytics"."int_stage_transitions" rename to "int_stage_transitions__dbt_backup"
[0m18:56:59.754736 [debug] [Thread-1 (]: SQL status: ALTER TABLE in 0.001 seconds
[0m18:56:59.759920 [debug] [Thread-1 (]: Using postgres connection "model.enpal_assessment_project.int_stage_transitions"
[0m18:56:59.760500 [debug] [Thread-1 (]: On model.enpal_assessment_project.int_stage_transitions: /* {"app": "dbt", "dbt_version": "1.10.13", "profile_name": "enpal_assessment_project", "target_name": "dev", "node_id": "model.enpal_assessment_project.int_stage_transitions"} */
alter table "postgres"."public_pipedrive_analytics"."int_stage_transitions__dbt_tmp" rename to "int_stage_transitions"
[0m18:56:59.762422 [debug] [Thread-1 (]: SQL status: ALTER TABLE in 0.001 seconds
[0m18:56:59.767342 [debug] [Thread-1 (]: On model.enpal_assessment_project.int_stage_transitions: COMMIT
[0m18:56:59.768009 [debug] [Thread-1 (]: Using postgres connection "model.enpal_assessment_project.int_stage_transitions"
[0m18:56:59.768554 [debug] [Thread-1 (]: On model.enpal_assessment_project.int_stage_transitions: COMMIT
[0m18:56:59.772018 [debug] [Thread-1 (]: SQL status: COMMIT in 0.003 seconds
[0m18:56:59.775341 [debug] [Thread-1 (]: Applying DROP to: "postgres"."public_pipedrive_analytics"."int_stage_transitions__dbt_backup"
[0m18:56:59.776971 [debug] [Thread-1 (]: Using postgres connection "model.enpal_assessment_project.int_stage_transitions"
[0m18:56:59.777614 [debug] [Thread-1 (]: On model.enpal_assessment_project.int_stage_transitions: /* {"app": "dbt", "dbt_version": "1.10.13", "profile_name": "enpal_assessment_project", "target_name": "dev", "node_id": "model.enpal_assessment_project.int_stage_transitions"} */
drop view if exists "postgres"."public_pipedrive_analytics"."int_stage_transitions__dbt_backup" cascade
[0m18:56:59.781181 [debug] [Thread-1 (]: SQL status: DROP VIEW in 0.003 seconds
[0m18:56:59.783276 [debug] [Thread-1 (]: On model.enpal_assessment_project.int_stage_transitions: Close
[0m18:56:59.784248 [debug] [Thread-1 (]: Sending event: {'category': 'dbt', 'action': 'run_model', 'label': 'c9613c9f-656c-43c7-9230-a3ee634627c7', 'context': [<snowplow_tracker.self_describing_json.SelfDescribingJson object at 0x7f87ae2ae020>]}
[0m18:56:59.785178 [info ] [Thread-1 (]: 2 of 3 OK created sql view model public_pipedrive_analytics.int_stage_transitions  [[32mCREATE VIEW[0m in 0.07s]
[0m18:56:59.786087 [debug] [Thread-1 (]: Finished running node model.enpal_assessment_project.int_stage_transitions
[0m18:56:59.787142 [debug] [Thread-1 (]: Began running node model.enpal_assessment_project.rep_sales_funnel_monthly
[0m18:56:59.787931 [info ] [Thread-1 (]: 3 of 3 START sql table model public_pipedrive_analytics.rep_sales_funnel_monthly  [RUN]
[0m18:56:59.788689 [debug] [Thread-1 (]: Re-using an available connection from the pool (formerly model.enpal_assessment_project.int_stage_transitions, now model.enpal_assessment_project.rep_sales_funnel_monthly)
[0m18:56:59.789324 [debug] [Thread-1 (]: Began compiling node model.enpal_assessment_project.rep_sales_funnel_monthly
[0m18:56:59.793637 [debug] [Thread-1 (]: Writing injected SQL for node "model.enpal_assessment_project.rep_sales_funnel_monthly"
[0m18:56:59.794607 [debug] [Thread-1 (]: Began executing node model.enpal_assessment_project.rep_sales_funnel_monthly
[0m18:56:59.820838 [debug] [Thread-1 (]: Writing runtime sql for node "model.enpal_assessment_project.rep_sales_funnel_monthly"
[0m18:56:59.822286 [debug] [Thread-1 (]: Using postgres connection "model.enpal_assessment_project.rep_sales_funnel_monthly"
[0m18:56:59.822867 [debug] [Thread-1 (]: On model.enpal_assessment_project.rep_sales_funnel_monthly: BEGIN
[0m18:56:59.823353 [debug] [Thread-1 (]: Opening a new connection, currently in state closed
[0m18:56:59.839905 [debug] [Thread-1 (]: SQL status: BEGIN in 0.016 seconds
[0m18:56:59.841269 [debug] [Thread-1 (]: Using postgres connection "model.enpal_assessment_project.rep_sales_funnel_monthly"
[0m18:56:59.841974 [debug] [Thread-1 (]: On model.enpal_assessment_project.rep_sales_funnel_monthly: /* {"app": "dbt", "dbt_version": "1.10.13", "profile_name": "enpal_assessment_project", "target_name": "dev", "node_id": "model.enpal_assessment_project.rep_sales_funnel_monthly"} */

  
    

  create  table "postgres"."public_pipedrive_analytics"."rep_sales_funnel_monthly__dbt_tmp"
  
  
    as
  
  (
    

with stage_transitions as (
    select
        date_trunc('month', change_time) as month,
        stage_name as kpi_name,
        stage_name as funnel_step,
        count(distinct deal_id) as deals_count
    from "postgres"."public_pipedrive_analytics"."int_stage_transitions"
    group by 1, 2, 3
),

activity_events as (
    select
        date_trunc('month', activity_date) as month,
        activity_type_name as kpi_name,
        activity_type_name as funnel_step,
        count(distinct deal_id) as deals_count
    from "postgres"."public_pipedrive_analytics"."int_activity_events"
    where is_completed = true
    group by 1, 2, 3
)

select *
from stage_transitions
union all
select *
from activity_events
  );
  
[0m18:56:59.881188 [debug] [Thread-1 (]: SQL status: SELECT 146 in 0.038 seconds
[0m18:56:59.894731 [debug] [Thread-1 (]: Using postgres connection "model.enpal_assessment_project.rep_sales_funnel_monthly"
[0m18:56:59.895309 [debug] [Thread-1 (]: On model.enpal_assessment_project.rep_sales_funnel_monthly: /* {"app": "dbt", "dbt_version": "1.10.13", "profile_name": "enpal_assessment_project", "target_name": "dev", "node_id": "model.enpal_assessment_project.rep_sales_funnel_monthly"} */
alter table "postgres"."public_pipedrive_analytics"."rep_sales_funnel_monthly" rename to "rep_sales_funnel_monthly__dbt_backup"
[0m18:56:59.896730 [debug] [Thread-1 (]: SQL status: ALTER TABLE in 0.001 seconds
[0m18:56:59.900580 [debug] [Thread-1 (]: Using postgres connection "model.enpal_assessment_project.rep_sales_funnel_monthly"
[0m18:56:59.901126 [debug] [Thread-1 (]: On model.enpal_assessment_project.rep_sales_funnel_monthly: /* {"app": "dbt", "dbt_version": "1.10.13", "profile_name": "enpal_assessment_project", "target_name": "dev", "node_id": "model.enpal_assessment_project.rep_sales_funnel_monthly"} */
alter table "postgres"."public_pipedrive_analytics"."rep_sales_funnel_monthly__dbt_tmp" rename to "rep_sales_funnel_monthly"
[0m18:56:59.902421 [debug] [Thread-1 (]: SQL status: ALTER TABLE in 0.001 seconds
[0m18:56:59.904393 [debug] [Thread-1 (]: On model.enpal_assessment_project.rep_sales_funnel_monthly: COMMIT
[0m18:56:59.904904 [debug] [Thread-1 (]: Using postgres connection "model.enpal_assessment_project.rep_sales_funnel_monthly"
[0m18:56:59.905352 [debug] [Thread-1 (]: On model.enpal_assessment_project.rep_sales_funnel_monthly: COMMIT
[0m18:56:59.909815 [debug] [Thread-1 (]: SQL status: COMMIT in 0.004 seconds
[0m18:56:59.914604 [debug] [Thread-1 (]: Applying DROP to: "postgres"."public_pipedrive_analytics"."rep_sales_funnel_monthly__dbt_backup"
[0m18:56:59.917685 [debug] [Thread-1 (]: Using postgres connection "model.enpal_assessment_project.rep_sales_funnel_monthly"
[0m18:56:59.918245 [debug] [Thread-1 (]: On model.enpal_assessment_project.rep_sales_funnel_monthly: /* {"app": "dbt", "dbt_version": "1.10.13", "profile_name": "enpal_assessment_project", "target_name": "dev", "node_id": "model.enpal_assessment_project.rep_sales_funnel_monthly"} */
drop table if exists "postgres"."public_pipedrive_analytics"."rep_sales_funnel_monthly__dbt_backup" cascade
[0m18:56:59.922195 [debug] [Thread-1 (]: SQL status: DROP TABLE in 0.003 seconds
[0m18:56:59.923985 [debug] [Thread-1 (]: On model.enpal_assessment_project.rep_sales_funnel_monthly: Close
[0m18:56:59.924960 [debug] [Thread-1 (]: Sending event: {'category': 'dbt', 'action': 'run_model', 'label': 'c9613c9f-656c-43c7-9230-a3ee634627c7', 'context': [<snowplow_tracker.self_describing_json.SelfDescribingJson object at 0x7f87af95ee90>]}
[0m18:56:59.926129 [info ] [Thread-1 (]: 3 of 3 OK created sql table model public_pipedrive_analytics.rep_sales_funnel_monthly  [[32mSELECT 146[0m in 0.14s]
[0m18:56:59.927100 [debug] [Thread-1 (]: Finished running node model.enpal_assessment_project.rep_sales_funnel_monthly
[0m18:56:59.928681 [debug] [MainThread]: Using postgres connection "master"
[0m18:56:59.929169 [debug] [MainThread]: On master: BEGIN
[0m18:56:59.929560 [debug] [MainThread]: Opening a new connection, currently in state closed
[0m18:56:59.945301 [debug] [MainThread]: SQL status: BEGIN in 0.016 seconds
[0m18:56:59.946287 [debug] [MainThread]: On master: COMMIT
[0m18:56:59.947292 [debug] [MainThread]: Using postgres connection "master"
[0m18:56:59.948078 [debug] [MainThread]: On master: COMMIT
[0m18:56:59.949414 [debug] [MainThread]: SQL status: COMMIT in 0.001 seconds
[0m18:56:59.949930 [debug] [MainThread]: On master: Close
[0m18:56:59.950490 [debug] [MainThread]: Connection 'master' was properly closed.
[0m18:56:59.950935 [debug] [MainThread]: Connection 'model.enpal_assessment_project.rep_sales_funnel_monthly' was properly closed.
[0m18:56:59.951430 [info ] [MainThread]: 
[0m18:56:59.951994 [info ] [MainThread]: Finished running 1 table model, 2 view models in 0 hours 0 minutes and 0.76 seconds (0.76s).
[0m18:56:59.953489 [debug] [MainThread]: Command end result
[0m18:56:59.995215 [debug] [MainThread]: Wrote artifact WritableManifest to /Users/macbook/Desktop/ENPAL/Take-Home-Assessment/REPO/dbt_enpal_assessment/target/manifest.json
[0m18:56:59.997862 [debug] [MainThread]: Wrote artifact SemanticManifest to /Users/macbook/Desktop/ENPAL/Take-Home-Assessment/REPO/dbt_enpal_assessment/target/semantic_manifest.json
[0m18:57:00.009161 [debug] [MainThread]: Wrote artifact RunExecutionResult to /Users/macbook/Desktop/ENPAL/Take-Home-Assessment/REPO/dbt_enpal_assessment/target/run_results.json
[0m18:57:00.009969 [info ] [MainThread]: 
[0m18:57:00.011639 [info ] [MainThread]: [32mCompleted successfully[0m
[0m18:57:00.012470 [info ] [MainThread]: 
[0m18:57:00.013280 [info ] [MainThread]: Done. PASS=3 WARN=0 ERROR=0 SKIP=0 NO-OP=0 TOTAL=3
[0m18:57:00.016284 [debug] [MainThread]: Resource report: {"command_name": "run", "command_success": true, "command_wall_clock_time": 3.6097312, "process_in_blocks": "0", "process_kernel_time": 0.529579, "process_mem_max_rss": "127229952", "process_out_blocks": "0", "process_user_time": 4.495507}
[0m18:57:00.017230 [debug] [MainThread]: Command `dbt run` succeeded at 18:57:00.017048 after 3.61 seconds
[0m18:57:00.018012 [debug] [MainThread]: Sending event: {'category': 'dbt', 'action': 'invocation', 'label': 'end', 'context': [<snowplow_tracker.self_describing_json.SelfDescribingJson object at 0x7f87ac49c4c0>, <snowplow_tracker.self_describing_json.SelfDescribingJson object at 0x7f87ac660fa0>, <snowplow_tracker.self_describing_json.SelfDescribingJson object at 0x7f87ae22faf0>]}
[0m18:57:00.018823 [debug] [MainThread]: Flushing usage events
[0m18:57:00.615070 [debug] [MainThread]: An error was encountered while trying to flush usage events
[0m18:57:02.849882 [debug] [MainThread]: Sending event: {'category': 'dbt', 'action': 'invocation', 'label': 'start', 'context': [<snowplow_tracker.self_describing_json.SelfDescribingJson object at 0x7f86ba4b4580>, <snowplow_tracker.self_describing_json.SelfDescribingJson object at 0x7f86bbf31c00>, <snowplow_tracker.self_describing_json.SelfDescribingJson object at 0x7f86bbf31510>]}


============================== 18:57:02.854641 | 9cfe8b01-380c-4c51-bb30-c3b62f56f859 ==============================
[0m18:57:02.854641 [info ] [MainThread]: Running with dbt=1.10.13
[0m18:57:02.855358 [debug] [MainThread]: running dbt with arguments {'invocation_command': 'dbt test --select intermediate marts', 'cache_selected_only': 'False', 'no_print': 'None', 'warn_error': 'None', 'profiles_dir': '/Users/macbook/Desktop/Enpal/Take-Home-Assessment/REPO/dbt_enpal_assessment', 'indirect_selection': 'eager', 'log_path': '/Users/macbook/Desktop/ENPAL/Take-Home-Assessment/REPO/dbt_enpal_assessment/logs', 'debug': 'False', 'empty': 'None', 'warn_error_options': 'WarnErrorOptionsV2(error=[], warn=[], silence=[])', 'fail_fast': 'False', 'static_parser': 'True', 'send_anonymous_usage_stats': 'True', 'log_format': 'default', 'version_check': 'True', 'log_cache_events': 'False', 'quiet': 'False', 'printer_width': '80', 'partial_parse': 'True', 'write_json': 'True', 'use_experimental_parser': 'False', 'introspect': 'True', 'target_path': 'None', 'use_colors': 'True'}
[0m18:57:03.122037 [debug] [MainThread]: Sending event: {'category': 'dbt', 'action': 'project_id', 'label': '9cfe8b01-380c-4c51-bb30-c3b62f56f859', 'context': [<snowplow_tracker.self_describing_json.SelfDescribingJson object at 0x7f86b8adf0a0>]}
[0m18:57:03.205748 [debug] [MainThread]: Sending event: {'category': 'dbt', 'action': 'adapter_info', 'label': '9cfe8b01-380c-4c51-bb30-c3b62f56f859', 'context': [<snowplow_tracker.self_describing_json.SelfDescribingJson object at 0x7f86bbd68640>]}
[0m18:57:03.206894 [info ] [MainThread]: Registered adapter: postgres=1.9.1
[0m18:57:03.395346 [debug] [MainThread]: checksum: 9f0c81e2574b4ff463f3d16d080df83c6982fc0372c9feeacae0504ac9ea3ffe, vars: {}, profile: , target: , version: 1.10.13
[0m18:57:03.584602 [debug] [MainThread]: Partial parsing enabled: 0 files deleted, 0 files added, 0 files changed.
[0m18:57:03.585127 [debug] [MainThread]: Partial parsing enabled, no changes found, skipping parsing
[0m18:57:03.661469 [debug] [MainThread]: Sending event: {'category': 'dbt', 'action': 'load_project', 'label': '9cfe8b01-380c-4c51-bb30-c3b62f56f859', 'context': [<snowplow_tracker.self_describing_json.SelfDescribingJson object at 0x7f86bca2c400>]}
[0m18:57:03.856090 [debug] [MainThread]: Wrote artifact WritableManifest to /Users/macbook/Desktop/ENPAL/Take-Home-Assessment/REPO/dbt_enpal_assessment/target/manifest.json
[0m18:57:03.858736 [debug] [MainThread]: Wrote artifact SemanticManifest to /Users/macbook/Desktop/ENPAL/Take-Home-Assessment/REPO/dbt_enpal_assessment/target/semantic_manifest.json
[0m18:57:03.939509 [debug] [MainThread]: Sending event: {'category': 'dbt', 'action': 'resource_counts', 'label': '9cfe8b01-380c-4c51-bb30-c3b62f56f859', 'context': [<snowplow_tracker.self_describing_json.SelfDescribingJson object at 0x7f86bc9a6890>]}
[0m18:57:03.940224 [info ] [MainThread]: Found 9 models, 23 data tests, 6 sources, 447 macros
[0m18:57:03.940756 [debug] [MainThread]: Sending event: {'category': 'dbt', 'action': 'runnable_timing', 'label': '9cfe8b01-380c-4c51-bb30-c3b62f56f859', 'context': [<snowplow_tracker.self_describing_json.SelfDescribingJson object at 0x7f86bc9a5510>]}
[0m18:57:03.943531 [info ] [MainThread]: 
[0m18:57:03.944309 [info ] [MainThread]: Concurrency: 1 threads (target='dev')
[0m18:57:03.945417 [info ] [MainThread]: 
[0m18:57:03.946312 [debug] [MainThread]: Acquiring new postgres connection 'master'
[0m18:57:03.952064 [debug] [ThreadPool]: Acquiring new postgres connection 'list_postgres_public_pipedrive_analytics'
[0m18:57:04.036978 [debug] [ThreadPool]: Using postgres connection "list_postgres_public_pipedrive_analytics"
[0m18:57:04.037515 [debug] [ThreadPool]: On list_postgres_public_pipedrive_analytics: BEGIN
[0m18:57:04.037900 [debug] [ThreadPool]: Opening a new connection, currently in state init
[0m18:57:04.071731 [debug] [ThreadPool]: SQL status: BEGIN in 0.034 seconds
[0m18:57:04.073152 [debug] [ThreadPool]: Using postgres connection "list_postgres_public_pipedrive_analytics"
[0m18:57:04.074400 [debug] [ThreadPool]: On list_postgres_public_pipedrive_analytics: /* {"app": "dbt", "dbt_version": "1.10.13", "profile_name": "enpal_assessment_project", "target_name": "dev", "connection_name": "list_postgres_public_pipedrive_analytics"} */
select
      'postgres' as database,
      tablename as name,
      schemaname as schema,
      'table' as type
    from pg_tables
    where schemaname ilike 'public_pipedrive_analytics'
    union all
    select
      'postgres' as database,
      viewname as name,
      schemaname as schema,
      'view' as type
    from pg_views
    where schemaname ilike 'public_pipedrive_analytics'
    union all
    select
      'postgres' as database,
      matviewname as name,
      schemaname as schema,
      'materialized_view' as type
    from pg_matviews
    where schemaname ilike 'public_pipedrive_analytics'
  
[0m18:57:04.084434 [debug] [ThreadPool]: SQL status: SELECT 10 in 0.009 seconds
[0m18:57:04.087372 [debug] [ThreadPool]: On list_postgres_public_pipedrive_analytics: ROLLBACK
[0m18:57:04.089440 [debug] [ThreadPool]: On list_postgres_public_pipedrive_analytics: Close
[0m18:57:04.103287 [debug] [MainThread]: Using postgres connection "master"
[0m18:57:04.104274 [debug] [MainThread]: On master: BEGIN
[0m18:57:04.104917 [debug] [MainThread]: Opening a new connection, currently in state init
[0m18:57:04.131907 [debug] [MainThread]: SQL status: BEGIN in 0.027 seconds
[0m18:57:04.133146 [debug] [MainThread]: Using postgres connection "master"
[0m18:57:04.134415 [debug] [MainThread]: On master: /* {"app": "dbt", "dbt_version": "1.10.13", "profile_name": "enpal_assessment_project", "target_name": "dev", "connection_name": "master"} */
select distinct
        dependent_namespace.nspname as dependent_schema,
        dependent_class.relname as dependent_name,
        referenced_namespace.nspname as referenced_schema,
        referenced_class.relname as referenced_name

    -- Query for views: views are entries in pg_class with an entry in pg_rewrite, but we avoid
    -- a seq scan on pg_rewrite by leveraging the fact there is an "internal" row in pg_depend for
    -- the view...
    from pg_class as dependent_class
    join pg_namespace as dependent_namespace on dependent_namespace.oid = dependent_class.relnamespace
    join pg_depend as dependent_depend on dependent_depend.refobjid = dependent_class.oid
        and dependent_depend.classid = 'pg_rewrite'::regclass
        and dependent_depend.refclassid = 'pg_class'::regclass
        and dependent_depend.deptype = 'i'

    -- ... and via pg_depend (that has a row per column, hence the need for "distinct" above, and
    -- making sure to exclude the internal row to avoid a view appearing to depend on itself)...
    join pg_depend as joining_depend on joining_depend.objid = dependent_depend.objid
        and joining_depend.classid = 'pg_rewrite'::regclass
        and joining_depend.refclassid = 'pg_class'::regclass
        and joining_depend.refobjid != dependent_depend.refobjid

    -- ... we can find the tables they query from in pg_class, but excluding system tables. Note we
    -- don't need need to exclude _dependent_ system tables, because they only query from other
    -- system tables, and so are automatically excluded by excluding _referenced_ system tables
    join pg_class as referenced_class on referenced_class.oid = joining_depend.refobjid
    join pg_namespace as referenced_namespace on referenced_namespace.oid = referenced_class.relnamespace
        and referenced_namespace.nspname != 'information_schema'
        and referenced_namespace.nspname not like 'pg\_%'

    order by
        dependent_schema, dependent_name, referenced_schema, referenced_name;
[0m18:57:04.141150 [debug] [MainThread]: SQL status: SELECT 10 in 0.005 seconds
[0m18:57:04.145973 [debug] [MainThread]: Sending event: {'category': 'dbt', 'action': 'runnable_timing', 'label': '9cfe8b01-380c-4c51-bb30-c3b62f56f859', 'context': [<snowplow_tracker.self_describing_json.SelfDescribingJson object at 0x7f86b650fc10>]}
[0m18:57:04.146967 [debug] [MainThread]: On master: ROLLBACK
[0m18:57:04.148459 [debug] [MainThread]: Using postgres connection "master"
[0m18:57:04.149265 [debug] [MainThread]: On master: BEGIN
[0m18:57:04.151702 [debug] [MainThread]: SQL status: BEGIN in 0.002 seconds
[0m18:57:04.152634 [debug] [MainThread]: On master: COMMIT
[0m18:57:04.153753 [debug] [MainThread]: Using postgres connection "master"
[0m18:57:04.154342 [debug] [MainThread]: On master: COMMIT
[0m18:57:04.155684 [debug] [MainThread]: SQL status: COMMIT in 0.001 seconds
[0m18:57:04.156498 [debug] [MainThread]: On master: Close
[0m18:57:04.161076 [debug] [Thread-1 (]: Began running node test.enpal_assessment_project.not_null_int_activity_events_activity_date.74727ceeef
[0m18:57:04.162084 [info ] [Thread-1 (]: 1 of 6 START test not_null_int_activity_events_activity_date ................... [RUN]
[0m18:57:04.163365 [debug] [Thread-1 (]: Re-using an available connection from the pool (formerly list_postgres_public_pipedrive_analytics, now test.enpal_assessment_project.not_null_int_activity_events_activity_date.74727ceeef)
[0m18:57:04.164310 [debug] [Thread-1 (]: Began compiling node test.enpal_assessment_project.not_null_int_activity_events_activity_date.74727ceeef
[0m18:57:04.195057 [debug] [Thread-1 (]: Writing injected SQL for node "test.enpal_assessment_project.not_null_int_activity_events_activity_date.74727ceeef"
[0m18:57:04.196177 [debug] [Thread-1 (]: Began executing node test.enpal_assessment_project.not_null_int_activity_events_activity_date.74727ceeef
[0m18:57:04.221192 [debug] [Thread-1 (]: Writing runtime sql for node "test.enpal_assessment_project.not_null_int_activity_events_activity_date.74727ceeef"
[0m18:57:04.222519 [debug] [Thread-1 (]: Using postgres connection "test.enpal_assessment_project.not_null_int_activity_events_activity_date.74727ceeef"
[0m18:57:04.223025 [debug] [Thread-1 (]: On test.enpal_assessment_project.not_null_int_activity_events_activity_date.74727ceeef: BEGIN
[0m18:57:04.223473 [debug] [Thread-1 (]: Opening a new connection, currently in state closed
[0m18:57:04.241007 [debug] [Thread-1 (]: SQL status: BEGIN in 0.016 seconds
[0m18:57:04.241670 [debug] [Thread-1 (]: Using postgres connection "test.enpal_assessment_project.not_null_int_activity_events_activity_date.74727ceeef"
[0m18:57:04.242196 [debug] [Thread-1 (]: On test.enpal_assessment_project.not_null_int_activity_events_activity_date.74727ceeef: /* {"app": "dbt", "dbt_version": "1.10.13", "profile_name": "enpal_assessment_project", "target_name": "dev", "node_id": "test.enpal_assessment_project.not_null_int_activity_events_activity_date.74727ceeef"} */

    select
      count(*) as failures,
      count(*) != 0 as should_warn,
      count(*) != 0 as should_error
    from (
      
    
  
    
    



select activity_date
from "postgres"."public_pipedrive_analytics"."int_activity_events"
where activity_date is null



  
  
      
    ) dbt_internal_test
[0m18:57:04.247870 [debug] [Thread-1 (]: SQL status: SELECT 1 in 0.005 seconds
[0m18:57:04.252815 [debug] [Thread-1 (]: On test.enpal_assessment_project.not_null_int_activity_events_activity_date.74727ceeef: ROLLBACK
[0m18:57:04.254270 [debug] [Thread-1 (]: On test.enpal_assessment_project.not_null_int_activity_events_activity_date.74727ceeef: Close
[0m18:57:04.255312 [info ] [Thread-1 (]: 1 of 6 PASS not_null_int_activity_events_activity_date ......................... [[32mPASS[0m in 0.09s]
[0m18:57:04.256328 [debug] [Thread-1 (]: Finished running node test.enpal_assessment_project.not_null_int_activity_events_activity_date.74727ceeef
[0m18:57:04.257329 [debug] [Thread-1 (]: Began running node test.enpal_assessment_project.not_null_int_activity_events_activity_type_name.aac9782f6f
[0m18:57:04.258149 [info ] [Thread-1 (]: 2 of 6 START test not_null_int_activity_events_activity_type_name .............. [RUN]
[0m18:57:04.258835 [debug] [Thread-1 (]: Re-using an available connection from the pool (formerly test.enpal_assessment_project.not_null_int_activity_events_activity_date.74727ceeef, now test.enpal_assessment_project.not_null_int_activity_events_activity_type_name.aac9782f6f)
[0m18:57:04.259356 [debug] [Thread-1 (]: Began compiling node test.enpal_assessment_project.not_null_int_activity_events_activity_type_name.aac9782f6f
[0m18:57:04.264510 [debug] [Thread-1 (]: Writing injected SQL for node "test.enpal_assessment_project.not_null_int_activity_events_activity_type_name.aac9782f6f"
[0m18:57:04.265535 [debug] [Thread-1 (]: Began executing node test.enpal_assessment_project.not_null_int_activity_events_activity_type_name.aac9782f6f
[0m18:57:04.270663 [debug] [Thread-1 (]: Writing runtime sql for node "test.enpal_assessment_project.not_null_int_activity_events_activity_type_name.aac9782f6f"
[0m18:57:04.271656 [debug] [Thread-1 (]: Using postgres connection "test.enpal_assessment_project.not_null_int_activity_events_activity_type_name.aac9782f6f"
[0m18:57:04.272191 [debug] [Thread-1 (]: On test.enpal_assessment_project.not_null_int_activity_events_activity_type_name.aac9782f6f: BEGIN
[0m18:57:04.272646 [debug] [Thread-1 (]: Opening a new connection, currently in state closed
[0m18:57:04.292590 [debug] [Thread-1 (]: SQL status: BEGIN in 0.018 seconds
[0m18:57:04.293304 [debug] [Thread-1 (]: Using postgres connection "test.enpal_assessment_project.not_null_int_activity_events_activity_type_name.aac9782f6f"
[0m18:57:04.294012 [debug] [Thread-1 (]: On test.enpal_assessment_project.not_null_int_activity_events_activity_type_name.aac9782f6f: /* {"app": "dbt", "dbt_version": "1.10.13", "profile_name": "enpal_assessment_project", "target_name": "dev", "node_id": "test.enpal_assessment_project.not_null_int_activity_events_activity_type_name.aac9782f6f"} */

    select
      count(*) as failures,
      count(*) != 0 as should_warn,
      count(*) != 0 as should_error
    from (
      
    
  
    
    



select activity_type_name
from "postgres"."public_pipedrive_analytics"."int_activity_events"
where activity_type_name is null



  
  
      
    ) dbt_internal_test
[0m18:57:04.300658 [debug] [Thread-1 (]: SQL status: SELECT 1 in 0.006 seconds
[0m18:57:04.302527 [debug] [Thread-1 (]: On test.enpal_assessment_project.not_null_int_activity_events_activity_type_name.aac9782f6f: ROLLBACK
[0m18:57:04.303782 [debug] [Thread-1 (]: On test.enpal_assessment_project.not_null_int_activity_events_activity_type_name.aac9782f6f: Close
[0m18:57:04.304893 [info ] [Thread-1 (]: 2 of 6 PASS not_null_int_activity_events_activity_type_name .................... [[32mPASS[0m in 0.05s]
[0m18:57:04.305920 [debug] [Thread-1 (]: Finished running node test.enpal_assessment_project.not_null_int_activity_events_activity_type_name.aac9782f6f
[0m18:57:04.307040 [debug] [Thread-1 (]: Began running node test.enpal_assessment_project.not_null_int_activity_events_deal_id.97a6a265da
[0m18:57:04.307591 [info ] [Thread-1 (]: 3 of 6 START test not_null_int_activity_events_deal_id ......................... [RUN]
[0m18:57:04.308287 [debug] [Thread-1 (]: Re-using an available connection from the pool (formerly test.enpal_assessment_project.not_null_int_activity_events_activity_type_name.aac9782f6f, now test.enpal_assessment_project.not_null_int_activity_events_deal_id.97a6a265da)
[0m18:57:04.309110 [debug] [Thread-1 (]: Began compiling node test.enpal_assessment_project.not_null_int_activity_events_deal_id.97a6a265da
[0m18:57:04.316027 [debug] [Thread-1 (]: Writing injected SQL for node "test.enpal_assessment_project.not_null_int_activity_events_deal_id.97a6a265da"
[0m18:57:04.316998 [debug] [Thread-1 (]: Began executing node test.enpal_assessment_project.not_null_int_activity_events_deal_id.97a6a265da
[0m18:57:04.320331 [debug] [Thread-1 (]: Writing runtime sql for node "test.enpal_assessment_project.not_null_int_activity_events_deal_id.97a6a265da"
[0m18:57:04.321853 [debug] [Thread-1 (]: Using postgres connection "test.enpal_assessment_project.not_null_int_activity_events_deal_id.97a6a265da"
[0m18:57:04.322717 [debug] [Thread-1 (]: On test.enpal_assessment_project.not_null_int_activity_events_deal_id.97a6a265da: BEGIN
[0m18:57:04.323473 [debug] [Thread-1 (]: Opening a new connection, currently in state closed
[0m18:57:04.341751 [debug] [Thread-1 (]: SQL status: BEGIN in 0.018 seconds
[0m18:57:04.344780 [debug] [Thread-1 (]: Using postgres connection "test.enpal_assessment_project.not_null_int_activity_events_deal_id.97a6a265da"
[0m18:57:04.346183 [debug] [Thread-1 (]: On test.enpal_assessment_project.not_null_int_activity_events_deal_id.97a6a265da: /* {"app": "dbt", "dbt_version": "1.10.13", "profile_name": "enpal_assessment_project", "target_name": "dev", "node_id": "test.enpal_assessment_project.not_null_int_activity_events_deal_id.97a6a265da"} */

    select
      count(*) as failures,
      count(*) != 0 as should_warn,
      count(*) != 0 as should_error
    from (
      
    
  
    
    



select deal_id
from "postgres"."public_pipedrive_analytics"."int_activity_events"
where deal_id is null



  
  
      
    ) dbt_internal_test
[0m18:57:04.352219 [debug] [Thread-1 (]: SQL status: SELECT 1 in 0.005 seconds
[0m18:57:04.353962 [debug] [Thread-1 (]: On test.enpal_assessment_project.not_null_int_activity_events_deal_id.97a6a265da: ROLLBACK
[0m18:57:04.355162 [debug] [Thread-1 (]: On test.enpal_assessment_project.not_null_int_activity_events_deal_id.97a6a265da: Close
[0m18:57:04.356087 [info ] [Thread-1 (]: 3 of 6 PASS not_null_int_activity_events_deal_id ............................... [[32mPASS[0m in 0.05s]
[0m18:57:04.357298 [debug] [Thread-1 (]: Finished running node test.enpal_assessment_project.not_null_int_activity_events_deal_id.97a6a265da
[0m18:57:04.358045 [debug] [Thread-1 (]: Began running node test.enpal_assessment_project.not_null_int_stage_transitions_change_time.1a43b404da
[0m18:57:04.358918 [info ] [Thread-1 (]: 4 of 6 START test not_null_int_stage_transitions_change_time ................... [RUN]
[0m18:57:04.359975 [debug] [Thread-1 (]: Re-using an available connection from the pool (formerly test.enpal_assessment_project.not_null_int_activity_events_deal_id.97a6a265da, now test.enpal_assessment_project.not_null_int_stage_transitions_change_time.1a43b404da)
[0m18:57:04.360537 [debug] [Thread-1 (]: Began compiling node test.enpal_assessment_project.not_null_int_stage_transitions_change_time.1a43b404da
[0m18:57:04.366488 [debug] [Thread-1 (]: Writing injected SQL for node "test.enpal_assessment_project.not_null_int_stage_transitions_change_time.1a43b404da"
[0m18:57:04.367380 [debug] [Thread-1 (]: Began executing node test.enpal_assessment_project.not_null_int_stage_transitions_change_time.1a43b404da
[0m18:57:04.370541 [debug] [Thread-1 (]: Writing runtime sql for node "test.enpal_assessment_project.not_null_int_stage_transitions_change_time.1a43b404da"
[0m18:57:04.372128 [debug] [Thread-1 (]: Using postgres connection "test.enpal_assessment_project.not_null_int_stage_transitions_change_time.1a43b404da"
[0m18:57:04.372900 [debug] [Thread-1 (]: On test.enpal_assessment_project.not_null_int_stage_transitions_change_time.1a43b404da: BEGIN
[0m18:57:04.373532 [debug] [Thread-1 (]: Opening a new connection, currently in state closed
[0m18:57:04.390184 [debug] [Thread-1 (]: SQL status: BEGIN in 0.016 seconds
[0m18:57:04.391438 [debug] [Thread-1 (]: Using postgres connection "test.enpal_assessment_project.not_null_int_stage_transitions_change_time.1a43b404da"
[0m18:57:04.393527 [debug] [Thread-1 (]: On test.enpal_assessment_project.not_null_int_stage_transitions_change_time.1a43b404da: /* {"app": "dbt", "dbt_version": "1.10.13", "profile_name": "enpal_assessment_project", "target_name": "dev", "node_id": "test.enpal_assessment_project.not_null_int_stage_transitions_change_time.1a43b404da"} */

    select
      count(*) as failures,
      count(*) != 0 as should_warn,
      count(*) != 0 as should_error
    from (
      
    
  
    
    



select change_time
from "postgres"."public_pipedrive_analytics"."int_stage_transitions"
where change_time is null



  
  
      
    ) dbt_internal_test
[0m18:57:04.398788 [debug] [Thread-1 (]: SQL status: SELECT 1 in 0.004 seconds
[0m18:57:04.401333 [debug] [Thread-1 (]: On test.enpal_assessment_project.not_null_int_stage_transitions_change_time.1a43b404da: ROLLBACK
[0m18:57:04.402544 [debug] [Thread-1 (]: On test.enpal_assessment_project.not_null_int_stage_transitions_change_time.1a43b404da: Close
[0m18:57:04.403426 [info ] [Thread-1 (]: 4 of 6 PASS not_null_int_stage_transitions_change_time ......................... [[32mPASS[0m in 0.04s]
[0m18:57:04.404383 [debug] [Thread-1 (]: Finished running node test.enpal_assessment_project.not_null_int_stage_transitions_change_time.1a43b404da
[0m18:57:04.405136 [debug] [Thread-1 (]: Began running node test.enpal_assessment_project.not_null_int_stage_transitions_deal_id.9f308921ed
[0m18:57:04.406103 [info ] [Thread-1 (]: 5 of 6 START test not_null_int_stage_transitions_deal_id ....................... [RUN]
[0m18:57:04.406808 [debug] [Thread-1 (]: Re-using an available connection from the pool (formerly test.enpal_assessment_project.not_null_int_stage_transitions_change_time.1a43b404da, now test.enpal_assessment_project.not_null_int_stage_transitions_deal_id.9f308921ed)
[0m18:57:04.407364 [debug] [Thread-1 (]: Began compiling node test.enpal_assessment_project.not_null_int_stage_transitions_deal_id.9f308921ed
[0m18:57:04.417044 [debug] [Thread-1 (]: Writing injected SQL for node "test.enpal_assessment_project.not_null_int_stage_transitions_deal_id.9f308921ed"
[0m18:57:04.417967 [debug] [Thread-1 (]: Began executing node test.enpal_assessment_project.not_null_int_stage_transitions_deal_id.9f308921ed
[0m18:57:04.420981 [debug] [Thread-1 (]: Writing runtime sql for node "test.enpal_assessment_project.not_null_int_stage_transitions_deal_id.9f308921ed"
[0m18:57:04.421910 [debug] [Thread-1 (]: Using postgres connection "test.enpal_assessment_project.not_null_int_stage_transitions_deal_id.9f308921ed"
[0m18:57:04.422389 [debug] [Thread-1 (]: On test.enpal_assessment_project.not_null_int_stage_transitions_deal_id.9f308921ed: BEGIN
[0m18:57:04.422830 [debug] [Thread-1 (]: Opening a new connection, currently in state closed
[0m18:57:04.439710 [debug] [Thread-1 (]: SQL status: BEGIN in 0.017 seconds
[0m18:57:04.441444 [debug] [Thread-1 (]: Using postgres connection "test.enpal_assessment_project.not_null_int_stage_transitions_deal_id.9f308921ed"
[0m18:57:04.444150 [debug] [Thread-1 (]: On test.enpal_assessment_project.not_null_int_stage_transitions_deal_id.9f308921ed: /* {"app": "dbt", "dbt_version": "1.10.13", "profile_name": "enpal_assessment_project", "target_name": "dev", "node_id": "test.enpal_assessment_project.not_null_int_stage_transitions_deal_id.9f308921ed"} */

    select
      count(*) as failures,
      count(*) != 0 as should_warn,
      count(*) != 0 as should_error
    from (
      
    
  
    
    



select deal_id
from "postgres"."public_pipedrive_analytics"."int_stage_transitions"
where deal_id is null



  
  
      
    ) dbt_internal_test
[0m18:57:04.449021 [debug] [Thread-1 (]: SQL status: SELECT 1 in 0.003 seconds
[0m18:57:04.451253 [debug] [Thread-1 (]: On test.enpal_assessment_project.not_null_int_stage_transitions_deal_id.9f308921ed: ROLLBACK
[0m18:57:04.452764 [debug] [Thread-1 (]: On test.enpal_assessment_project.not_null_int_stage_transitions_deal_id.9f308921ed: Close
[0m18:57:04.453791 [info ] [Thread-1 (]: 5 of 6 PASS not_null_int_stage_transitions_deal_id ............................. [[32mPASS[0m in 0.05s]
[0m18:57:04.454720 [debug] [Thread-1 (]: Finished running node test.enpal_assessment_project.not_null_int_stage_transitions_deal_id.9f308921ed
[0m18:57:04.455326 [debug] [Thread-1 (]: Began running node test.enpal_assessment_project.not_null_int_stage_transitions_stage_name.ec3be79512
[0m18:57:04.456223 [info ] [Thread-1 (]: 6 of 6 START test not_null_int_stage_transitions_stage_name .................... [RUN]
[0m18:57:04.456932 [debug] [Thread-1 (]: Re-using an available connection from the pool (formerly test.enpal_assessment_project.not_null_int_stage_transitions_deal_id.9f308921ed, now test.enpal_assessment_project.not_null_int_stage_transitions_stage_name.ec3be79512)
[0m18:57:04.457444 [debug] [Thread-1 (]: Began compiling node test.enpal_assessment_project.not_null_int_stage_transitions_stage_name.ec3be79512
[0m18:57:04.465240 [debug] [Thread-1 (]: Writing injected SQL for node "test.enpal_assessment_project.not_null_int_stage_transitions_stage_name.ec3be79512"
[0m18:57:04.466491 [debug] [Thread-1 (]: Began executing node test.enpal_assessment_project.not_null_int_stage_transitions_stage_name.ec3be79512
[0m18:57:04.469684 [debug] [Thread-1 (]: Writing runtime sql for node "test.enpal_assessment_project.not_null_int_stage_transitions_stage_name.ec3be79512"
[0m18:57:04.470635 [debug] [Thread-1 (]: Using postgres connection "test.enpal_assessment_project.not_null_int_stage_transitions_stage_name.ec3be79512"
[0m18:57:04.471114 [debug] [Thread-1 (]: On test.enpal_assessment_project.not_null_int_stage_transitions_stage_name.ec3be79512: BEGIN
[0m18:57:04.471552 [debug] [Thread-1 (]: Opening a new connection, currently in state closed
[0m18:57:04.490464 [debug] [Thread-1 (]: SQL status: BEGIN in 0.019 seconds
[0m18:57:04.492235 [debug] [Thread-1 (]: Using postgres connection "test.enpal_assessment_project.not_null_int_stage_transitions_stage_name.ec3be79512"
[0m18:57:04.492965 [debug] [Thread-1 (]: On test.enpal_assessment_project.not_null_int_stage_transitions_stage_name.ec3be79512: /* {"app": "dbt", "dbt_version": "1.10.13", "profile_name": "enpal_assessment_project", "target_name": "dev", "node_id": "test.enpal_assessment_project.not_null_int_stage_transitions_stage_name.ec3be79512"} */

    select
      count(*) as failures,
      count(*) != 0 as should_warn,
      count(*) != 0 as should_error
    from (
      
    
  
    
    



select stage_name
from "postgres"."public_pipedrive_analytics"."int_stage_transitions"
where stage_name is null



  
  
      
    ) dbt_internal_test
[0m18:57:04.512990 [debug] [Thread-1 (]: SQL status: SELECT 1 in 0.019 seconds
[0m18:57:04.516490 [debug] [Thread-1 (]: On test.enpal_assessment_project.not_null_int_stage_transitions_stage_name.ec3be79512: ROLLBACK
[0m18:57:04.517766 [debug] [Thread-1 (]: On test.enpal_assessment_project.not_null_int_stage_transitions_stage_name.ec3be79512: Close
[0m18:57:04.518965 [info ] [Thread-1 (]: 6 of 6 PASS not_null_int_stage_transitions_stage_name .......................... [[32mPASS[0m in 0.06s]
[0m18:57:04.520169 [debug] [Thread-1 (]: Finished running node test.enpal_assessment_project.not_null_int_stage_transitions_stage_name.ec3be79512
[0m18:57:04.521933 [debug] [MainThread]: Using postgres connection "master"
[0m18:57:04.522409 [debug] [MainThread]: On master: BEGIN
[0m18:57:04.522814 [debug] [MainThread]: Opening a new connection, currently in state closed
[0m18:57:04.541923 [debug] [MainThread]: SQL status: BEGIN in 0.019 seconds
[0m18:57:04.543355 [debug] [MainThread]: On master: COMMIT
[0m18:57:04.544524 [debug] [MainThread]: Using postgres connection "master"
[0m18:57:04.545048 [debug] [MainThread]: On master: COMMIT
[0m18:57:04.546204 [debug] [MainThread]: SQL status: COMMIT in 0.001 seconds
[0m18:57:04.546703 [debug] [MainThread]: On master: Close
[0m18:57:04.547265 [debug] [MainThread]: Connection 'master' was properly closed.
[0m18:57:04.547729 [debug] [MainThread]: Connection 'test.enpal_assessment_project.not_null_int_stage_transitions_stage_name.ec3be79512' was properly closed.
[0m18:57:04.548326 [info ] [MainThread]: 
[0m18:57:04.548867 [info ] [MainThread]: Finished running 6 data tests in 0 hours 0 minutes and 0.60 seconds (0.60s).
[0m18:57:04.550879 [debug] [MainThread]: Command end result
[0m18:57:04.592094 [debug] [MainThread]: Wrote artifact WritableManifest to /Users/macbook/Desktop/ENPAL/Take-Home-Assessment/REPO/dbt_enpal_assessment/target/manifest.json
[0m18:57:04.594288 [debug] [MainThread]: Wrote artifact SemanticManifest to /Users/macbook/Desktop/ENPAL/Take-Home-Assessment/REPO/dbt_enpal_assessment/target/semantic_manifest.json
[0m18:57:04.603659 [debug] [MainThread]: Wrote artifact RunExecutionResult to /Users/macbook/Desktop/ENPAL/Take-Home-Assessment/REPO/dbt_enpal_assessment/target/run_results.json
[0m18:57:04.604378 [info ] [MainThread]: 
[0m18:57:04.605021 [info ] [MainThread]: [32mCompleted successfully[0m
[0m18:57:04.605546 [info ] [MainThread]: 
[0m18:57:04.606067 [info ] [MainThread]: Done. PASS=6 WARN=0 ERROR=0 SKIP=0 NO-OP=0 TOTAL=6
[0m18:57:04.607742 [debug] [MainThread]: Resource report: {"command_name": "test", "command_success": true, "command_wall_clock_time": 1.8457311, "process_in_blocks": "0", "process_kernel_time": 0.434661, "process_mem_max_rss": "121651200", "process_out_blocks": "0", "process_user_time": 2.934024}
[0m18:57:04.608373 [debug] [MainThread]: Command `dbt test` succeeded at 18:57:04.608231 after 1.85 seconds
[0m18:57:04.609138 [debug] [MainThread]: Sending event: {'category': 'dbt', 'action': 'invocation', 'label': 'end', 'context': [<snowplow_tracker.self_describing_json.SelfDescribingJson object at 0x7f86ba4b4580>, <snowplow_tracker.self_describing_json.SelfDescribingJson object at 0x7f86ba678940>, <snowplow_tracker.self_describing_json.SelfDescribingJson object at 0x7f86bcf135e0>]}
[0m18:57:04.610493 [debug] [MainThread]: Flushing usage events
[0m18:57:05.234916 [debug] [MainThread]: An error was encountered while trying to flush usage events
